title,genres,overview,keywords,director,cast,year,vote_average,poster_url
Inception,Action Thriller Science Fiction Mystery Adventure,"Cobb, a skilled thief who commits corporate espionage by infiltrating the subconscious of his targets is offered a chance to regain his old life as payment for a task considered to be impossible: ""inception"", the implantation of another person's idea into a target's subconscious.",loss of lover dream kidnapping sleep subconsciousness heist redemption female hero,Christopher Nolan,Leonardo DiCaprio Joseph Gordon-Levitt Ellen Page,2010,8.1,https://image.tmdb.org/t/p/w500/qmDpIHrmpJINaRKAfWQfftjCdyi.jpg
The Dark Knight,Drama Action Crime Thriller,"Batman raises the stakes in his war on crime. With the help of Lt. Jim Gordon and District Attorney Harvey Dent, Batman sets out to dismantle the remaining criminal organizations that plague the streets. The partnership proves to be effective, but they soon find themselves prey to a reign of chaos unleashed by a rising criminal mastermind known to the terrified citizens of Gotham as the Joker.",dc comics crime fighter secret identity scarecrow sadism chaos gotham city vigilante joker superhero based on comic tragic hero organized crime criminal mastermind district attorney imax super villain super powers batman,Christopher Nolan,Christian Bale Michael Caine Heath Ledger,2008,8.3,https://image.tmdb.org/t/p/w500/1hRoyzDtpgMU7Dz4JF22RANzQO7.jpg
Avatar,Action Adventure Fantasy Science Fiction,"In the 22nd century, a paraplegic Marine is dispatched to the moon Pandora on a unique mission, but becomes torn between following orders and protecting an alien civilization.",culture clash future space war space colony society space travel futuristic romance space alien tribe alien planet cgi marine soldier battle love affair anti war power relations mind and soul 3d,James Cameron,Sam Worthington Zoe Saldana Sigourney Weaver,2009,7.2,https://image.tmdb.org/t/p/w500/kmcqlZGaSh20zpTbuoF0Cdn07dT.jpg
The Avengers,Science Fiction Action Adventure,"When an unexpected enemy emerges and threatens global safety and security, Nick Fury, director of the international peacekeeping agency known as S.H.I.E.L.D., finds himself in need of a team to pull the world back from the brink of disaster. Spanning the globe, a daring recruitment effort begins!",new york shield marvel comic superhero based on comic alien invasion superhero team aftercreditsstinger duringcreditsstinger marvel cinematic universe,Joss Whedon,Robert Downey Jr. Chris Evans Mark Ruffalo,2012,7.4,https://image.tmdb.org/t/p/w500/cezWGskPY5x7GaglTTRN4Fugfb8.jpg
Deadpool,Action Adventure Comedy,"Deadpool tells the origin story of former Special Forces operative turned mercenary Wade Wilson, who after being subjected to a rogue experiment that leaves him with accelerated healing powers, adopts the alter ego Deadpool. Armed with his new abilities and a dark, twisted sense of humor, Deadpool hunts down the man who nearly destroyed his life.",anti hero mercenary marvel comic superhero based on comic breaking the fourth wall aftercreditsstinger duringcreditsstinger self healing,Tim Miller,Ryan Reynolds Morena Baccarin Ed Skrein,2016,7.4,https://image.tmdb.org/t/p/w500/inVq3FRqcYIRl2la8iZikYYxFNR.jpg
Interstellar,Adventure Drama Science Fiction,Interstellar chronicles the adventures of a group of explorers who make use of a newly discovered wormhole to surpass the limitations on human space travel and conquer the vast distances involved in an interstellar voyage.,saving the world artificial intelligence father son relationship single parent nasa expedition wormhole space travel famine black hole dystopia race against time quantum mechanics spaceship space rescue family relationships farmhouse robot astronaut scientist father daughter relationship single father farmer space station imax astrophysics zero gravity courage time paradox relativity,Christopher Nolan,Matthew McConaughey Jessica Chastain Anne Hathaway,2014,8.1,https://image.tmdb.org/t/p/w500/nBNZadXqJSdt05SHLqgT0HuC5Gm.jpg
Django Unchained,Drama Western,"With the help of a German bounty hunter, a freed slave sets out to rescue his wife from a brutal Mississippi plantation owner.",bounty hunter hero plantation society friendship friends revenge rivalry rescue shootout racism danger dentist django dual role aftercreditsstinger odd couple black slave deadly chases and races 19th century,Quentin Tarantino,Jamie Foxx Christoph Waltz Leonardo DiCaprio,2012,7.8,https://image.tmdb.org/t/p/w500/5WJnxuw41sddupf8cwOxYftuvJG.jpg
Guardians of the Galaxy,Action Science Fiction Adventure,"Light years from Earth, 26 years after being abducted, Peter Quill finds himself the prime target of a manhunt after discovering an orb wanted by Ronan the Accuser.",marvel comic spaceship space outer space orphan adventurer aftercreditsstinger duringcreditsstinger marvel cinematic universe,James Gunn,Chris Pratt Zoe Saldana Dave Bautista,2014,7.9,https://image.tmdb.org/t/p/w500/y31QB9kn3XSudA15tV7UWQ9XLuW.jpg
Fight Club,Drama,"A ticking-time-bomb insomniac and a slippery soap salesman channel primal male aggression into a shocking new form of therapy. Their concept catches on, with underground ""fight clubs"" forming in every town, until an eccentric gets in the way and ignites an out-of-control spiral toward oblivion.",support group dual identity nihilism rage and hate insomnia dystopia violence,David Fincher,Edward Norton Brad Pitt Meat Loaf,1999,8.3,https://image.tmdb.org/t/p/w500/adw6Lq9FiC9zjYEpOqfq03ituwp.jpg
The Hunger Games,Science Fiction Adventure Fantasy,"Every year in the ruins of what was once North America, the nation of Panem forces each of its twelve districts to send a teenage boy and girl to compete in the Hunger Games.  Part twisted entertainment, part government intimidation tactic, the Hunger Games are a nationally televised event in which “Tributes” must fight with one another until one survivor remains.  Pitted against highly-trained Tributes who have prepared for these Games their entire lives, Katniss is forced to rely upon her sharp instincts as well as the mentorship of drunken former victor Haymitch Abernathy.  If she’s ever to return home to District 12, Katniss must make impossible choices in the arena that weigh survival against humanity and life against love. The world will be watching.",hallucination dystopia female protagonist bow and arrow knife throwing knife fight game archery blindness glamour roasted pig sponsor chariot fictional tv show mine explosion based on young adult novel,Gary Ross,Jennifer Lawrence Josh Hutcherson Liam Hemsworth,2012,6.9,https://image.tmdb.org/t/p/w500/iLJdwmzrHFjFwI5lvYAT1gcpRuA.jpg
Mad Max: Fury Road,Action Adventure Science Fiction Thriller,"An apocalyptic story set in the furthest reaches of our planet, in a stark desert landscape where humanity is broken, and most everyone is crazed fighting for the necessities of life. Within this world exist two rebels on the run who just might be able to restore order. There's Max, a man of action and a man of few words, who seeks peace of mind following the loss of his wife and child in the aftermath of the chaos. And Furiosa, a woman of action and a woman who believes her path to survival may be achieved if she can make it across the desert back to her childhood homeland.",future chase post-apocalyptic dystopia australia rescue survival on the run convoy peak oil dark future,George Miller,Tom Hardy Charlize Theron Nicholas Hoult,2015,7.3,https://image.tmdb.org/t/p/w500/kqjL17yufvn9OVLyXYpvtyrFfak.jpg
The Dark Knight Rises,Action Crime Drama Thriller,"Following the death of District Attorney Harvey Dent, Batman assumes responsibility for Dent's crimes to protect the late attorney's reputation and is subsequently hunted by the Gotham City Police Department. Eight years later, Batman encounters the mysterious Selina Kyle and the villainous Bane, a new terrorist leader who overwhelms Gotham's finest. The Dark Knight resurfaces to protect a city that has branded him an enemy.",dc comics crime fighter terrorist secret identity burglar hostage drama time bomb gotham city vigilante cover-up superhero villainess tragic hero terrorism destruction catwoman cat burglar imax flood criminal underworld batman,Christopher Nolan,Christian Bale Michael Caine Gary Oldman,2012,7.6,https://image.tmdb.org/t/p/w500/dEYnvnUfXrqvqeRSqvIEtmzhoA8.jpg
The Matrix,Action Science Fiction,"Set in the 22nd century, The Matrix tells the story of a computer hacker who joins a group of underground insurgents fighting the vast and powerful computers who now rule the earth.",saving the world artificial intelligence man vs machine philosophy prophecy martial arts self sacrifice fight insurgence virtual reality dystopia truth cyberpunk woman director messiah gnosticism,Lana Wachowski,Keanu Reeves Laurence Fishburne Carrie-Anne Moss,1999,7.9,https://image.tmdb.org/t/p/w500/hEpWvX6Bp79eLxY1kX5ZZJcme5U.jpg
Iron Man,Action Science Fiction Adventure,"After being held captive in an Afghan cave, billionaire engineer Tony Stark creates a unique weaponized suit of armor to fight evil.",middle east arms dealer malibu marvel comic superhero based on comic tony stark iron man aftercreditsstinger marvel cinematic universe counter terrorism agent coulson,Jon Favreau,Robert Downey Jr. Terrence Howard Jeff Bridges,2008,7.4,https://image.tmdb.org/t/p/w500/848chlIWVT41VtAAgyh9bWymAYb.jpg
Iron Man 3,Action Adventure Science Fiction,"When Tony Stark's world is torn apart by a formidable terrorist called the Mandarin, he starts an odyssey of rebuilding and retribution.",terrorist war on terror tennessee malibu marvel comic superhero based on comic tony stark iron man aftercreditsstinger marvel cinematic universe mandarin 3d war machine iron patriot extremis,Shane Black,Robert Downey Jr. Gwyneth Paltrow Don Cheadle,2013,6.8,https://image.tmdb.org/t/p/w500/1Ilv6ryHUv6rt9zIsbSEJUmmbEi.jpg
The Lord of the Rings: The Fellowship of the Ring,Adventure Fantasy Action,"Young hobbit Frodo Baggins, after inheriting a mysterious ring from his uncle Bilbo, must leave his home in order to keep it from falling into the hands of its evil creator. Along the way, a fellowship is formed to protect the ringbearer and make sure that the ring arrives at its final destination: Mt. Doom, the only place where it can be destroyed.",elves dwarves orcs middle-earth (tolkien) hobbit based on novel mountain fireworks castle volcano password death of a friend uncle mirror wizard sword and sorcery,Peter Jackson,Elijah Wood Ian McKellen Cate Blanchett,2001,8.0,https://image.tmdb.org/t/p/w500/bxVxZb5O9OxCO0oRUNdCnpy9NST.jpg
Jurassic World,Action Adventure Science Fiction Thriller,"Twenty-two years after the events of Jurassic Park, Isla Nublar now features a fully functioning dinosaur theme park, Jurassic World, as originally envisioned by John Hammond.",monster dna tyrannosaurus rex velociraptor island sequel suspense disaster escape dinosaur amusement park animal attack theme park jurassic park 3d animal horror,Colin Trevorrow,Chris Pratt Bryce Dallas Howard Irrfan Khan,2015,6.5,https://image.tmdb.org/t/p/w500/jjBgi2r5cRt36xF6iNUEhzscEcb.jpg
Pulp Fiction,Thriller Crime,"A burger-loving hit man, his philosophical partner, a drug-addled gangster's moll and a washed-up boxer converge in this sprawling, comedic crime caper. Their adventures unfurl in three stories that ingeniously trip back and forth in time.",transporter brothel drug dealer boxer massage stolen money crime boss dance contest junkyard kamikaze ambiguous ending briefcase redemption heirloom pulp fiction reference to al green theft brutality,Quentin Tarantino,John Travolta Samuel L. Jackson Uma Thurman,1994,8.3,https://image.tmdb.org/t/p/w500/dM2w364MScsjFf8pfMbaWUcWrR.jpg
The Hobbit: An Unexpected Journey,Adventure Fantasy Action,"Bilbo Baggins, a hobbit enjoying his quiet life, is swept into an epic quest by Gandalf the Grey and thirteen dwarves who seek to reclaim their mountain home from Smaug, the dragon.",riddle elves dwarves orcs middle-earth (tolkien) hobbit mountain wizard journey ring goblin courage giant tunnel underground lake buried treasure climbing a tree invisibility ancient gnomes,Peter Jackson,Ian McKellen Martin Freeman Richard Armitage,2012,7.0,https://image.tmdb.org/t/p/w500/ysX7vDmSh5O19vFjAi56WL7l4nk.jpg
The Shawshank Redemption,Drama Crime,"Framed in the 1940s for the double murder of his wife and her lover, upstanding banker Andy Dufresne begins a new life at the Shawshank prison, where he puts his accounting skills to work for an amoral warden. During his long stretch in prison, Dufresne comes to be admired by the other inmates -- including an older prisoner named Red -- for his integrity and unquenchable sense of hope.",prison corruption police brutality prison cell delinquent parole board escape from prison wrongful imprisonment framed for murder 1940s,Frank Darabont,Tim Robbins Morgan Freeman Bob Gunton,1994,8.5,https://image.tmdb.org/t/p/w500/9O7gLzmreU0nGkIB6K3BsJbzvNv.jpg
The Lord of the Rings: The Return of the King,Adventure Fantasy Action,"Aragorn is revealed as the heir to the ancient kings as he, Gandalf and the other members of the broken fellowship struggle to save Gondor from Sauron's forces. Meanwhile, Frodo and Sam bring the ring closer to the heart of Mordor, the dark lord's realm.",elves orcs middle-earth (tolkien) based on novel suspicion bravery war honor troll brutality violence ghost end of trilogy quest sword and sorcery,Peter Jackson,Elijah Wood Ian McKellen Viggo Mortensen,2003,8.1,https://image.tmdb.org/t/p/w500/uexxR7Kw1qYbZk0RYaF9Rx5ykbj.jpg
Forrest Gump,Comedy Drama Romance,"A man with a low IQ has accomplished great things in his life and been present during significant historic events - in each case, far exceeding what anyone imagined he could do. Yet, despite all the things he has attained, his one true love eludes him. 'Forrest Gump' is the story of a man who rose above his challenges, and who proved that determination, courage, and love are more important than ability.",vietnam veteran hippie mentally disabled running based on novel vietnam vietnam war friendship love family relationships bully mother son relationship military hugging shrimping wounded soldier flashback park bench amputee,Robert Zemeckis,Tom Hanks Robin Wright Gary Sinise,1994,8.2,https://image.tmdb.org/t/p/w500/yE5d3BUhE8hCnkMUJOo1QDoOGNz.jpg
Star Wars: The Force Awakens,Action Adventure Science Fiction Fantasy,"Thirty years after defeating the Galactic Empire, Han Solo and his allies face a new threat from the evil Kylo Ren and his army of Stormtroopers.",android spaceship jedi imax space opera 3d,J.J. Abrams,Daisy Ridley John Boyega Adam Driver,2015,7.5,https://image.tmdb.org/t/p/w500/weUSwMdQIa3NaXVzwUoIIcAi85d.jpg
Titanic,Drama Romance Thriller,"84 years later, a 101-year-old woman named Rose DeWitt Bukater tells the story to her granddaughter Lizzy Calvert, Brock Lovett, Lewis Bodine, Bobby Buell and Anatoly Mikailavich on the Keldysh about her life set in April 10th 1912, on a ship called Titanic when young Rose boards the departing ship with the upper-class passengers and her mother, Ruth DeWitt Bukater, and her fiancé, Caledon Hockley. Meanwhile, a drifter and artist named Jack Dawson and his best friend Fabrizio De Rossi win third-class tickets to the ship in a game. And she explains the whole story from departure until the death of Titanic on its first and last voyage April 15th, 1912 at 2:20 in the morning.",shipwreck iceberg ship panic titanic ocean liner epic rich woman - poor man love disaster tragic love class differences imax star crossed lovers steerage salvage rich snob 3d 1910s,James Cameron,Kate Winslet Leonardo DiCaprio Frances Fisher,1997,7.5,https://image.tmdb.org/t/p/w500/kHXEpyfl6zqn8a6YuozZUujufXf.jpg
Skyfall,Action Adventure Thriller,"When Bond's latest assignment goes gravely wrong and agents around the world are exposed, MI6 is attacked forcing M to relocate the agency. These events cause her authority and position to be challenged by Gareth Mallory, the new Chairman of the Intelligence and Security Committee. With MI6 now compromised from both inside and out, M is left with one ally she can trust: Bond. 007 takes to the shadows - aided only by field agent, Eve - following a trail to the mysterious Silva, whose lethal and hidden motives have yet to reveal themselves.",spy secret agent sociopath killer art gallery british secret service istanbul turkey imax uzi booby trap impersonating a police officer macao,Sam Mendes,Daniel Craig Judi Dench Javier Bardem,2012,6.9,https://image.tmdb.org/t/p/w500/9qUcmHiPpfTJTacyZyxfGTnSz0V.jpg
Suicide Squad,Action Adventure Crime Fantasy Science Fiction,"From DC Comics comes the Suicide Squad, an antihero team of incarcerated supervillains who act as deniable assets for the United States government, undertaking high-risk black ops missions in exchange for commuted prison sentences.",dc comics shared universe anti hero secret mission villain superhero supervillain dc extended universe,David Ayer,Will Smith Margot Robbie Joel Kinnaman,2016,5.9,https://image.tmdb.org/t/p/w500/e1mjopzAS2KNsvpbpahQ1a6SkSn.jpg
The Lord of the Rings: The Two Towers,Adventure Fantasy Action,"Frodo and Sam are trekking to Mordor to destroy the One Ring of Power while Gimli, Legolas and Aragorn search for the orc-captured Merry and Pippin. All along, nefarious wizard Saruman awaits the Fellowship members at the Orthanc Tower in Isengard.",elves orcs middle-earth (tolkien) hobbit based on novel explosive cave fort army mission attack guide wizard ring sword and sorcery,Peter Jackson,Elijah Wood Ian McKellen Viggo Mortensen,2002,8.0,https://image.tmdb.org/t/p/w500/wf3v0Pn09jnT5HSaYal7Ami3bdA.jpg
Batman Begins,Action Crime Drama,"Driven by tragedy, billionaire Bruce Wayne dedicates his life to uncovering and defeating the corruption that plagues his home, Gotham City.  Unable to work within the system, he instead creates a new identity, a symbol of fear for the criminal underworld - The Batman.",himalaya martial arts dc comics crime fighter secret identity undercover hero loss of father society gotham city vigilante superhero based on comic rivalry tragic hero ninja good vs evil crime super powers haunted by the past evil doctor escapade master villain fighting crime unfulfillment love and romance unfulfilled love,Christopher Nolan,Christian Bale Michael Caine Liam Neeson,2005,7.5,https://image.tmdb.org/t/p/w500/dr6x4GyyegBWtinPBzipY02J2lV.jpg
Captain America: Civil War,Adventure Action Science Fiction,"Following the events of Age of Ultron, the collective governments of the world pass an act designed to regulate all superhuman activity. This polarizes opinion amongst the Avengers, causing two factions to side with Iron Man or Captain America, which causes an epic battle between former allies.",civil war war marvel comic sequel superhero based on comic imax aftercreditsstinger duringcreditsstinger marvel cinematic universe 3d,Anthony Russo,Chris Evans Robert Downey Jr. Scarlett Johansson,2016,7.1,https://image.tmdb.org/t/p/w500/kSBXou5Ac7vEqKd97wotJumyJvU.jpg
The Martian,Drama Adventure Science Fiction,"During a manned mission to Mars, Astronaut Mark Watney is presumed dead after a fierce storm and left behind by his crew. But Watney has survived and finds himself stranded and alone on the hostile planet. With only meager supplies, he must draw upon his ingenuity, wit and spirit to subsist and find a way to signal to Earth that he is alive.",based on novel mars nasa isolation botanist stranded spaceship space engineering survival astronaut science deep space explorer duringcreditsstinger battle for survival,Ridley Scott,Matt Damon Jessica Chastain Kristen Wiig,2015,7.6,https://image.tmdb.org/t/p/w500/5aGhaIHYuQbqlHWvWYqMCnj40y2.jpg
Pirates of the Caribbean: The Curse of the Black Pearl,Adventure Fantasy Action,"Jack Sparrow, a freewheeling 17th-century pirate who roams the Caribbean Sea, butts heads with a rival pirate bent on pillaging the village of Port Royal. When the governor's daughter is kidnapped, Sparrow decides to help the girl's love save her. But their seafaring mission is hardly simple.",exotic island blacksmith east india trading company gold marriage proposal mutiny jamaica skeleton daughter governor wooden eye gold coin pirate alcoholic swashbuckler caribbean aftercreditsstinger pirate ship capuchin monkey tortuga,Gore Verbinski,Johnny Depp Geoffrey Rush Orlando Bloom,2003,7.5,https://image.tmdb.org/t/p/w500/tkt9xR1kNX5R9rCebASKck44si2.jpg
Batman v Superman: Dawn of Justice,Action Adventure Fantasy,"Fearing the actions of a god-like Super Hero left unchecked, Gotham City’s own formidable, forceful vigilante takes on Metropolis’s most revered, modern-day savior, while the world wrestles with what sort of hero it really needs. And with Batman and Superman at war with one another, a new threat quickly arises, putting mankind in greater danger than it’s ever known before.",dc comics vigilante superhero based on comic revenge super powers clark kent bruce wayne dc extended universe,Zack Snyder,Ben Affleck Henry Cavill Gal Gadot,2016,5.7,https://image.tmdb.org/t/p/w500/cGOPbv9wA5gEejkUN892JrveARt.jpg
Harry Potter and the Philosopher's Stone,Adventure Fantasy Family,"Harry Potter has lived under the stairs at his aunt and uncle's house his whole life. But on his 11th birthday, he learns he's a powerful wizard -- with a place waiting for him at the Hogwarts School of Witchcraft and Wizardry. As he learns to harness his newfound powers with the help of the school's kindly headmaster, Harry uncovers the truth about his parents' deaths -- and about the villain who's to blame.",witch christmas party magic cutting the cord halloween child hero broom chosen one frog fantasy world based on young adult novel,Chris Columbus,Daniel Radcliffe Rupert Grint Emma Watson,2001,7.5,https://image.tmdb.org/t/p/w500/dCtFvscYcXQKTNvyyaQr2g2UacJ.jpg
Captain America: The First Avenger,Action Adventure Science Fiction,"Predominantly set during World War II, Steve Rogers is a sickly man from Brooklyn who's transformed into super-soldier Captain America to aid in the war effort. Rogers must stop the Red Skull – Adolf Hitler's ruthless head of weaponry, and the leader of an organization that intends to use a mysterious device of untold powers for world domination.",new york usa world war ii nazis marvel comic superhero based on comic nazi germany period drama brooklyn new york city captain america aftercreditsstinger marvel cinematic universe 3d,Joe Johnston,Chris Evans Hugo Weaving Tommy Lee Jones,2011,6.6,https://image.tmdb.org/t/p/w500/vSNxAJTlD0r02V9sPYpOjqDZXUK.jpg
Up,Animation Comedy Family Adventure,"Carl Fredricksen spent his entire life dreaming of exploring the globe and experiencing life to its fullest. But at age 78, life seems to have passed him by, until a twist of fate (and a persistent 8-year old Wilderness Explorer named Russell) gives him a new lease on life.",age difference central and south america balloon animation floating in the air duringcreditsstinger exploring,Pete Docter,Ed Asner Christopher Plummer Jordan Nagai,2009,7.8,https://image.tmdb.org/t/p/w500/nk11pvocdb5zbFhX5oq5YiLPYMo.jpg
Iron Man 2,Adventure Action Science Fiction,"With the world now aware of his dual life as the armored superhero Iron Man, billionaire inventor Tony Stark faces pressure from the government, the press and the public to share his technology with the military. Unwilling to let go of his invention, Stark, with Pepper Potts and James 'Rhodey' Rhodes at his side, must forge new alliances – and confront powerful enemies.",malibu marvel comic superhero based on comic revenge aftercreditsstinger marvel cinematic universe,Jon Favreau,Robert Downey Jr. Gwyneth Paltrow Don Cheadle,2010,6.6,https://image.tmdb.org/t/p/w500/ArqpkNYGfcTIA6umWt6xihfIZZv.jpg
Avengers: Age of Ultron,Action Adventure Science Fiction,"When Tony Stark tries to jumpstart a dormant peacekeeping program, things go awry and Earth’s Mightiest Heroes are put to the ultimate test as the fate of the planet hangs in the balance. As the villainous Ultron emerges, it is up to The Avengers to stop him from enacting his terrible plans, and soon uneasy alliances and unexpected action pave the way for an epic and unique global adventure.",marvel comic sequel superhero based on comic vision superhero team duringcreditsstinger marvel cinematic universe 3d,Joss Whedon,Robert Downey Jr. Chris Hemsworth Mark Ruffalo,2015,7.3,https://image.tmdb.org/t/p/w500/t90Y3G8UGQp0f0DrP60wRu9gfrH.jpg
Star Wars,Adventure Action Science Fiction,Princess Leia is captured and held hostage by the evil Imperial forces in their effort to take over the galactic Empire. Venturesome Luke Skywalker and dashing captain Han Solo team together with the loveable robot duo R2-D2 and C-3PO to rescue the beautiful princess and restore peace and justice in the Empire.,android galaxy hermit death star lightsaber jedi rescue mission empire rebellion planet smuggler the force space opera galactic war stormtrooper totalitarianism,George Lucas,Mark Hamill Harrison Ford Carrie Fisher,1977,8.1,https://image.tmdb.org/t/p/w500/btTdmkgIvOi0FFip1sPuZI2oQG6.jpg
The Wolf of Wall Street,Crime Drama Comedy,"A New York stockbroker refuses to cooperate in a large securities fraud case involving corruption on Wall Street, corporate banking world and mob infiltration. Based on Jordan Belfort's autobiography.",corruption sex sexuality bank humor biography wall street marriage crisis rise and fall stockbroker drug stock broker,Martin Scorsese,Leonardo DiCaprio Jonah Hill Margot Robbie,2013,7.9,https://image.tmdb.org/t/p/w500/vK1o5rZGqxyovfIhZyMELhk03wO.jpg
Inside Out,Drama Comedy Animation Family,"Growing up can be a bumpy road, and it's no exception for Riley, who is uprooted from her Midwest life when her father starts a new job in San Francisco. Like all of us, Riley is guided by her emotions - Joy, Fear, Anger, Disgust and Sadness. The emotions live in Headquarters, the control center inside Riley's mind, where they help advise her through everyday life. As Riley and her emotions struggle to adjust to a new life in San Francisco, turmoil ensues in Headquarters. Although Joy, Riley's main and most important emotion, tries to keep things positive, the emotions conflict on how best to navigate a new city, house and school.",dream cartoon imaginary friend animation family moving kids unicorn duringcreditsstinger 3d emotions,Pete Docter,Amy Poehler Phyllis Smith Richard Kind,2015,7.9,https://image.tmdb.org/t/p/w500/aAmfIX3TT40zUHGcCKrlOZRKC7u.jpg
The Amazing Spider-Man,Action Adventure Fantasy,"Peter Parker is an outcast high schooler abandoned by his parents as a boy, leaving him to be raised by his Uncle Ben and Aunt May. Like most teenagers, Peter is trying to figure out who he is and how he got to be the person he is today. As Peter discovers a mysterious briefcase that belonged to his father, he begins a quest to understand his parents' disappearance – leading him directly to Oscorp and the lab of Dr. Curt Connors, his father's former partner. As Spider-Man is set on a collision course with Connors' alter ego, The Lizard, Peter will make life-altering choices to use his powers and shape his destiny to become a hero.",loss of father vigilante serum marvel comic scientific experiment spider bite masked vigilante reboot super powers genetic engineering social outcast duringcreditsstinger,Marc Webb,Andrew Garfield Emma Stone Rhys Ifans,2012,6.5,https://image.tmdb.org/t/p/w500/eA2D86Y6VPWuUzZyatiLBwpTilQ.jpg
Thor,Adventure Fantasy Action,"Against his father Odin's will, The Mighty Thor - a powerful but arrogant warrior god - recklessly reignites an ancient war. Thor is cast down to Earth and forced to live among humans as punishment. Once here, Thor learns what it takes to be a true hero when the most dangerous villain of his world sends the darkest forces of Asgard to invade Earth.",new mexico banishment shield marvel comic hammer superhero based on comic redemption norse mythology aftercreditsstinger marvel cinematic universe 3d asgard odin heimdall,Kenneth Branagh,Chris Hemsworth Natalie Portman Tom Hiddleston,2011,6.6,https://image.tmdb.org/t/p/w500/bIuOWTtyFPjsFDevqvF3QrD1aun.jpg
The Hunger Games: Catching Fire,Adventure Action Science Fiction,"Katniss Everdeen has returned home safe after winning the 74th Annual Hunger Games along with fellow tribute Peeta Mellark. Winning means that they must turn around and leave their family and close friends, embarking on a ""Victor's Tour"" of the districts. Along the way Katniss senses that a rebellion is simmering, but the Capitol is still very much in control as President Snow prepares the 75th Annual Hunger Games (The Quarter Quell) - a competition that could change Panem forever.",competition based on novel mentor secret factory television propaganda future dystopia alliance games president uprising sequel murder survival conspiracy rebellion blood female protagonist tournament explosion danger imax winner based on young adult novel,Francis Lawrence,Jennifer Lawrence Josh Hutcherson Liam Hemsworth,2013,7.4,https://image.tmdb.org/t/p/w500/Hn0KgefVEp0GkdTexS6gfKTMfi.jpg
Inglourious Basterds,Drama Action Thriller War,"In Nazi-occupied France during World War II, a group of Jewish-American soldiers known as ""The Basterds"" are chosen specifically to spread fear throughout the Third Reich by scalping and brutally killing Nazis. The Basterds, lead by Lt. Aldo Raine soon cross paths with a French-Jewish teenage girl who runs a movie theater in Paris which is targeted by the soldiers.",paris guerrilla cinema self sacrifice dynamite mexican standoff world war ii jew persecution jew nazis masochism sadism scalp winston churchill knife in hand anti semitism gore swastika blood bath german occupation of france violence gun violence,Quentin Tarantino,Brad Pitt Mélanie Laurent Christoph Waltz,2009,7.9,https://image.tmdb.org/t/p/w500/ai0LXkzVM3hMjDhvFdKMUemoBe.jpg
Despicable Me,Animation Family,"Villainous Gru lives up to his reputation as a despicable, deplorable and downright unlikable guy when he hatches a plan to steal the moon from the sky. But he has a tough time staying on task after three orphans land in his care.",adoptive father orphanage life's dream rivalry stealing ballet little girl orphan father daughter relationship tomboy mother son relationship intelligent kids evil doctor duringcreditsstinger minions supervillain 3d despicable cattivissimo,Pierre Coffin,Steve Carell Jason Segel Russell Brand,2010,7.1,https://image.tmdb.org/t/p/w500/4zHJhBSY4kNZXfhTlmy2TzXD51M.jpg
Shutter Island,Drama Thriller Mystery,"World War II soldier-turned-U.S. Marshal Teddy Daniels investigates the disappearance of a patient from a hospital for the criminally insane, but his efforts are compromised by his troubling visions and also by a mysterious doctor.",based on novel island hurricane investigation psychiatric hospital u.s. marshal conspiracy theory 1950s,Martin Scorsese,Leonardo DiCaprio Mark Ruffalo Ben Kingsley,2010,7.8,https://image.tmdb.org/t/p/w500/aZqKsvpJDFy2UzUMsdskNFbfkOd.jpg
The Revenant,Western Drama Adventure Thriller,"In the 1820s, a frontiersman, Hugh Glass, sets out on a path of vengeance against those who left him for dead after a bear mauling.",father son relationship rape based on novel mountain winter grizzly bear wilderness frontier revenge murder native american survival bear snow violence animal death bear attack death of son based on true events fur trapper,Alejandro González Iñárritu,Leonardo DiCaprio Tom Hardy Will Poulter,2015,7.3,https://image.tmdb.org/t/p/w500/oXUWEc5i3wYyFnL1Ycu8ppxxPvs.jpg
Man of Steel,Action Adventure Fantasy Science Fiction,"A young boy learns that he has extraordinary powers and is not of this earth. As a young man, he journeys to discover where he came from and what he was sent here to do. But the hero in him must emerge if he is to save the world from annihilation and become the symbol of hope for all mankind.",saving the world dc comics superhero based on comic superhuman alien invasion reboot super powers dc extended universe,Zack Snyder,Henry Cavill Amy Adams Michael Shannon,2013,6.5,https://image.tmdb.org/t/p/w500/xWlaTLnD8NJMTT9PGOD9z5re1SL.jpg
WALL·E,Animation Family,"WALL·E is the last robot left on an Earth that has been overrun with garbage and all humans have fled to outer space. For 700 years he has continued to try and clean up the mess, but has developed some rather interesting human-like qualities. When a ship arrives with a sleek new type of robot, WALL·E thinks he's finally found a friend and stows away on the ship when it leaves.",romantic comedy,Andrew Stanton,Ben Burtt Elissa Knight Jeff Garlin,2008,7.8,https://image.tmdb.org/t/p/w500/9cJETuLMc6R0bTWRA5i7ctY9bxk.jpg
The Hangover,Comedy,"When three friends finally come to after a raucous night of bachelor-party revelry, they find a baby in the closet and a tiger in the bathroom. But they can't seem to locate their best friend, Doug – who's supposed to be tying the knot. Launching a frantic search for Doug, the trio perseveres through a nasty hangover to try to make it to the church on time.",underwear tiger stag night hangover lost weekend bag over head chapel hit with tire iron memory loss las vegas duringcreditsstinger elevator,Todd Phillips,Bradley Cooper Ed Helms Zach Galifianakis,2009,7.2,https://image.tmdb.org/t/p/w500/uluhlXubGu1VxU63X9VHCLWDAYP.jpg
Logan,Action Drama Science Fiction,"In the near future, a weary Logan cares for an ailing Professor X in a hideout on the Mexican border. But Logan's attempts to hide from the world and his legacy are upended when a young mutant arrives, pursued by dark forces.",cyborg experiment self-destruction mutant future dystopia immortality marvel comic sequel superhero based on comic scientific experiment super powers neo-western troubled past life on the margin,James Mangold,Hugh Jackman Patrick Stewart Dafne Keen,2017,7.6,https://image.tmdb.org/t/p/w500/gGBu0hKw9BGddG8RkRAMX7B6NDB.jpg
Finding Nemo,Animation Family,"Nemo, an adventurous young clownfish, is unexpectedly taken from his Great Barrier Reef home to a dentist's office aquarium. It's up to his worrisome father Marlin and a friendly but forgetful fish Dory to bring Nemo home -- meeting vegetarian sharks, surfer dude turtles, hypnotic jellyfish, hungry seagulls, and more along the way.",father son relationship harbor underwater fish tank great barrier reef missing child aftercreditsstinger duringcreditsstinger short term memory loss clownfish father son reunion protective father,Andrew Stanton,Albert Brooks Ellen DeGeneres Alexander Gould,2003,7.6,https://image.tmdb.org/t/p/w500/syPWyeeqzTQIxjIUaIFI7d0TyEY.jpg
Big Hero 6,Adventure Family Animation Action Comedy,"The special bond that develops between plus-sized inflatable robot Baymax, and prodigy Hiro Hamada, who team up with a group of friends to form a band of high-tech heroes.",brother brother relationship hero talent revenge best friend another dimension robot boy genius hate aftercreditsstinger moral dilemma 3d teen superheroes dead brother,Chris Williams,Scott Adsit Ryan Potter Daniel Henney,2014,7.8,https://image.tmdb.org/t/p/w500/9gLu47Zw5ertuFTZaxXOvNfy78T.jpg
Back to the Future,Adventure Comedy Science Fiction Family,"Eighties teenager Marty McFly is accidentally sent back in time to 1955, inadvertently disrupting his parents' first meeting and attracting his mother's romantic interest. Marty must repair the damage to history by rekindling his parents' romance and - with the help of his eccentric inventor friend Doc Brown - return to 1985.",clock tower car race terrorist delorean lightning guitar plutonium sports car inventor journey in the past time travel race against time partner misfit mad scientist fish out of water teenage love destiny hidden identity odd couple escapade disorder chases and races love and romance teenage life misfit partners changing the past or future getting home inventions and discoveries,Robert Zemeckis,Michael J. Fox Christopher Lloyd Lea Thompson,1985,8.0,https://image.tmdb.org/t/p/w500/pTpxQB1N0waaSc3OSn0e9oc8kx9.jpg
X-Men: Days of Future Past,Action Adventure Fantasy Science Fiction,The ultimate X-Men ensemble fights a war for the survival of the species across two time periods as they join forces with their younger selves in an epic battle that must change the past – to save our future.,1970s mutant time travel marvel comic based on comic superhuman storm beast aftercreditsstinger changing the past or future,Bryan Singer,Hugh Jackman James McAvoy Michael Fassbender,2014,7.5,https://image.tmdb.org/t/p/w500/giUK8ppRbfistadVzHtpainkhq4.jpg
"Monsters, Inc.",Animation Comedy Family,"James Sullivan and Mike Wazowski are monsters, they earn their living scaring children and are the best in the business... even though they're more afraid of the children than they are of them. When a child accidentally enters their world, James and Mike suddenly find that kids are not to be afraid of and they uncover a conspiracy that could threaten all children across the world.",monster infant energy supply company rivalry hijinks best friend scream conveyor belt energy company friend,Pete Docter,John Goodman Billy Crystal Mary Gibbs,2001,7.5,https://image.tmdb.org/t/p/w500/93Y9BGx8blzmZOPSoivkFfaifqU.jpg
Harry Potter and the Deathly Hallows: Part 2,Family Fantasy Adventure,"Harry, Ron and Hermione continue their quest to vanquish the evil Voldemort once and for all. Just as things begin to look hopeless for the young wizards, Harry discovers a trio of magical objects that endow him with powers to rival Voldemort's formidable skills.",self sacrifice magic frog sorcerer school wizard 3d,David Yates,Daniel Radcliffe Rupert Grint Emma Watson,2011,7.9,https://image.tmdb.org/t/p/w500/fTplI1NCSuEDP4ITLcTps739fcC.jpg
Kingsman: The Secret Service,Crime Comedy Action Adventure,The story of a super-secret spy organization that recruits an unrefined but promising street kid into the agency's ultra-competitive training program just as a global threat emerges from a twisted tech genius.,spy great britain secret organization secret agent marvel comic based on comic united kingdom duringcreditsstinger,Matthew Vaughn,Colin Firth Samuel L. Jackson Mark Strong,2015,7.6,https://image.tmdb.org/t/p/w500/8x7ej0LnHdKUqilNNJXYOeyB6L9.jpg
Lucy,Action Science Fiction,"A woman, accidentally caught in a dark deal, turns the tables on her captors and transforms into a merciless warrior evolved beyond human logic.",artificial intelligence telepathy intelligence drug mule telekinesis futuristic drug superpower tough girl imax surgery brain capacity synthetic drug human brain,Luc Besson,Scarlett Johansson Morgan Freeman Choi Min-sik,2014,6.3,https://image.tmdb.org/t/p/w500/rwn876MeqienhOVSSjtUPnwxn0Z.jpg
Harry Potter and the Prisoner of Azkaban,Adventure Fantasy Family,"Harry, Ron and Hermione return to Hogwarts for another magic-filled year. Harry comes face to face with danger yet again, this time in the form of escaped convict, Sirius Black – and turns to sympathetic Professor Lupin for help.",flying traitor magic cutting the cord child hero broom sorcerer's apprentice school of witchcraft griffon black magic time travel best friend werewolf dark muggle aftercreditsstinger,Alfonso Cuarón,Daniel Radcliffe Rupert Grint Emma Watson,2004,7.7,https://image.tmdb.org/t/p/w500/jUFjMoLh8T2CWzHUSjKCojI5SHu.jpg
Ant-Man,Science Fiction Action Adventure,"Armed with the astonishing ability to shrink in scale but increase in strength, master thief Scott Lang must embrace his inner-hero and help his mentor, Doctor Hank Pym, protect the secret behind his spectacular Ant-Man suit from a new generation of towering threats. Against seemingly insurmountable obstacles, Pym and Lang must plan and pull off a heist that will save the world.",marvel comic superhero based on comic aftercreditsstinger duringcreditsstinger marvel cinematic universe 3d,Peyton Reed,Paul Rudd Michael Douglas Evangeline Lilly,2015,7.0,https://image.tmdb.org/t/p/w500/D6e8RJf2qUstnfkTslTXNTUAlT.jpg
The Godfather,Drama Crime,"Spanning the years 1945 to 1955, a chronicle of the fictional Italian-American Corleone crime family. When organized crime family patriarch, Vito Corleone barely survives an attempt on his life, his youngest son, Michael steps in to take care of the would-be killers, launching a campaign of bloody revenge.",italy love at first sight loss of father patriarch organized crime mafia lawyer italian american crime family rise to power mob boss 1940s,Francis Ford Coppola,Marlon Brando Al Pacino James Caan,1972,8.5,https://image.tmdb.org/t/p/w500/rPdtLWNsZmAtoZl9PK7S2wE3qiS.jpg
Gone Girl,Mystery Thriller Drama,"With his wife's disappearance having become the focus of an intense media circus, a man sees the spotlight turned on him when it's suspected that he may not be innocent.",based on novel marriage crisis disappearance cheating husband missing person search party criminal lawyer wife murder murder suspect missing wife,David Fincher,Ben Affleck Rosamund Pike Carrie Coon,2014,7.9,https://image.tmdb.org/t/p/w500/gdiLTof3rbPDAmPaCf4g6op46bj.jpg
The Empire Strikes Back,Adventure Action Science Fiction,"The epic saga continues as Luke Skywalker, in hopes of defeating the evil Galactic Empire, learns the ways of the Jedi from aging master Yoda. But Darth Vader is more determined than ever to capture Luke. Meanwhile, rebel leader Princess Leia, cocky Han Solo, Chewbacca, and droids C-3PO and R2-D2 are thrown into various stages of capture, betrayal and despair.",rebel android asteroid space battle snow storm space colony spaceship lightsaber jedi good vs evil rebellion the force space opera stormtrooper wookie jedi master jedi training droid,Irvin Kershner,Mark Hamill Harrison Ford Carrie Fisher,1980,8.2,https://image.tmdb.org/t/p/w500/6u1fYtxG5eqjhtCPDx04pJphQRW.jpg
Harry Potter and the Chamber of Secrets,Adventure Fantasy Family,"Ignoring threats to his life, Harry returns to Hogwarts to investigate – aided by Ron and Hermione – a mysterious series of attacks.",flying car witch magic cutting the cord child hero broom sorcerer's apprentice school of witchcraft giant snake black magic aftercreditsstinger,Chris Columbus,Daniel Radcliffe Rupert Grint Emma Watson,2002,7.4,https://image.tmdb.org/t/p/w500/sdEOH0992YZ0QSxgXNIGLq1ToUi.jpg
Se7en,Crime Mystery Thriller,"Two homicide detectives are on a desperate hunt for a serial killer whose crimes are based on the ""seven deadly sins"" in this dark and haunting film that takes viewers from the tortured remains of one victim to the next. The seasoned Det. Sommerset researches each sin in an effort to get inside the killer's mind, while his novice partner, Mills, scoffs at his efforts to unravel the case.",self-fulfilling prophecy detective s.w.a.t. drug dealer evisceration lust and impulsiveness rage and hate pride and vanity immoderateness insomnia investigation pension police serial killer,David Fincher,Brad Pitt Morgan Freeman Gwyneth Paltrow,1995,8.1,https://image.tmdb.org/t/p/w500/8zw8IL4zEPjkh8Aysdcd0FwGMb0.jpg
Life of Pi,Adventure Drama Action,"The story of an Indian boy named Pi, a zookeeper's son who finds himself in the company of a hyena, zebra, orangutan, and a Bengal tiger after a shipwreck sets them adrift in the Pacific Ocean.",ocean shipwreck hindu tiger faith zookeeper teenage boy cargo ship lifeboat injured animal,Ang Lee,Suraj Sharma Irrfan Khan Ayush Tandon,2012,7.2,https://image.tmdb.org/t/p/w500/sLYdcz7easaS7CmJGwQcVVYZqiF.jpg
The Imitation Game,History Drama Thriller War,"Based on the real life story of legendary cryptanalyst Alan Turing, the film portrays the nail-biting race against time by Turing and his brilliant team of code-breakers at Britain's top-secret Government Code and Cypher School at Bletchley Park, during the darkest days of World War II.",gay england world war ii mathematician biography logician cryptography,Morten Tyldum,Benedict Cumberbatch Keira Knightley Matthew Goode,2014,8.0,https://image.tmdb.org/t/p/w500/noUp0XOqIcmgefRnRZa1nhtRvWO.jpg
Sherlock Holmes,Action Adventure Crime Mystery,"Eccentric consulting detective, Sherlock Holmes and Doctor John Watson battle to bring down a new nemesis and unravel a deadly plot that could destroy England.",detective scotland yard coffin black magic arrest partner sherlock holmes murder steampunk pentagram clue,Guy Ritchie,Robert Downey Jr. Jude Law Rachel McAdams,2009,7.0,https://image.tmdb.org/t/p/w500/22ngurXbLqab7Sko6aTSdwOCe5W.jpg
Captain America: The Winter Soldier,Action Adventure Science Fiction,"After the cataclysmic events in New York with The Avengers, Steve Rogers, aka Captain America is living quietly in Washington, D.C. and trying to adjust to the modern world. But when a S.H.I.E.L.D. colleague comes under attack, Steve becomes embroiled in a web of intrigue that threatens to put the world at risk. Joining forces with the Black Widow, Captain America struggles to expose the ever-widening conspiracy while fighting off professional assassins sent to silence him at every turn. When the full scope of the villainous plot is revealed, Captain America and the Black Widow enlist the help of a new ally, the Falcon. However, they soon find themselves up against an unexpected and formidable enemy—the Winter Soldier.",washington d.c. future shield marvel comic superhero based on comic captain america aftercreditsstinger duringcreditsstinger marvel cinematic universe 3d political thriller,Anthony Russo,Chris Evans Samuel L. Jackson Scarlett Johansson,2014,7.6,https://image.tmdb.org/t/p/w500/5TQ6YDmymBpnF005OyoB7ohZps9.jpg
Doctor Strange,Action Adventure Fantasy Science Fiction,"After his career is destroyed, a brilliant but arrogant surgeon gets a new lease on life when a sorcerer takes him under his wing and trains him to defend the world against evil.",magic marvel comic superhero based on comic sorcerer doctor neurosurgeon wizard aftercreditsstinger duringcreditsstinger marvel cinematic universe,Scott Derrickson,Benedict Cumberbatch Chiwetel Ejiofor Rachel McAdams,2016,7.1,https://image.tmdb.org/t/p/w500/4PiiNGXj1KENTmCBHeN6Mskj2Fq.jpg
Gravity,Science Fiction Thriller Drama,"Dr. Ryan Stone, a brilliant medical engineer on her first Shuttle mission, with veteran astronaut Matt Kowalsky in command of his last flight before retiring. But on a seemingly routine spacewalk, disaster strikes. The Shuttle is destroyed, leaving Stone and Kowalsky completely alone-tethered to nothing but each other and spiraling out into the blackness of space. The deafening silence tells them they have lost any link to Earth and any chance for rescue. As fear turns to panic, every gulp of air eats away at what little oxygen is left. But the only way home may be to go further out into the terrifying expanse of space.",space mission loss space astronaut trapped in space,Alfonso Cuarón,Sandra Bullock George Clooney Ed Harris,2013,7.3,https://image.tmdb.org/t/p/w500/uPxtxhB2Fy9ihVqtBtNGHmknJqV.jpg
The Hunger Games: Mockingjay - Part 1,Science Fiction Adventure Thriller,Katniss Everdeen reluctantly becomes the symbol of a mass rebellion against the autocratic Capitol.,resistance post-apocalyptic dystopia war sequel female protagonist bow and arrow game future war revolt class prejudice human subjugation based on young adult novel,Francis Lawrence,Jennifer Lawrence Josh Hutcherson Liam Hemsworth,2014,6.6,https://image.tmdb.org/t/p/w500/gj282Pniaa78ZJfbaixyLXnXEDI.jpg
Harry Potter and the Goblet of Fire,Adventure Fantasy Family,"Harry starts his fourth year at Hogwarts, competes in the treacherous Triwizard Tournament and faces the evil Lord Voldemort. Ron and Hermione help Harry manage the pressure – but Voldemort lurks, awaiting his chance to destroy Harry and all that he stands for.",magic dying and death broom sorcerer's apprentice school of witchcraft chosen one black magic boarding school vision tournament teenager wizard teenage hero based on young adult novel,Mike Newell,Daniel Radcliffe Rupert Grint Emma Watson,2005,7.5,https://image.tmdb.org/t/p/w500/6sASqcdrEHXxUhA3nFpjrRecPD2.jpg
Arrival,Thriller Drama Science Fiction Mystery,"Taking place after alien crafts land around the world, an expert linguist is recruited by the military to determine whether they come in peace or are a threat.",spacecraft language loss romance alien female protagonist scientist family heartbreak based on short story nonlinear timeline military alien language linguist first contact communication linguistics,Denis Villeneuve,Amy Adams Jeremy Renner Forest Whitaker,2016,7.2,https://image.tmdb.org/t/p/w500/hLudzvGfpi6JlwUnsNhXwKKg4j.jpg
Harry Potter and the Deathly Hallows: Part 1,Adventure Fantasy Family,"Harry, Ron and Hermione walk away from their last year at Hogwarts to find and destroy the remaining Horcruxes, putting an end to Voldemort's bid for immortality. But with Harry's beloved Dumbledore dead and Voldemort's unscrupulous Death Eaters on the loose, the world is more dangerous than ever.",corruption isolation radio magic teleportation bravery tension attack werewolf,David Yates,Daniel Radcliffe Emma Watson Rupert Grint,2010,7.5,https://image.tmdb.org/t/p/w500/maP4MTfPCeVD2FZbKTLUgriOW4R.jpg
World War Z,Action Drama Horror Science Fiction Thriller,"Life for former United Nations investigator Gerry Lane and his family seems content. Suddenly, the world is plagued by a mysterious infection turning whole human populations into rampaging mindless zombies. After barely escaping the chaos, Lane is persuaded to go on a mission to investigate this disease. What follows is a perilous trek around the world where Lane must brave horrific dangers and long odds to find answers before human civilization falls.",dystopia apocalypse zombie nuclear weapons multiple perspectives zombie apocalypse,Marc Forster,Brad Pitt Mireille Enos Abigail Hargrove,2013,6.7,https://image.tmdb.org/t/p/w500/Ha5t0J21eyiq6Az1EXzx0iwsGH.jpg
Now You See Me,Thriller Crime,An FBI agent and an Interpol detective track a team of illusionists who pull off bank heists during their performances and reward their audiences with the money.,paris bank secret fbi vault magic new orleans investigation heist conspiracy money escape new york city las vegas explosion,Louis Leterrier,Jesse Eisenberg Mark Ruffalo Woody Harrelson,2013,7.3,https://image.tmdb.org/t/p/w500/A06e9YJ5ry3WXEIFIAD1mKBxcuZ.jpg
Harry Potter and the Order of the Phoenix,Adventure Fantasy Family Mystery,"Returning for his fifth year of study at Hogwarts, Harry is stunned to find that his warnings about the return of Lord Voldemort have been ignored. Left with no choice, Harry takes matters into his own hands, training a small group of students – dubbed 'Dumbledore's Army' – to defend themselves against the dark arts.",prophecy witch loss of lover magic cutting the cord child hero dying and death broom sorcerer's apprentice school of witchcraft black magic death of a friend sorcery occultism,David Yates,Daniel Radcliffe Rupert Grint Emma Watson,2007,7.4,https://image.tmdb.org/t/p/w500/4YnLxYLHhT4UQ8i9jxAXWy46Xuw.jpg
Fantastic Beasts and Where to Find Them,Adventure Family Fantasy,"In 1926, Newt Scamander arrives at the Magical Congress of the United States of America with a magically expanded briefcase, which houses a number of dangerous creatures and their habitats. When the creatures escape from the briefcase, it sends the American wizarding authorities after Newt, and threatens to strain even further the state of magical and non-magical relations.",robbery magic teleportation suitcase new york city subway station central park wizard goblin magical creature,David Yates,Eddie Redmayne Colin Farrell Katherine Waterston,2016,7.2,https://image.tmdb.org/t/p/w500/gri0DDxsERr6B2sOR1fGLxLpSLx.jpg
Gladiator,Action Drama Adventure,"In the year 180, the death of emperor Marcus Aurelius throws the Roman Empire into chaos. Maximus is one of the Roman army's most capable and trusted generals and a key advisor to the emperor. As Marcus' devious son Commodus ascends to the throne, Maximus is set to be executed. He escapes, but is captured by slave traders. Renamed Spaniard and forced to become a gladiator, Maximus must battle to the death with other men for the amusement of paying audiences. His battle skills serve him well, and he becomes one of the most famous and admired men to fight in the Colosseum. Determined to avenge himself against the man who took away his freedom and laid waste to his family, Maximus believes that he can use his fame and skill in the ring to avenge the loss of his family and former glory. As the gladiator begins to challenge his rule, Commodus decides to put his own fighting mettle to the test by squaring off with Maximus in a battle to the death.",rome gladiator arena senate roman empire emperor slavery battlefield blood ancient world father daughter relationship combat mother son relationship dream sequence chariot philosopher barbarian horde 2nd century successor,Ridley Scott,Russell Crowe Joaquin Phoenix Connie Nielsen,2000,7.9,https://image.tmdb.org/t/p/w500/6WBIzCgmDCYrqh64yDREGeDk9d3.jpg
The Maze Runner,Action Mystery Science Fiction Thriller,"Set in a post-apocalyptic world, young Thomas is deposited in a community of boys after his memory is erased, soon learning they're all trapped in a maze that will require him to join forces with fellow ""runners"" for a shot at escape.",based on novel maze post-apocalyptic dystopia escape memory loss erased memory trapped dystopic future runner based on young adult novel,Wes Ball,Dylan O'Brien Ki Hong Lee Kaya Scodelario,2014,7.0,https://image.tmdb.org/t/p/w500/coss7RgL0NH6g4fC2s5atvf3dFO.jpg
Beauty and the Beast,Family Fantasy Romance,A live-action adaptation of Disney's version of the classic 'Beauty and the Beast' tale of a cursed prince and a beautiful young woman who helps him break the spell.,france magic castle fairy tale musical curse anthropomorphism creature held captive gothic 18th century beast 3d,Bill Condon,Emma Watson Dan Stevens Luke Evans,2017,6.8,https://image.tmdb.org/t/p/w500/tWqifoYuwLETmmasnGHO7xBjEtt.jpg
The Lion King,Family Animation Drama,A young lion cub named Simba can't wait to be king. But his uncle craves the title for himself and will stop at nothing to get it.,loss of parents wild boar uncle shaman redemption king scar hyena meerkat,Roger Allers,Jonathan Taylor Thomas Matthew Broderick James Earl Jones,1994,8.0,https://image.tmdb.org/t/p/w500/bKPtXn9n4M4s8vvZrbw40mYsefB.jpg
John Wick,Action Thriller,Ex-lunatic John Wick comes off his meds to track down the bounders that killed his dog and made off with his self-respect,hitman russian mafia revenge murder gangster dog retired widower,Chad Stahelski,Keanu Reeves Michael Nyqvist Alfie Allen,2014,7.0,https://image.tmdb.org/t/p/w500/5vHssUeVe25bMrof1HyaPyWgaP.jpg
Frozen,Animation Adventure Family,"Young princess Anna of Arendelle dreams about finding true love at her sister Elsa’s coronation. Fate takes her on a dangerous journey in an attempt to end the eternal winter that has fallen over the kingdom. She's accompanied by ice delivery man Kristoff, his reindeer Sven, and snowman Olaf. On an adventure where she will find out what friendship, courage, family, and true love really means.",queen musical princess betrayal snowman animation reindeer curse snow troll mountain climber aftercreditsstinger woman director 3d,Chris Buck,Kristen Bell Idina Menzel Jonathan Groff,2013,7.3,https://image.tmdb.org/t/p/w500/jIjdFXKUNtdf1bwqMrhearpyjMj.jpg
Harry Potter and the Half-Blood Prince,Adventure Fantasy Family,"As Harry begins his sixth year at Hogwarts, he discovers an old book marked as 'Property of the Half-Blood Prince', and begins to learn more about Lord Voldemort's dark past.",witch magic broom school of witchcraft wizardry apparition teenage crush werewolf,David Yates,Daniel Radcliffe Rupert Grint Emma Watson,2009,7.4,https://image.tmdb.org/t/p/w500/bFXys2nhALwDvpkF3dP3Vvdfn8b.jpg
Toy Story,Animation Comedy Family,"Led by Woody, Andy's toys live happily in his room until Andy's birthday brings Buzz Lightyear onto the scene. Afraid of losing his place in Andy's heart, Woody plots against Buzz. But when circumstances separate Buzz and Woody from their owner, the duo eventually learns to put aside their differences.",jealousy toy boy friendship friends rivalry boy next door new toy toy comes to life,John Lasseter,Tom Hanks Tim Allen Don Rickles,1995,7.7,https://image.tmdb.org/t/p/w500/rhIRbceoE9lR4veEXuwCC2wARtG.jpg
The Intouchables,Drama Comedy,A true story of two men who should never have met – a quadriplegic aristocrat who was injured in a paragliding accident and a young man from the projects.,male friendship masseuse friendship aristocrat interracial friendship unlikely friendship duringcreditsstinger,Eric Toledano,François Cluzet Omar Sy Audrey Fleurot,2011,8.2,https://image.tmdb.org/t/p/w500/4mFsNQwbD0F237Tx7gAPotd0nbJ.jpg
Spider-Man,Fantasy Action,"After being bitten by a genetically altered spider, nerdy high school student Peter Parker is endowed with amazing powers.",loss of lover spider thanksgiving bad boss hostility marvel comic superhero pokies evil reference to superman goblin,Sam Raimi,Tobey Maguire Willem Dafoe Kirsten Dunst,2002,6.8,https://image.tmdb.org/t/p/w500/rZd0y1X1Gw4t5B3f01Qzj8DYY66.jpg
Pirates of the Caribbean: Dead Man's Chest,Adventure Fantasy Action,"Captain Jack Sparrow works his way out of a blood debt with the ghostly Davey Jones, he also attempts to avoid eternal damnation.",witch fortune teller bondage exotic island monster captain card game east india trading company compass ship daughter pirate swashbuckler aftercreditsstinger,Gore Verbinski,Johnny Depp Orlando Bloom Keira Knightley,2006,7.0,https://image.tmdb.org/t/p/w500/waFr5RVKaQ9dzOt3nQuIVB1FiPu.jpg
The Incredibles,Action Adventure Animation Family,"Bob Parr has given up his superhero days to log in time as an insurance adjuster and raise his three children with his formerly heroic wife in suburbia. But when he receives a mysterious assignment, it's time to get back into costume.",secret identity secret hero island wretch supernatural powers weapon lawsuit superhero,Brad Bird,Craig T. Nelson Holly Hunter Samuel L. Jackson,2004,7.4,https://image.tmdb.org/t/p/w500/huGDgQRB24IzkJLNqe5zq1pdvEE.jpg
Fast & Furious 6,Action Thriller Crime,"Hobbs has Dominic and Brian reassemble their crew to take down a team of mercenaries: Dominic unexpectedly gets convoluted also facing his presumed deceased girlfriend, Letty.",car race sequel crime car automobile racing car theft,Justin Lin,Vin Diesel Paul Walker Dwayne Johnson,2013,6.7,https://image.tmdb.org/t/p/w500/b9gTJKLdSbwcQRKzmqMq3dMfRwI.jpg
X-Men: First Class,Action Science Fiction Adventure,"Before Charles Xavier and Erik Lensherr took the names Professor X and Magneto, they were two young men discovering their powers for the first time. Before they were arch-enemies, they were closest of friends, working together with other mutants (some familiar, some new), to stop the greatest threat the world has ever known.",cia mutant mine marvel comic superhero based on comic superhuman historical fiction nuclear war cuban missile crisis world war iii 1960s,Matthew Vaughn,James McAvoy Michael Fassbender Jennifer Lawrence,2011,7.1,https://image.tmdb.org/t/p/w500/7SSm7BfzFoVzmd6fCDccj7qRxc8.jpg
Prometheus,Science Fiction Adventure Mystery,"A team of explorers discover a clue to the origins of mankind on Earth, leading them on a journey to the darkest corners of the universe. There, they must fight a terrifying battle to save the future of the human race.",android dystopia alien spin off creation emergency surgery aftercreditsstinger stasis archeological dig god complex cave drawing genetic mutation origins of life,Ridley Scott,Noomi Rapace Michael Fassbender Guy Pearce,2012,6.3,https://image.tmdb.org/t/p/w500/ng8ALjSDhUmwLl7vtjUWIZNQSlt.jpg
Saving Private Ryan,Drama History War,"As U.S. troops storm the beaches of Normandy, three brothers lie dead on the battlefield, with a fourth trapped behind enemy lines. Ranger captain John Miller and seven men are tasked with penetrating German-held territory and bringing the boy home.",war crimes self sacrifice war veteran world war ii war ship airplane bravery normandy parachute troops waffen ss omaha beach army cowardice american flag war memorial deserted town military 1940s,Steven Spielberg,Tom Hanks Matt Damon Vin Diesel,1998,7.9,https://image.tmdb.org/t/p/w500/miDoEMlYDJhOCvxlzI0wZqBs9Yt.jpg
Rogue One: A Star Wars Story,Action Adventure Science Fiction,A rogue band of resistance fighters unite for a mission to steal the Death Star plans and bring a new hope to the galaxy.,rebel space battle space travel war prequel spaceship space alien death star jedi rebellion female protagonist space western gunfight suicide mission robot spin off laser gun space opera alien language against the odds blind man,Gareth Edwards,Felicity Jones Diego Luna Ben Mendelsohn,2016,7.4,https://image.tmdb.org/t/p/w500/qjiskwlV1qQzRCjpV0cL9pEMF9a.jpg
300,Action Adventure War,"Based on Frank Miller's graphic novel, ""300"" is very loosely based the 480 B.C. Battle of Thermopylae, where the King of Sparta led his army against the advancing Persians; the battle is said to have inspired all of Greece to band together against the Persians, and helped usher in the world's first democracy.",evisceration javelin shield army fall from height ancient world s.a.t. minions,Zack Snyder,Gerard Butler Lena Headey Dominic West,2006,7.0,https://image.tmdb.org/t/p/w500/bYR8O1H1ZlME7Dm9ysfTYZnRDpw.jpg
Kill Bill: Vol. 1,Action Crime,"An assassin is shot at the altar by her ruthless employer, Bill and other members of their assassination circle – but 'The Bride' lives to plot her vengeance. Setting out for some payback, she makes a death list and hunts down those who wronged her, saving Bill for last.",japan coma martial arts kung fu underworld yakuza sword bride revenge gore female yakuza blood wedding samurai sword part animation,Quentin Tarantino,Uma Thurman Lucy Liu Vivica A. Fox,2003,7.7,https://image.tmdb.org/t/p/w500/97fNAi62HawGjWru7PvVmF7RAbU.jpg
Pirates of the Caribbean: On Stranger Tides,Adventure Action Fantasy,"Captain Jack Sparrow crosses paths with a woman from his past, and he's not sure if it's love -- or if she's a ruthless con artist who's using him to find the fabled Fountain of Youth. When she forces him aboard the Queen Anne's Revenge, the ship of the formidable pirate Blackbeard, Jack finds himself on an unexpected adventure in which he doesn't know who to fear more: Blackbeard or the woman from his past.",sea captain mutiny sword prime minister sailing silver ship duke mermaid pirate soldier battle swashbuckler aftercreditsstinger 3d,Rob Marshall,Johnny Depp Penélope Cruz Ian McShane,2011,6.4,https://image.tmdb.org/t/p/w500/wNUDAq5OUMOtxMlz64YaCp7gZma.jpg
Wonder Woman,Action Adventure Fantasy,An Amazon princess comes to the world of Man to become the greatest of the female superheroes.,dc comics hero greek mythology island world war i superhero based on comic superheroine period drama heroine super powers woman director 1910s dc extended universe,Patty Jenkins,Gal Gadot Chris Pine Robin Wright,2017,7.2,https://image.tmdb.org/t/p/w500/imekS7f1OuHyUP2LAiTEM0zBzUz.jpg
2012,Action Adventure Science Fiction,"Dr. Adrian Helmsley, part of a worldwide geophysical team investigating the effect on the earth of radiation from unprecedented solar storms, learns that the earth's core is heating up. He warns U.S. President Thomas Wilson that the crust of the earth is becoming unstable and that without proper preparations for saving a fraction of the world's population, the entire race is doomed. Meanwhile, writer Jackson Curtis stumbles on the same information. While the world's leaders race to build ""arks"" to escape the impending cataclysm, Curtis struggles to find a way to save his family. Meanwhile, volcanic eruptions and earthquakes of unprecedented strength wreak havoc around the world.",civilization natural disaster end of the world disaster apocalypse destruction volcanic eruption mayan ark solar destruction  of mankind,Roland Emmerich,John Cusack Amanda Peet Chiwetel Ejiofor,2009,5.6,https://image.tmdb.org/t/p/w500/5tIW9nTuxxy8iXSvsKJqFDVZpyg.jpg
Edge of Tomorrow,Action Science Fiction,"Major Bill Cage is an officer who has never seen a day of combat when he is unceremoniously demoted and dropped into combat. Cage is killed within minutes, managing to take an alpha alien down with him. He awakens back at the beginning of the same day and is forced to fight and die again... and again - as physical contact with the alien has thrown him into a time loop.",deja vu time warp restart dystopia war alien military officer soldier alien invasion exoskeleton,Doug Liman,Tom Cruise Emily Blunt Brendan Gleeson,2014,7.6,https://image.tmdb.org/t/p/w500/tpoVEYvm6qcXueZrQYJNRLXL88s.jpg
I Am Legend,Drama Horror Action Thriller Science Fiction,"Robert Neville is a scientist who was unable to stop the spread of the terrible virus that was incurable and man-made. Immune, Neville is now the last human survivor in what is left of New York City and perhaps the world. For three years, Neville has faithfully sent out daily radio messages, desperate to find any other survivors who might be out there. But he is not alone.",saving the world lost civilisation post-apocalyptic dystopia matter of life and death alone helplessness virus pandemic,Francis Lawrence,Will Smith Alice Braga Charlie Tahan,2007,6.9,https://image.tmdb.org/t/p/w500/6OA0I8hhW9zftWoCYxJAzXW9UIN.jpg
Zootopia,Animation Adventure Family Comedy,"Determined to prove herself, Officer Judy Hopps, the first bunny on Zootopia's police force, jumps at the chance to crack her first case - even if it means partnering with scam-artist fox Nick Wilde to solve the mystery.",fox prejudice conspiracy urban female protagonist anthropomorphism rabbit rookie cop missing person injustice stereotype discrimination 3d animals,Byron Howard,Ginnifer Goodwin Jason Bateman Shakira,2016,7.7,https://image.tmdb.org/t/p/w500/sM33SANp9z6rXW8Itn7NnG1GOEs.jpg
Jurassic Park,Adventure Science Fiction,"A wealthy entrepreneur secretly creates a theme park featuring living dinosaurs drawn from prehistoric DNA. Before opening day, he invites a team of experts and his two eager grandchildren to experience the park and help calm anxious investors. However, the park is anything but amusing as the security systems go off-line and the dinosaurs escape.",exotic island dna paleontology tyrannosaurus rex triceratops brontosaurus electric fence island dinosaur amusement park theme park jurassic park,Steven Spielberg,Sam Neill Laura Dern Jeff Goldblum,1993,7.6,https://image.tmdb.org/t/p/w500/c414cDeQ9b6qLPLeKmiJuLDUREJ.jpg
Pacific Rim,Action Science Fiction Adventure,"When legions of monstrous creatures, known as Kaiju, started rising from the sea, a war began that would take millions of lives and consume humanity's resources for years on end. To combat the giant Kaiju, a special type of weapon was devised: massive robots, called Jaegers, which are controlled simultaneously by two pilots whose minds are locked in a neural bridge. But even the Jaegers are proving nearly defenseless in the face of the relentless Kaiju. On the verge of defeat, the forces defending mankind have no choice but to turn to two unlikely heroes—a washed-up former pilot (Charlie Hunnam) and an untested trainee (Rinko Kikuchi)—who are teamed to drive a legendary but seemingly obsolete Jaeger from the past. Together, they stand as mankind's last hope against the mounting apocalypse.",dystopia giant robot giant monster apocalypse imax duringcreditsstinger 3d,Guillermo del Toro,Idris Elba Charlie Hunnam Charlie Day,2013,6.7,https://image.tmdb.org/t/p/w500/sCJEwEShZvruTpQ2a4yiX3Q9EyZ.jpg
The Hobbit: The Battle of the Five Armies,Action Adventure Fantasy,"Immediately after the events of The Desolation of Smaug, Bilbo and the dwarves try to defend Erebor's mountain of treasure from others who claim it: the men of the ruined Laketown and the elves of Mirkwood. Meanwhile an army of Orcs led by Azog the Defiler is marching on Erebor, fueled by the rise of the dark lord Sauron. Dwarves, elves and men must unite, and the hope for Middle-Earth falls into Bilbo's hands.",corruption elves dwarves orcs middle-earth (tolkien) hobbit dragon battle unlikely friendship epic battle sword and sorcery,Peter Jackson,Martin Freeman Ian McKellen Richard Armitage,2014,7.1,https://image.tmdb.org/t/p/w500/9zRzFJuaj0CHIOhAkcCcFTvyu2X.jpg
Thor: The Dark World,Action Adventure Fantasy,"Thor fights to restore order across the cosmos… but an ancient race led by the vengeful Malekith returns to plunge the universe back into darkness. Faced with an enemy that even Odin and Asgard cannot withstand, Thor must embark on his most perilous and personal journey yet, one that will reunite him with Jane Foster and force him to sacrifice everything to save us all.",marvel comic superhero based on comic hostile takeover norse mythology aftercreditsstinger duringcreditsstinger marvel cinematic universe 3d asgard,Alan Taylor,Chris Hemsworth Natalie Portman Tom Hiddleston,2013,6.8,https://image.tmdb.org/t/p/w500/bnX5PqAdQZRXSw3aX3DutDcdso5.jpg
Ex Machina,Drama Science Fiction,"Caleb, a 26 year old coder at the world's largest internet company, wins a competition to spend a week at a private mountain retreat belonging to Nathan, the reclusive CEO of the company. But when Caleb arrives at the remote location he finds that he will have to participate in a strange and fascinating experiment in which he must interact with the world's first true artificial intelligence, housed in the body of a beautiful robot girl.",dancing artificial intelligence distrust isolation technology manipulation friendship deception laboratory robot power outage surveillance camera consciousness existentialism lockdown philosophical robot human relationship turing test cybernetics,Alex Garland,Domhnall Gleeson Alicia Vikander Oscar Isaac,2015,7.6,https://image.tmdb.org/t/p/w500/btbRB7BrD887j5NrvjxceRDmaot.jpg
Oblivion,Action Science Fiction Adventure Mystery,"Jack Harper is one of the last few drone repairmen stationed on Earth.  Part of a massive operation to extract vital resources after decades of war with a terrifying threat known as the Scavs, Jack’s mission is nearly complete.  His existence is brought crashing down when he rescues a beautiful  stranger from a downed spacecraft.  Her arrival triggers a chain of events that  forces him to question everything he knows and puts the fate of humanity in his hands.",spacecraft dystopia space drone imax human vs alien,Joseph Kosinski,Tom Cruise Morgan Freeman Olga Kurylenko,2013,6.4,https://image.tmdb.org/t/p/w500/hmOzkHlkGvi8x24fYpFSnXvjklv.jpg
Guardians of the Galaxy Vol. 2,Action Adventure Comedy Science Fiction,The Guardians must fight to keep their newfound family together as they unravel the mysteries of Peter Quill's true parentage.,sequel superhero based on comic misfit space outer space aftercreditsstinger duringcreditsstinger,James Gunn,Chris Pratt Zoe Saldana Dave Bautista,2017,7.6,https://image.tmdb.org/t/p/w500/y4MBh0EjBlMuOzv9axM4qJlmhzz.jpg
Silver Linings Playbook,Drama Comedy Romance,"After spending eight months in a mental institution, a former teacher moves back in with his parents and tries to reconcile with his ex-wife.",dancing philadelphia running based on novel depression letter friendship neighbor mental illness ex-wife institutionalization bipolar philadelphia eagles,David O. Russell,Bradley Cooper Jennifer Lawrence Robert De Niro,2012,7.0,https://image.tmdb.org/t/p/w500/ilrZAV2klTB0FLxLb01bOp5pzD9.jpg
X-Men: Apocalypse,Science Fiction,"After the re-emergence of the world's first mutant, world-destroyer Apocalypse, the X-Men must unite to defeat his extinction level plan.",mutant supernatural powers marvel comic superhero based on comic superhuman apocalypse superhero team world domination aftercreditsstinger 1980s,Bryan Singer,James McAvoy Michael Fassbender Jennifer Lawrence,2016,6.4,https://image.tmdb.org/t/p/w500/zSouWWrySXshPCT4t3UKCQGayyo.jpg
Ted,Comedy Fantasy,"John Bennett, a man whose childhood wish of bringing his teddy bear to life came true, now must decide between keeping the relationship with the bear or his girlfriend, Lori.",friendship love teddy bear toy comes to life wishes come true,Seth MacFarlane,Mark Wahlberg Mila Kunis Seth MacFarlane,2012,6.3,https://image.tmdb.org/t/p/w500/yLdP2vDa1BqxLSbikGypGtAEOGe.jpg
Divergent,Adventure Action Science Fiction,"In a world divided into factions based on personality types, Tris learns that she's been classified as Divergent and won't fit in. When she discovers a plot to destroy Divergents, Tris and the mysterious Four must find out what makes Divergents dangerous before it's too late.",based on novel dystopia youth dystopic future caste system divergent based on young adult novel,Neil Burger,Shailene Woodley Theo James Kate Winslet,2014,6.9,https://image.tmdb.org/t/p/w500/yTtx2ciqk4XdN1oKhMMDy3f5ue3.jpg
Looper,Action Thriller Science Fiction,"In the futuristic action thriller Looper, time travel will be invented but it will be illegal and only available on the black market. When the mob wants to get rid of someone, they will send their target 30 years into the past where a looper, a hired gun, like Joe is waiting to mop up. Joe is getting rich and life is good until the day the mob decides to close the loop, sending back Joe's future self for assassination.",suicide assassin drug addiction future time travel dystopia retirement boy murder organized crime tragedy execution violence criminal drug addict contract killer neo-noir,Rian Johnson,Joseph Gordon-Levitt Bruce Willis Emily Blunt,2012,6.6,https://image.tmdb.org/t/p/w500/o4qXZMrZlfuTfwwNGMyTcx6p2uO.jpg
Alice in Wonderland,Family Fantasy Adventure,"Alice, an unpretentious and individual 19-year-old, is betrothed to a dunce of an English nobleman. At her engagement party, she escapes the crowd to consider whether to go through with the marriage and falls down a hole in the garden after spotting an unusual rabbit. Arriving in a strange and surreal place called 'Underland,' she finds herself in a world that resembles the nightmares she had as a child, filled with talking animals, villainous queens and knights, and frumious bandersnatches. Alice realizes that she is there for a reason – to conquer the horrific Jabberwocky and restore the rightful queen to her throne.",based on novel fictional place queen fantasy alice in wonderland fantasy world 3d,Tim Burton,Mia Wasikowska Johnny Depp Anne Hathaway,2010,6.4,https://image.tmdb.org/t/p/w500/pvEE5EN5N1yjmHmldfL4aJWm56l.jpg
Return of the Jedi,Adventure Action Science Fiction,"As Rebel leaders map their strategy for an all-out attack on the Emperor's newer, bigger Death Star. Han Solo remains frozen in the cavernous desert fortress of Jabba the Hutt, the most loathsome outlaw in the universe, who is also keeping Princess Leia as a slave girl. Now a master of the Force, Luke Skywalker rescues his friends, but he cannot become a true Jedi Knight until he wages his own crucial battle against Darth Vader, who has sworn to win Luke over to the dark side of the Force.",rebel brother sister relationship emperor space battle matter of life and death spaceship death star jabba the hutt ewoks jedi space opera,Richard Marquand,Mark Hamill Harrison Ford Carrie Fisher,1983,7.9,https://image.tmdb.org/t/p/w500/jx5p0aHlbPXqe3AH9G15NvmWaqQ.jpg
Brave,Animation Adventure Comedy Family Action Fantasy,"Brave is set in the mystical Scottish Highlands, where Mérida is the princess of a kingdom ruled by King Fergus and Queen Elinor. An unruly daughter and an accomplished archer, Mérida one day defies a sacred custom of the land and inadvertently brings turmoil to the kingdom. In an attempt to set things right, Mérida seeks out an eccentric old Wise Woman and is granted an ill-fated wish. Also figuring into Mérida’s quest — and serving as comic relief — are the kingdom’s three lords: the enormous Lord MacGuffin, the surly Lord Macintosh, and the disagreeable Lord Dingwall.",scotland rebel bravery kingdom archer wish bear scot rebellious daughter turns into animal archery ruins aftercreditsstinger peace offering woman director courage 3d,Brenda Chapman,Kelly Macdonald Billy Connolly Emma Thompson,2012,6.7,https://image.tmdb.org/t/p/w500/qhABv2d4NZLhsOOA4iBFM4rfuJC.jpg
Kick-Ass,Action Crime,"Dave Lizewski is an unnoticed high school student and comic book fan who one day decides to become a super-hero, even though he has no powers, training or meaningful reason to do so.",crime fighter secret identity comic book superhero murder comedy mafia teenager violence realism rookie adaptation young adult kickass,Matthew Vaughn,Aaron Taylor-Johnson Chloë Grace Moretz Christopher Mintz-Plasse,2010,7.1,https://image.tmdb.org/t/p/w500/yZFrniO6qSwjTCosStXweYtczGT.jpg
La La Land,Comedy Drama Music Romance,"Mia, an aspiring actress, serves lattes to movie stars in between auditions and Sebastian, a jazz musician, scrapes by playing cocktail party gigs in dingy bars, but as success mounts they are faced with decisions that begin to fray the fragile fabric of their love affair, and the dreams they worked so hard to maintain in each other threaten to rip them apart.",jazz dance passion musical casting los angeles pianist theater movie set actress,Damien Chazelle,Ryan Gosling Emma Stone John Legend,2016,7.9,https://image.tmdb.org/t/p/w500/ylXCdC106IKiarftHkcacasaAcb.jpg
Despicable Me 2,Animation Comedy Family,Gru is recruited by the Anti-Villain League to help deal with a powerful new super criminal.,secret agent bakery falling in love father daughter relationship duringcreditsstinger first date minions 3d,Pierre Coffin,Steve Carell Kristen Wiig Benjamin Bratt,2013,7.0,https://image.tmdb.org/t/p/w500/kQrYyZQHkwkUg2KlUDyvymj9FAp.jpg
Minions,Family Animation Adventure Comedy,"Minions Stuart, Kevin and Bob are recruited by Scarlet Overkill, a super-villain who, alongside her inventor husband Herb, hatches a plot to take over the world.",assistant aftercreditsstinger duringcreditsstinger evil mastermind minions 3d,Kyle Balda,Sandra Bullock Jon Hamm Michael Keaton,2015,6.4,https://image.tmdb.org/t/p/w500/q0R4crx2SehcEEQEkYObktdeFy.jpg
Toy Story 3,Animation Family Comedy,"Woody, Buzz, and the rest of Andy's toys haven't been played with in years. With Andy about to go to college, the gang find themselves accidentally left at a nefarious day care center. The toys must band together to escape and return home to Andy.",hostage college toy barbie animation escape day care teddy bear duringcreditsstinger toy comes to life personification inanimate objects coming to life toy story,Lee Unkrich,Tom Hanks Tim Allen Ned Beatty,2010,7.6,https://image.tmdb.org/t/p/w500/mMltbSxwEdNE4Cv8QYLpzkHWTDo.jpg
The Truman Show,Comedy Drama,"Truman Burbank is the star of ""The Truman Show"", a 24-hour-a-day ""reality"" TV show that broadcasts every aspect of his life -- live and in color -- without his knowledge. His entire life has been an unending soap opera for consumption by the rest of the world. And everyone he knows -- including his wife and his best friend -- is really an actor, paid to be part of his life.",claustrophobia hidden camera dystopia reality show make believe pretend,Peter Weir,Jim Carrey Laura Linney Noah Emmerich,1998,7.8,https://image.tmdb.org/t/p/w500/EelZzudHRvJmjWccWscN1S5vmI.jpg
Birdman,Drama Comedy,"A fading actor best known for his portrayal of a popular superhero attempts to mount a comeback by appearing in a Broadway play. As opening night approaches, his attempts to become more altruistic, rebuild his career, and reconnect with friends and family prove more difficult than expected.",times square superhero long take new york city play broadway actor,Alejandro González Iñárritu,Michael Keaton Emma Stone Zach Galifianakis,2014,7.4,https://image.tmdb.org/t/p/w500/rSZs93P0LLxqlVEbI001UKoeCQC.jpg
Wreck-It Ralph,Family Animation Comedy Adventure,"Wreck-It Ralph is the 9-foot-tall, 643-pound villain of an arcade video game named Fix-It Felix Jr., in which the game's titular hero fixes buildings that Ralph destroys. Wanting to prove he can be a good guy and not just a villain, Ralph escapes his game and lands in Hero's Duty, a first-person shooter where he helps the game's hero battle against alien invaders. He later enters Sugar Rush, a kart racing game set on tracks made of candies, cookies and other sweets. There, Ralph meets Vanellope von Schweetz who has learned that her game is faced with a dire threat that could affect the entire arcade, and one that Ralph may have inadvertently started.",support group product placement bullying racing arcade medal self esteem curiosity precocious child aftercreditsstinger duringcreditsstinger first person shooter glitch carefree video gamer q*bert interrupted wedding social reject,Rich Moore,John C. Reilly Sarah Silverman Jack McBrayer,2012,7.1,https://image.tmdb.org/t/p/w500/93FsllrXXWncp7BQYTdOU1XMRXo.jpg
The Grand Budapest Hotel,Comedy Drama,"The Grand Budapest Hotel tells of a legendary concierge at a famous European hotel between the wars and his friendship with a young employee who becomes his trusted protégé. The story involves the theft and recovery of a priceless Renaissance painting, the battle for an enormous family fortune and the slow and then sudden upheavals that transformed Europe during the first half of the 20th century.",hotel painting wartime gunfight theft mentor protégé relationship european hotel lobby renaissance painting,Wes Anderson,Ralph Fiennes Tony Revolori F. Murray Abraham,2014,8.0,https://image.tmdb.org/t/p/w500/nX5XotM9yprCKarRH4fzOq1VM1J.jpg
The Hobbit: The Desolation of Smaug,Adventure Fantasy,"The Dwarves, Bilbo and Gandalf have successfully escaped the Misty Mountains, and Bilbo has gained the One Ring. They all continue their journey to get their gold back from the Dragon, Smaug.",elves dwarves orcs hobbit dragon wizard sword and sorcery,Peter Jackson,Martin Freeman Ian McKellen Richard Armitage,2013,7.6,https://image.tmdb.org/t/p/w500/gQCiuxGsfiXH1su6lp9n0nd0UeH.jpg
Pirates of the Caribbean: At World's End,Adventure Fantasy Action,"Captain Barbossa, long believed to be dead, has come back to life and is headed to the edge of the Earth with Will Turner and Elizabeth Swann. But nothing is quite as it seems.",ocean drug abuse exotic island east india trading company love of one's life traitor shipwreck strong woman ship alliance calypso afterlife fighter pirate swashbuckler aftercreditsstinger,Gore Verbinski,Johnny Depp Orlando Bloom Keira Knightley,2007,6.9,https://image.tmdb.org/t/p/w500/bXb00CkHqx7TPchTGG131sWV59y.jpg
Maleficent,Fantasy Adventure Action Family Romance,"The untold story of Disney's most iconic villain from the 1959 classic 'Sleeping Beauty'. A beautiful, pure-hearted young woman, Maleficent has an idyllic life growing up in a peaceable forest kingdom, until one day when an invading army threatens the harmony of the land.  Maleficent rises to be the land's fiercest protector, but she ultimately suffers a ruthless betrayal – an act that begins to turn her heart into stone. Bent on revenge, Maleficent faces an epic battle with the invading King's successor and, as a result, places a curse upon his newborn infant Aurora. As the child grows, Maleficent realizes that Aurora holds the key to peace in the kingdom - and to Maleficent's true happiness as well.",fairy tale villain sleeping beauty dark fantasy based on fairy tale adaptation retelling literary adaptation 3d,Robert Stromberg,Angelina Jolie Elle Fanning Sharlto Copley,2014,7.0,https://image.tmdb.org/t/p/w500/4FYu1AAu14tuBU0lns0hbKiHUcH.jpg
American Sniper,War Action,"U.S. Navy SEAL Chris Kyle takes his sole mission—protect his comrades—to heart and becomes one of the most lethal snipers in American history. His pinpoint accuracy not only saves countless lives but also makes him a prime target of insurgents. Despite grave danger and his struggle to be a good husband and father to his family back in the States, Kyle serves four tours of duty in Iraq. However, when he finally returns home, he finds that he cannot leave the war behind.",sniper biography iraq navy seal u.s. soldier,Clint Eastwood,Bradley Cooper Sienna Miller Kyle Gallner,2014,7.4,https://image.tmdb.org/t/p/w500/svPHnYE7N5NAGO49dBmRhq0vDQ3.jpg
Star Trek,Science Fiction Action Adventure,"The fate of the galaxy rests in the hands of bitter rivals. One, James Kirk, is a delinquent, thrill-seeking Iowa farm boy. The other, Spock, a Vulcan, was raised in a logic-based society that rejects all emotion. As fiery instinct clashes with calm reason, their unlikely but powerful partnership is the only thing capable of leading their crew through unimaginable danger, boldly going where no one has gone before. The human adventure has begun again.",spacecraft teleportation space mission parachute time travel black hole supernova prequel warp speed futuristic warp engine romulans outer space vulcan alternate reality space opera reboot,J.J. Abrams,Chris Pine Zachary Quinto Leonard Nimoy,2009,7.4,https://image.tmdb.org/t/p/w500/6V0CY7pwdDOCDS2XqNWahmIlVYh.jpg
Alien,Horror Action Thriller Science Fiction,"During its return to the earth, commercial spaceship Nostromo intercepts a distress signal from a distant planet. When a three-member team of the crew discovers a chamber containing thousands of eggs on the planet, a creature inside one of the eggs attacks an explorer. The entire crew is unaware of the impending nightmare set to descend upon them when the alien parasite planted inside its unfortunate host is birthed.",android countdown space marine space suit beheading dystopia biology cowardice spaceship space alien female protagonist outer space parasite h. r. giger xenomorph,Ridley Scott,Tom Skerritt Sigourney Weaver Veronica Cartwright,1979,7.9,https://image.tmdb.org/t/p/w500/2h00HrZs89SL3tXB4nbkiM7BKHs.jpg
V for Vendetta,Action Thriller Fantasy,"In a world in which Great Britain has become a fascist state, a masked vigilante known only as 'V' conducts guerrilla warfare against the oppressive British government. When 'V' rescues a young woman from the secret police, he finds in her an ally with whom he can continue his fight to free the people of Britain.",detective vatican fascism satanism fascist dystopia government chancellor revenge personification of satan torture hatred masked vigilante catholicism catholic priest catholic guilt jesuit vengeful spirit activist irish catholic vengeful jesuit priest gnosticism occultism,James McTeigue,Natalie Portman Hugo Weaving Stephen Rea,2006,7.7,https://image.tmdb.org/t/p/w500/AoGpqw4S4ZGgwhlM3FgzFVwyIGl.jpg
Black Swan,Drama Thriller,"A ballet dancer wins the lead in ""Swan Lake"" and is perfect for the role of the delicate White Swan - Princess Odette - but slowly loses her mind as she becomes more and more like Odile, the Black Swan.",dancing competition sex dancer obsession paranoia insanity suspense ballet new york city heartbreak mental illness madness swan lake ballerina body horror,Darren Aronofsky,Natalie Portman Mila Kunis Vincent Cassel,2010,7.3,https://image.tmdb.org/t/p/w500/dQ7uxvsVTspVIsqjfgQj8usJpwX.jpg
Spectre,Action Adventure Crime,"A cryptic message from Bond’s past sends him on a trail to uncover a sinister organization. While M battles political forces to keep the secret service alive, Bond peels back the layers of deceit to reveal the terrible truth behind SPECTRE.",spy based on novel secret agent sequel mi6 british secret service united kingdom,Sam Mendes,Daniel Craig Christoph Waltz Léa Seydoux,2015,6.3,https://image.tmdb.org/t/p/w500/hE24GYddaxB9MVZl1CaiI86M3kp.jpg
The Silence of the Lambs,Crime Drama Thriller,"FBI trainee, Clarice Starling ventures into a maximum-security asylum to pick the diseased brain of Hannibal Lecter, a psychiatrist turned homicidal cannibal. Starling needs clues to help her capture a serial killer. but her Faustian relationship with Lecter soon leads to his escape, and now two deranged killers are on the loose.",based on novel psychopath horror suspense serial killer psychological thriller cannibal fbi agent animal in cast credits cannibalism,Jonathan Demme,Jodie Foster Anthony Hopkins Scott Glenn,1991,8.1,https://image.tmdb.org/t/p/w500/qjAyTj2BSth1EQ89vNfo0JYVPFN.jpg
Star Wars: Episode I - The Phantom Menace,Adventure Action Science Fiction,"Anakin Skywalker, a young slave strong with the Force, is discovered on Tatooine. Meanwhile, the evil Sith have returned, enacting their plot for revenge against the Jedi.",prophecy senate queen taskmaster galaxy apprentice taxes space opera,George Lucas,Liam Neeson Ewan McGregor Natalie Portman,1999,6.4,https://image.tmdb.org/t/p/w500/n8V09dDc02KsSN6Q4hC2BX6hN8X.jpg
Men in Black,Action Adventure Comedy Science Fiction,"Men in Black follows the exploits of agents Kay and Jay, members of a top-secret organization established to monitor and police alien activity on Earth. The two Men in Black find themselves in the middle of the deadly plot by an intergalactic terrorist who has arrived on Earth to assassinate two ambassadors from opposing galaxies. In order to prevent worlds from colliding, the MiB must track down the terrorist and prevent the destruction of Earth. It's just another typical day for the Men in Black.",secret identity sun glasses undercover space marine illegal immigration deportation new identity giant cockroach cannon flying saucer stay permit alien fictional government agency,Barry Sonnenfeld,Tommy Lee Jones Will Smith Linda Fiorentino,1997,6.9,https://image.tmdb.org/t/p/w500/f24UVKq3UiQWLqGWdqjwkzgB8j8.jpg
Dawn of the Planet of the Apes,Science Fiction Action Drama Thriller,"A group of scientists in San Francisco struggle to stay alive in the aftermath of a plague that is wiping out humanity, while Caesar tries to maintain dominance over his community of intelligent apes.",leader colony post-apocalyptic dystopia forest sequel woods ape scientist monkey medical research animal attack plague 3d,Matt Reeves,Andy Serkis Jason Clarke Gary Oldman,2014,7.3,https://image.tmdb.org/t/p/w500/2EUAUIu5lHFlkj5FRryohlH6CRO.jpg
The Prestige,Drama Mystery Thriller,"A mysterious story of two magicians whose intense rivalry leads them on a life-long battle for supremacy -- full of obsession, deceit and jealousy with dangerous and deadly consequences.",competition secret obsession magic dying and death class society illusion tricks hostility class rivalry,Christopher Nolan,Hugh Jackman Christian Bale Michael Caine,2006,8.0,https://image.tmdb.org/t/p/w500/5MXyQfz8xUP3dIFPTubhTsbFY6N.jpg
Ratatouille,Animation Comedy Family Fantasy,"A rat named Remy dreams of becoming a great French chef despite his family's wishes and the obvious problem of being a rat in a decidedly rodent-phobic profession. When fate places Remy in the sewers of Paris, he finds himself ideally situated beneath a restaurant made famous by his culinary hero, Auguste Gusteau. Despite the apparent dangers of being an unlikely - and certainly unwanted - visitor in the kitchen of a fine French restaurant, Remy's passion for cooking soon sets into motion a hilarious and exciting rat race that turns the culinary world of Paris upside down.",paris brother brother relationship expensive restaurant river cook mouse confidence roof window leaving one's family work restaurant critic kitchen spice court cookbook family chef rat,Jan Pinkava,Patton Oswalt Ian Holm Lou Romano,2007,7.5,https://image.tmdb.org/t/p/w500/jEiEU8viSb8CIIHcfprVr2V6XDz.jpg
Star Trek Into Darkness,Action Adventure Science Fiction,"When the crew of the Enterprise is called back home, they find an unstoppable force of terror from within their own organization has detonated the fleet and everything it stands for, leaving our world in a state of crisis.  With a personal score to settle, Captain Kirk leads a manhunt to a war-zone world to capture a one man weapon of mass destruction. As our heroes are propelled into an epic chess game of life and death, love will be challenged, friendships will be torn apart, and sacrifices must be made for the only family Kirk has left: his crew.",spacecraft friendship sequel futuristic space alien imax space opera terrorist bombing 3d,J.J. Abrams,Chris Pine Zachary Quinto Zoe Saldana,2013,7.4,https://image.tmdb.org/t/p/w500/41mhrXASAW3sdn7LBWF49uCX0xi.jpg
Split,Horror Thriller,"Though Kevin has evidenced 23 personalities to his trusted psychiatrist, Dr. Fletcher, there remains one still submerged who is set to materialize and dominate all the others. Compelled to abduct three teenage girls led by the willful, observant Casey, Kevin reaches a war for survival among all of those contained within him — as well as everyone around him — as the walls between his compartments shatter apart.",child abuse kidnapping gore stalking teenage girl blood violence mental illness super powers multiple personality traumatic childhood dissociative identity disorder,M. Night Shyamalan,James McAvoy Anya Taylor-Joy Betty Buckley,2016,7.0,https://image.tmdb.org/t/p/w500/rXMWOZiCt6eMX22jWuTOSdQ98bY.jpg
The Departed,Drama Thriller Crime,"To take down South Boston's Irish Mafia, the police send in one of their own to infiltrate the underworld, not realizing the syndicate has done likewise. While an undercover cop curries favor with the mob kingpin, a career criminal rises through the police ranks. But both sides soon discover there's a mole among them.",undercover boston police friends mafia undercover cop mobster mole state police police training realtor,Martin Scorsese,Leonardo DiCaprio Matt Damon Jack Nicholson,2006,7.9,https://image.tmdb.org/t/p/w500/tGLO9zw5ZtCeyyEWgbYGgsFxC6i.jpg
Rise of the Planet of the Apes,Thriller Action Drama Science Fiction,"Scientist Will Rodman is determined to find a cure for Alzheimer's, the disease which has slowly consumed his father. Will feels certain he is close to a breakthrough and tests his latest serum on apes, noticing dramatic increases in intelligence and brain activity in the primate subjects – especially Caesar, his pet chimpanzee.",intelligence zoo cage dystopia golden gate bridge ape monkey medical research alzheimer's disease,Rupert Wyatt,James Franco Freida Pinto John Lithgow,2011,7.0,https://image.tmdb.org/t/p/w500/esqXMJv6PiK7GJVRwd2FA3SZUoW.jpg
Taken,Action Thriller,"While vacationing with a friend in Paris, an American girl is kidnapped by a gang of human traffickers intent on selling her into forced prostitution. Working against the clock, her ex-spy father must pull out all the stops to save her. But with his best years possibly behind him, the job may be more than he can handle.",paris kidnapping human trafficking rescue prostitution albanian missing daughter ex cia agent,Pierre Morel,Liam Neeson Famke Janssen Maggie Grace,2008,7.2,https://image.tmdb.org/t/p/w500/3zlffXmo7QpVBc17QIJWrRfasVr.jpg
Schindler's List,Drama History War,The true story of how businessman Oskar Schindler saved over a thousand Jewish lives from the Nazis while they worked as slaves in his factory during World War II.,factory concentration camp hero holocaust world war ii nazis defense industry biography the holocaust,Steven Spielberg,Liam Neeson Ben Kingsley Ralph Fiennes,1993,8.3,https://image.tmdb.org/t/p/w500/yPisjyLweCl1tbgwgtzBCNCBle.jpg
Spider-Man 2,Action Adventure Fantasy,"Peter Parker is going through a major identity crisis. Burned out from being Spider-Man, he decides to shelve his superhero alter ego, which leaves the city suffering in the wake of carnage left by the evil Doc Ock. In the meantime, Parker still can't act on his feelings for Mary Jane Watson, a girl he's loved since childhood.",dual identity love of one's life pizza boy marvel comic sequel superhero doctor scientist tentacle death super villain,Sam Raimi,Tobey Maguire Kirsten Dunst James Franco,2004,6.7,https://image.tmdb.org/t/p/w500/qtBFrsEQ4oXW8sKvRxkKnYuPLg.jpg
The Hateful Eight,Crime Drama Mystery Western,Bounty hunters seek shelter from a raging blizzard and get caught up in a plot of betrayal and deception.,bounty hunter wyoming mountain narration hangman stagecoach blizzard post civil war,Quentin Tarantino,Samuel L. Jackson Kurt Russell Jennifer Jason Leigh,2015,7.6,https://image.tmdb.org/t/p/w500/fqe8JxDNO8B8QfOGTdjh6sPCdSC.jpg
Whiplash,Drama,"Under the direction of a ruthless instructor, a talented young drummer begins to pursue perfection at any cost, even his humanity.",jazz obsession conservatory music teacher new york city violence montage drummer public humiliation jazz band young adult music school,Damien Chazelle,Miles Teller J.K. Simmons Melissa Benoist,2014,8.3,https://image.tmdb.org/t/p/w500/lIv1QinFqz4dlp5U4lQ6HaiskOZ.jpg
Finding Dory,Adventure Animation Comedy Family,Dory is reunited with her friends Nemo and Marlin in the search for answers about her past. What can she remember? Who are her parents? And where did she learn to speak Whale?,fish amnesia sequel animation talking animal anthropomorphism underwater,Andrew Stanton,Ellen DeGeneres Albert Brooks Hayden Rolence,2016,6.8,https://image.tmdb.org/t/p/w500/z09QAf8WbZncbitewNk6lKYMZsh.jpg
How to Train Your Dragon,Fantasy Adventure Animation Family,"As the son of a Viking leader on the cusp of manhood, shy Hiccup Horrendous Haddock III faces a rite of passage: he must kill a dragon to prove his warrior mettle. But after downing a feared dragon, he realizes that he no longer wants to destroy it, and instead befriends the beast – which he names Toothless – much to the chagrin of his warrior father",flying blacksmith arena island night ship training village forest viking friendship ignorance flight nest dragon battle combat well warrior,Chris Sanders,Jay Baruchel Gerard Butler Craig Ferguson,2010,7.5,https://image.tmdb.org/t/p/w500/3itnFVfx74ccUayMcywRHR8LLSd.jpg
Leon: The Professional,Thriller Crime Drama,"Leon, the top hit man in New York, has earned a rep as an effective ""cleaner"". But when his next-door neighbors are wiped out by a loose-cannon DEA agent, he becomes the unwilling custodian of 12-year-old Mathilda. Before long, Mathilda's thoughts turn to revenge, and she considers following in Leon's footsteps.",new york corruption assassin police brutality loss of family s.w.a.t. immigrant hitman training revenge murder loneliness neighbor tragic love cult film neo-noir complex relationship complex characters,Luc Besson,Jean Reno Natalie Portman Gary Oldman,1994,8.2,https://image.tmdb.org/t/p/w500/gE8S02QUOhVnAmYu4tcrBlMTujz.jpg
Terminator 2: Judgment Day,Action Thriller Science Fiction,"Nearly 10 years have passed since Sarah Connor was targeted for termination by a cyborg from the future. Now her son, John, the future leader of the resistance, is the target for a newer, more deadly terminator. Once again, the resistance has managed to send a protector back to attempt to save John and his mother Sarah.",cyborg shotgun post-apocalyptic dystopia moral ambiguity mental institution violence fictional war morphing nuclear weapons shape shifter savior catch phrase,James Cameron,Arnold Schwarzenegger Linda Hamilton Robert Patrick,1991,7.7,https://image.tmdb.org/t/p/w500/2y4dmgWYRMYXdD1UyJVcn2HSd1D.jpg
The Amazing Spider-Man 2,Action Adventure Fantasy,"For Peter Parker, life is busy. Between taking out the bad guys as Spider-Man and spending time with the person he loves, Gwen Stacy, high school graduation cannot come quickly enough. Peter has not forgotten about the promise he made to Gwen’s father to protect her by staying away, but that is a promise he cannot keep. Things will change for Peter when a new villain, Electro, emerges, an old friend, Harry Osborn, returns, and Peter uncovers new clues about his past.",obsession marvel comic sequel based on comic electrocution medical experiment electricity super powers,Marc Webb,Andrew Garfield Emma Stone Jamie Foxx,2014,6.5,https://image.tmdb.org/t/p/w500/mUjWof8LHDgCZC9mFp0UYKBf1Dm.jpg
Furious 7,Action,Deckard Shaw seeks revenge against Dominic Toretto and his family for his comatose brother.,car race speed revenge suspense car race muscle car,James Wan,Vin Diesel Paul Walker Dwayne Johnson,2015,7.3,https://image.tmdb.org/t/p/w500/dCgm7efXDmiABSdWDHBDBx2jwmn.jpg
Men in Black 3,Action Comedy Science Fiction,"Agents J (Will Smith) and K (Tommy Lee Jones) are back...in time. J has seen some inexplicable things in his 15 years with the Men in Black, but nothing, not even aliens, perplexes him as much as his wry, reticent partner. But when K's life and the fate of the planet are put at stake, Agent J will have to travel back in time to put things right. J discovers that there are secrets to the universe that K never told him - secrets that will reveal themselves as he teams up with the young Agent K (Josh Brolin) to save his partner, the agency, and the future of humankind.",time travel time machine alien fictional government agency seeing the future changing history,Barry Sonnenfeld,Will Smith Tommy Lee Jones Josh Brolin,2012,6.3,https://image.tmdb.org/t/p/w500/l9hrvXyGq19f6jPRZhSVRibTMwW.jpg
Her,Romance Science Fiction Drama,"In the not so distant future, Theodore, a lonely writer purchases a newly developed operating system designed to meet the user's every needs. To Theordore's surprise, a romantic relationship develops between him and his operating system. This unconventional love story blends science fiction and romance in a sweet tale that explores the nature of love and the ways that technology isolates and connects us all.",artificial intelligence computer love loneliness transhumanism heartbreak near future singularity bittersweet,Spike Jonze,Joaquin Phoenix Scarlett Johansson Rooney Mara,2013,7.9,https://image.tmdb.org/t/p/w500/fsoTLnUXEUTNuVCBxAJMY0HPPd.jpg
The Terminator,Action Thriller Science Fiction,"In the post-apocalyptic future, reigning tyrannical supercomputers teleport a cyborg assassin known as the ""Terminator"" back to 1984 to kill Sarah Connor, whose unborn son is destined to lead insurgents against 21st century mechanical hegemony. Meanwhile, the human-resistance movement dispatches a lone warrior to safeguard Sarah. Can he stop the virtually indestructible killing machine?",saving the world artificial intelligence rebel cyborg shotgun killer robot sun glasses dystopia car chase laser gun urban setting future war,James Cameron,Arnold Schwarzenegger Michael Biehn Linda Hamilton,1984,7.4,https://image.tmdb.org/t/p/w500/q8ffBuxQlYOHrvPniLgCbmKK4Lv.jpg
Star Wars: Episode III - Revenge of the Sith,Science Fiction Adventure Action,"Years after the onset of the Clone Wars, the noble Jedi Knights lead a massive clone army into a galaxy-wide battle against the Separatists. When the sinister Sith unveil a thousand-year-old plot to rule the galaxy, the Republic crumbles and from its ashes rises the evil Galactic Empire. Jedi hero Anakin Skywalker is seduced by the dark side of the Force to become the Emperor's new apprentice – Darth Vader. The Jedi are decimated, as Obi-Wan Kenobi and Jedi Master Yoda are forced into hiding. The only hope for the galaxy are Anakin's own offspring – the twin children born in secrecy who will grow up to become heroes.",showdown death star vision cult figure hatred dream sequence expectant mother space opera chancel childbirth galactic war,George Lucas,Ewan McGregor Natalie Portman Hayden Christensen,2005,7.1,https://image.tmdb.org/t/p/w500/tgr5Pdy7ehZYBqBkN2K7Q02xgOb.jpg
Shrek,Adventure Animation Comedy Family Fantasy,"It ain't easy bein' green -- especially if you're a likable (albeit smelly) ogre named Shrek. On a mission to retrieve a gorgeous princess from the clutches of a fire-breathing dragon, Shrek teams up with an unlikely compatriot -- a wisecracking donkey.",magic liberation lordship castle robin hood enchantment fairy-tale figure princess parody woman director ogre,Andrew Adamson,Mike Myers Eddie Murphy Cameron Diaz,2001,7.3,https://image.tmdb.org/t/p/w500/140ewbWv8qHStD3mlBDvvGd0Zvu.jpg
X-Men,Adventure Action Science Fiction,"Two mutants, Rogue and Wolverine, come to a private academy for their kind whose resident superhero team, the X-Men, must oppose a terrorist organization with similar powers.",mutant marvel comic superhero based on comic superhuman,Bryan Singer,Patrick Stewart Hugh Jackman Ian McKellen,2000,6.8,https://image.tmdb.org/t/p/w500/k01Q6ATbfzNJgw4Zuoj0LTY3T9x.jpg
Memento,Mystery Thriller,"Suffering short-term memory loss after a head injury, Leonard Shelby embarks on a grim quest to find the lowlife who murdered his wife in this gritty, complex thriller that packs more knots than a hangman's noose. To carry out his plan, Shelby snaps Polaroids of people and places, jotting down contextual notes on the backs of photos to aid in his search and jog his memory. He even tattoos his own body in a desperate bid to remember.",individual insulin tattoo waitress amnesia motel insurance salesman revenge memory loss polaroid flashback neo-noir,Christopher Nolan,Guy Pearce Carrie-Anne Moss Joe Pantoliano,2000,8.1,https://image.tmdb.org/t/p/w500/fQMSaP88cf1nz4qwuNEEFtazuDM.jpg
The Green Mile,Fantasy Drama Crime,"A supernatural tale set on death row in a Southern prison, where gentle giant John Coffey possesses the mysterious power to heal people's ailments. When the cellblock's head guard, Paul Edgecomb, recognizes Coffey's miraculous gift, he tries desperately to help stave off the condemned man's execution.",southern usa black people mentally disabled based on novel heal death row jail guard great depression prison guard electric chair magic realism healing death row inmate 1930s,Frank Darabont,Tom Hanks Michael Clarke Duncan David Morse,1999,8.2,https://image.tmdb.org/t/p/w500/3yJUlOtVa09CYJocwBU8eAryja0.jpg
21 Jump Street,Action Comedy Crime,"In high school, Schmidt was a dork and Jenko was the popular jock. After graduation, both of them joined the police force and ended up as partners riding bicycles in the city park. Since they are young and look like high school students, they are assigned to an undercover unit to infiltrate a drug ring that is supplying high school students synthetic drugs.",male friendship high school parody crude humor based on tv series undercover cop buddy cop buddy comedy duringcreditsstinger,Phil Lord,Channing Tatum Jonah Hill Brie Larson,2012,6.7,https://image.tmdb.org/t/p/w500/mH6xazzfGdszadd1Xy9JgdZYvn1.jpg
Passengers,Adventure Drama Romance Science Fiction,"A spacecraft traveling to a distant colony planet and transporting thousands of people has a malfunction in its sleep chambers. As a result, two passengers are awakened 90 years early.",male nudity android asteroid isolation shower nudity automation hibernation swimming pool spaceship space outer space robot space station lying gravity trapped in space malfunction 3d,Morten Tyldum,Jennifer Lawrence Chris Pratt Michael Sheen,2016,6.7,https://image.tmdb.org/t/p/w500/5gJkVIVU7FDp7AfRAbPSvvdbre2.jpg
The Hunger Games: Mockingjay - Part 2,Action Adventure Science Fiction,"With the nation of Panem in a full scale war, Katniss confronts President Snow in the final showdown. Teamed with a group of her closest friends – including Gale, Finnick, and Peeta – Katniss goes off on a mission with the unit from District 13 as they risk their lives to stage an assassination attempt on President Snow who has become increasingly obsessed with destroying her. The mortal traps, enemies, and moral choices that await Katniss will challenge her more than any arena she faced in The Hunger Games.",revolution strong woman dystopia game of death 3d based on young adult novel,Francis Lawrence,Jennifer Lawrence Josh Hutcherson Liam Hemsworth,2015,6.6,https://image.tmdb.org/t/p/w500/w93GAiq860UjmgR6tU9h2T24vaV.jpg
Transformers,Adventure Science Fiction Action,"Young teenager, Sam Witwicky becomes involved in the ancient struggle between two extraterrestrial factions of transforming robots – the heroic Autobots and the evil Decepticons. Sam holds the clue to unimaginable power and the Decepticons will stop at nothing to retrieve it.",destroy transformation alien based on toy transformers robot duringcreditsstinger teenage hero,Michael Bay,Shia LaBeouf Josh Duhamel Megan Fox,2007,6.6,https://image.tmdb.org/t/p/w500/bgSHbGEA1OM6qDs3Qba4VlSZsNG.jpg
The Wolverine,Action Science Fiction Adventure Fantasy,"Wolverine faces his ultimate nemesis - and tests of his physical, emotional, and mortal limits - in a life-changing voyage to modern-day Japan.",japan samurai mutant world war i marvel comic superhero based on comic superhuman duringcreditsstinger,James Mangold,Hugh Jackman Hiroyuki Sanada Famke Janssen,2013,6.3,https://image.tmdb.org/t/p/w500/iTST6DcLhfufWYUKCOskkusaYUq.jpg
X-Men Origins: Wolverine,Adventure Action Thriller Science Fiction,"After seeking to live a normal life, Logan sets out to avenge the death of his girlfriend by undergoing the mutant Weapon X program and becoming Wolverine.",corruption mutant boxer army marvel comic superhero aftercreditsstinger duringcreditsstinger,Gavin Hood,Hugh Jackman Liev Schreiber Danny Huston,2009,6.2,https://image.tmdb.org/t/p/w500/kqO36IYvWbRKMPiUeiVZUFH06Rc.jpg
Star Wars: Episode II - Attack of the Clones,Adventure Action Science Fiction,"Ten years after the invasion of Naboo, the galaxy is on the brink of civil war. Under the leadership of a renegade Jedi named Count Dooku, thousands of solar systems threaten to break away from the Galactic Republic. When an assassination attempt is made on Senator Padmé Amidala, the former Queen of Naboo, twenty-year-old Jedi apprentice Anakin Skywalker is assigned to protect her. In the course of his mission, Anakin discovers his love for Padmé as well as his own darker side. Soon, Anakin, Padmé, and Obi-Wan Kenobi are drawn into the heart of the Separatist movement and the beginning of the Clone Wars.",senate investigation army death star jedi cult figure wedding violence kendo laser gun space opera spaceport teenage rebellion good becoming evil alien race mechanical hand yoda,George Lucas,Ewan McGregor Natalie Portman Hayden Christensen,2002,6.4,https://image.tmdb.org/t/p/w500/2vcNFtrZXNwIcBgH5e2xXCmVR8t.jpg
Kill Bill: Vol. 2,Action Crime Thriller,"The Bride unwaveringly continues on her roaring rampage of revenge against the band of assassins who had tried to kill her and her unborn child. She visits each of her former associates one-by-one, checking off the victims on her Death List Five until there's nothing left to do … but kill Bill.",brother brother relationship swordplay katana mother role rage and hate daughter right and justice single aftercreditsstinger duringcreditsstinger,Quentin Tarantino,Uma Thurman David Carradine Daryl Hannah,2004,7.7,https://image.tmdb.org/t/p/w500/au9lFA5a2ZnBKCzPbZQf00r7J64.jpg
Fury,War Drama Action,"Last months of World War II in April 1945. As the Allies make their final push in the European Theater, a battle-hardened U.S. Army sergeant in the 2nd Armored Division named Wardaddy commands a Sherman tank called ""Fury"" and its five-man crew on a deadly mission behind enemy lines. Outnumbered and outgunned, Wardaddy and his men face overwhelming odds in their heroic attempts to strike at the heart of Nazi Germany.",world war ii nazis war nazi germany panzer tank,David Ayer,Brad Pitt Shia LaBeouf Logan Lerman,2014,7.4,https://image.tmdb.org/t/p/w500/pfte7wdMobMF4CVHuOxyu6oqeeA.jpg
Mission: Impossible - Ghost Protocol,Action Thriller Adventure,"In the 4th installment of the Mission Impossible series, Ethan Hunt (Cruise) and his team are racing against time to track down a dangerous terrorist named Hendricks (Nyqvist), who has gained access to Russian nuclear launch codes and is planning a strike on the United States. An attempt to stop him ends in an explosion causing severe destruction to the Kremlin and the IMF to be implicated in the bombing, forcing the President to disavow them. No longer being aided by the government, Ethan and his team chase Hendricks around the globe, although they might still be too late to stop a disaster.",fight sequel mission explosion broken arm imax nuclear threat,Brad Bird,Tom Cruise Jeremy Renner Simon Pegg,2011,6.8,https://image.tmdb.org/t/p/w500/s58mMsgIVOFfoXPtwPWJ3hDYpXf.jpg
Die Hard,Action Thriller,"NYPD cop, John McClane's plan to reconcile with his estranged wife is thrown for a serious loop when minutes after he arrives at her office, the entire building is overtaken by a group of terrorists. With little help from the LAPD, wisecracking McClane sets out to single-handedly rescue the hostages and bring the bad guys down.",helicopter journalist based on novel terrorist skyscraper christmas party s.w.a.t. hostage kidnapping vault fistfight murder heist shootout los angeles one man army explosion violence fbi agent walkie talkie christmas eve elevator shaft one night action hero,John McTiernan,Bruce Willis Alan Rickman Alexander Godunov,1988,7.5,https://image.tmdb.org/t/p/w500/r7CDkRjZIAP79skLaTTvRk8eUp3.jpg
Cars,Animation Adventure Comedy Family,"Lightning McQueen, a hotshot rookie race car driven to succeed, discovers that life is about the journey, not the finish line, when he finds himself unexpectedly detoured in the sleepy Route 66 town of Radiator Springs. On route across the country to the big Piston Cup Championship in California to compete against two seasoned pros, McQueen gets to know the town's offbeat characters.",car race car journey auto route 66 wrecker porsche retirement media friendship sport rural setting anthropomorphism los angeles road movie aftercreditsstinger duringcreditsstinger,John Lasseter,Owen Wilson Paul Newman Bonnie Hunt,2006,6.6,https://image.tmdb.org/t/p/w500/5damnMcRFKSjhCirgX3CMa88MBj.jpg
Sherlock Holmes: A Game of Shadows,Adventure Action Crime Mystery,"There is a new criminal mastermind at large (Professor Moriarty) and not only is he Holmes’ intellectual equal, but his capacity for evil and lack of conscience may give him an advantage over the  detective.",detective inspector steampunk criminal mastermind,Guy Ritchie,Robert Downey Jr. Jude Law Jared Harris,2011,7.0,https://image.tmdb.org/t/p/w500/7OFqsVuS6DlVM10GUD72vCGpQm9.jpg
Spirited Away,Fantasy Adventure Animation Family,A ten year old girl who wanders away from her parents along a path that leads to a world ruled by strange and unusual monster-like animals. Her parents have been changed into pigs along with others inside a bathhouse full of these creatures. Will she ever see the world how it once was?,witch parent child relationship magic darkness bath house ghost world parallel world amusement park youkai japanese mythology anime spirits,Hayao Miyazaki,Rumi Hiiragi Miyu Irino Mari Natsuki,2001,8.3,https://image.tmdb.org/t/p/w500/ynXoOxmDHNQ4UAy0oU6avW71HVW.jpg
The Fifth Element,Adventure Fantasy Action Thriller Science Fiction,"In 2257, a taxi driver is unintentionally given the task of saving a young girl who is part of the key that will ensure the survival of humanity.",clone taxi cyborg egypt future stowaway space travel race against time arms dealer love alien priest end of the world good vs evil shootout police chase cab driver new york city space opera military opera singer resort hotel ancient astronaut archeologist ancient evil cruise liner,Luc Besson,Bruce Willis Gary Oldman Ian Holm,1997,7.3,https://image.tmdb.org/t/p/w500/zaFa1NRZEnFgRTv5OVXkNIZO78O.jpg
Ice Age,Animation Comedy Family Adventure,"With the impending ice age almost upon them, a mismatched trio of prehistoric critters – Manny the woolly mammoth, Diego the saber-toothed tiger and Sid the giant sloth – find an orphaned infant and decide to return it to its human parents. Along the way, the unlikely allies become friends but, when enemies attack, their quest takes on far nobler aims.",human evolution parent child relationship squirrel ice loss of child mammoth sloth dying and death stone age prehistoric saber-toothed tiger cavemen prehistoric creature prehistoric adventure prehistoric times prehistoric man,Chris Wedge,Ray Romano John Leguizamo Denis Leary,2002,7.1,https://image.tmdb.org/t/p/w500/zpaQwR0YViPd83bx1e559QyZ35i.jpg
Raiders of the Lost Ark,Adventure Action,"When Dr. Indiana Jones – the tweed-suited professor who just happens to be a celebrated archaeologist – is hired by the government to locate the legendary Ark of the Covenant, he finds himself up against the entire Nazi regime.",saving the world riddle nepal himalaya cairo moses egypt whip treasure medallion leather jacket nazis hat mediterranean ark of the covenant ten commandments treasure hunt excavation swastika archaeologist indiana jones archeology ,Steven Spielberg,Harrison Ford Karen Allen Paul Freeman,1981,7.7,https://image.tmdb.org/t/p/w500/44sKJOGP3fTm4QXBcIuqu0RkdP7.jpg
Casino Royale,Adventure Action Thriller,"Le Chiffre, a banker to the world's terrorists, is scheduled to participate in a high-stakes poker game in Montenegro, where he intends to use his winnings to establish his financial grip on the terrorist market. M sends Bond – on his maiden mission as a 00 Agent – to attend this game and prevent Le Chiffre from winning. With the help of Vesper Lynd and Felix Leiter, Bond enters the most important poker game in his already dangerous career.",italy poker casino terrorist banker money free running torture british secret service montenegro,Martin Campbell,Daniel Craig Eva Green Mads Mikkelsen,2006,7.3,https://image.tmdb.org/t/p/w500/zlWBxz2pTA9p45kUTrI8AQiKrHm.jpg
Back to the Future Part II,Adventure Comedy Family Science Fiction,"Marty and Doc are at it again in this wacky sequel to the 1985 blockbuster as the time-traveling duo head to 2015 to nip some McFly family woes in the bud. But things go awry thanks to bully Biff Tannen and a pesky sports almanac. In a last-ditch attempt to set things straight, Marty finds himself bound for 1955 and face to face with his teenage parents -- again.",skateboarding flying car car race delorean lightning almanac inventor time travel sequel diner alternate history teenager electric guitar walking cane high school dance hoverboard video phone,Robert Zemeckis,Michael J. Fox Christopher Lloyd Lea Thompson,1989,7.4,https://image.tmdb.org/t/p/w500/k5dzvCQkXU2CAhLtlj9BHE7xmyK.jpg
Insurgent,Adventure Science Fiction Thriller,Beatrice Prior must confront her inner demons and continue her fight against a powerful alliance which threatens to tear her society apart.,based on novel revolution dystopia sequel dystopic future young adult 3d divergent,Robert Schwentke,Shailene Woodley Theo James Kate Winslet,2015,6.2,https://image.tmdb.org/t/p/w500/6w1VjTPTjTaA5oNvsAg0y4H6bou.jpg
Catch Me If You Can,Drama Crime,"A true story about Frank Abagnale Jr. who, before his 19th birthday, successfully conned millions of dollars worth of checks as a Pan Am pilot, doctor, and legal prosecutor. An FBI agent makes it his mission to put him behind bars. But Frank not only eludes capture, he revels in the pursuit.",con man biography fbi agent overhead camera shot attempted jailbreak engagement party mislaid trust bank fraud inspired by a true story,Steven Spielberg,Leonardo DiCaprio Tom Hanks Christopher Walken,2002,7.7,https://image.tmdb.org/t/p/w500/MywWCQGJNUr5kivAQ7eseCG7rm.jpg
Toy Story 2,Animation Comedy Family,"Andy heads off to Cowboy Camp, leaving his toys to their own devices. Things shift into high gear when an obsessive toy collector named Al McWhiggen, owner of Al's Toy Barn kidnaps Woody. Andy's toys mount a daring rescue mission, Buzz Lightyear meets his match and Woody has to decide where he and his heart truly belong.",museum prosecution identity crisis airplane flea market collector teamwork friendship rescue team garage sale duringcreditsstinger toy comes to life personification inanimate objects coming to life,John Lasseter,Tom Hanks Tim Allen Joan Cusack,1999,7.3,https://image.tmdb.org/t/p/w500/3CmK3XurcLeUyMifCR28ibzupbB.jpg
The Shining,Horror Thriller,"Jack Torrance accepts a caretaker job at the Overlook Hotel, where he, along with his wife Wendy and their son Danny, must live isolated from the rest of the world for the winter. But they aren't prepared for the madness that lurks within.",hotel isolation hotelier colorado maze bartender ax delusion loneliness caretaker vision snow writer alcoholic snowed in off season,Stanley Kubrick,Jack Nicholson Shelley Duvall Danny Lloyd,1980,8.1,https://image.tmdb.org/t/p/w500/9fgh3Ns1iRzlQNYuJyK0ARQZU7w.jpg
"I, Robot",Action Science Fiction,"In 2035, where robots are common-place and abide by the three laws of robotics, a techno-phobic cop investigates an apparent suicide. Suspecting that a robot may be responsible for the death, his investigation leads him to believe that humanity may be in danger.",suicide artificial intelligence man vs machine chicago based on novel hero future law dystopia police murder robot 3d humanoid robot,Alex Proyas,Will Smith Bridget Moynahan Alan Tudyk,2004,6.7,https://image.tmdb.org/t/p/w500/2mkFzf168xJrV6Leqq0bjqOlJCK.jpg
Limitless,Thriller Mystery Science Fiction,"A paranoia-fueled action thriller about an unsuccessful writer whose life is transformed by a top-secret ""smart drug"" that allows him to use 100% of his brain and become a perfect version of himself. His enhanced abilities soon attract shadowy forces that threaten his new life in this darkly comic and provocative film.",fictional place politician stalking superhuman writer apartment threat,Neil Burger,Bradley Cooper Robert De Niro Abbie Cornish,2011,7.1,https://image.tmdb.org/t/p/w500/bQfOFEeXxi51ijQrbQY9qvMtYhZ.jpg
The Great Gatsby,Drama Romance,"An adaptation of F. Scott Fitzgerald's Long Island-set novel, where Midwesterner Nick Carraway is lured into the lavish world of his neighbor, Jay Gatsby. Soon enough, however, Carraway will see through the cracks of Gatsby's nouveau riche existence, where obsession, madness, and tragedy await.",based on novel infidelity obsession hope 3d,Baz Luhrmann,Leonardo DiCaprio Tobey Maguire Carey Mulligan,2013,7.3,https://image.tmdb.org/t/p/w500/oJpOYPpVWyPeunGbbDGH1KFvea0.jpg
The Fault in Our Stars,Romance Drama,"Despite the tumor-shrinking medical miracle that has bought her a few years, Hazel has never been anything but terminal, her final chapter inscribed upon diagnosis. But when a patient named Augustus Waters suddenly appears at Cancer Kid Support Group, Hazel's story is about to be completely rewritten.",amsterdam based on novel support group cancer teenager star crossed lovers teen drama oxygen tank based on young adult novel,Josh Boone,Shailene Woodley Ansel Elgort Nat Wolff,2014,7.6,https://image.tmdb.org/t/p/w500/sc6XLX6J714LDkVV3Ys3clgypQS.jpg
Ocean's Eleven,Thriller Crime,"Less than 24 hours into his parole, charismatic thief Danny Ocean is already rolling out his next plan: In one night, Danny's hand-picked crew of specialists will attempt to steal more than $150 million from three Las Vegas casinos. But to score the cash, Danny risks his chances of reconciling with ex-wife, Tess.",prison pickpocket strip club con artist atlantic city cockney accent las vegas card dealer explosives expert black and white scene male salt lake city utah,Steven Soderbergh,George Clooney Brad Pitt Matt Damon,2001,7.2,https://image.tmdb.org/t/p/w500/o0h76DVXvk5OKjmNez5YY0GODC2.jpg
The Hangover Part II,Comedy,"The Hangover crew heads to Thailand for Stu's wedding. After the disaster of a bachelor party in Las Vegas last year, Stu is playing it safe with a mellow pre-wedding brunch. However, nothing goes as planned and Bangkok is the perfect setting for another adventure with the rowdy group.",sun glasses interpol undercover cop hangover duringcreditsstinger,Todd Phillips,Bradley Cooper Ed Helms Zach Galifianakis,2011,6.2,https://image.tmdb.org/t/p/w500/yoiJyVknXfU4jcJvPYeMOCgyLky.jpg
Blade Runner,Science Fiction Drama Thriller,"In the smog-choked dystopian Los Angeles of 2019, blade runner Rick Deckard is called out of retirement to terminate a quartet of replicants who have escaped to Earth seeking their creator for a way to extend their short life spans.",artificial intelligence bounty hunter dystopia genetics fugitive cyberpunk los angeles tech noir neo-noir futurista lluvia,Ridley Scott,Harrison Ford Rutger Hauer Sean Young,1982,7.9,https://image.tmdb.org/t/p/w500/p64TtbZGCElxQHpAMWmDHkWJlH2.jpg
Drive,Drama Action Thriller Crime,A Hollywood stunt performer who moonlights as a wheelman for criminals discovers that a contract has been put on him after a heist gone wrong.,stuntman blood splatter independent film police chase extreme violence violence car chase bullet head stomp getaway crime lord existentialism silent protagonist great soundtrack,Nicolas Winding Refn,Ryan Gosling Carey Mulligan Bryan Cranston,2011,7.4,https://image.tmdb.org/t/p/w500/nu7XIa67cXc2t7frXCE5voXUJcN.jpg
Reservoir Dogs,Crime Thriller,"A botched robbery indicates a police informant, and the pressure mounts in the aftermath at a warehouse. Crime begets violence as the survivors -- veteran Mr. White, newcomer Mr. Orange, psychopathic parolee Mr. Blonde, bickering weasel Mr. Pink and Nice Guy Eddie -- unravel.",traitor jewelry psychopath thief heist betrayal mystery escape gang plan gone wrong warehouse ensemble cast all male cast told in flashback heist gone wrong foreshadowing rendezvous iconic set in one room uneasy alliance rag tag group,Quentin Tarantino,Harvey Keitel Tim Roth Michael Madsen,1992,8.1,https://image.tmdb.org/t/p/w500/tB2ITHg556e7aTV6cqQqVAXkdxN.jpg
The Fate of the Furious,Action Crime Thriller,"When a mysterious woman seduces Dom into the world of crime and a betrayal of those closest to him, the crew face trials that will test them as never before.",submarine sequel betrayal fast cars rescue mission new york city criminal mastermind mysterious woman 3d,F. Gary Gray,Vin Diesel Jason Statham Dwayne Johnson,2017,6.8,https://image.tmdb.org/t/p/w500/g52r6ZXqRPfRagwsOaorOGWxOk3.jpg
12 Years a Slave,Drama History,"In the pre-Civil War United States, Solomon Northup, a free black man from upstate New York, is abducted and sold into slavery. Facing cruelty as well as unexpected kindnesses Solomon struggles not only to stay alive, but to retain his dignity. In the twelfth year of his unforgettable odyssey, Solomon’s chance meeting with a Canadian abolitionist will forever alter his life.",whip kidnapping slavery plantation night shift violin player physical abuse cotton slave owner 19th century sold into slavery abolitionist,Steve McQueen,Chiwetel Ejiofor Michael Fassbender Lupita Nyong'o,2013,7.9,https://image.tmdb.org/t/p/w500/kb3X943WMIJYVg4SOAyK0pmWL5D.jpg
Charlie and the Chocolate Factory,Adventure Comedy Family Fantasy,"A young boy wins a tour through the most magnificent chocolate factory in the world, led by the world's most unusual candy maker.",london england father son relationship chocolate factory worker based on novel parent child relationship candy overweight child grandfather grandson relationship teacher,Tim Burton,Johnny Depp Freddie Highmore David Kelly,2005,6.7,https://image.tmdb.org/t/p/w500/dvHl1dYvaZRhj9Gk0ITcCHr4DIJ.jpg
Eternal Sunshine of the Spotless Mind,Science Fiction Drama Romance,"Joel Barish, heartbroken that his girlfriend underwent a procedure to erase him from her memory, decides to do the same. However, as he watches his memories of her fade away, he realises that he still loves her, and may be too late to correct his mistake.",deja vu regret jealousy amnesia dream operation relationship problems love memory brainwashing relationship heartbreak nonlinear timeline love story bittersweet,Michel Gondry,Jim Carrey Kate Winslet Kirsten Dunst,2004,7.9,https://image.tmdb.org/t/p/w500/7y3eYvTsGjxPYDtSnumCLIMDkrV.jpg
Edward Scissorhands,Fantasy Drama Romance,A small suburban town receives a visit from a castaway unfinished science experiment named Edward.,underdog love at first sight hairdresser small town scissors inventor burglar unsociability,Tim Burton,Johnny Depp Winona Ryder Dianne Wiest,1990,7.5,https://image.tmdb.org/t/p/w500/kgLTB53HinftRRwhft7yrUOclDC.jpg
Twilight,Adventure Fantasy Drama Romance,"When Bella Swan moves to a small town in the Pacific Northwest to live with her father, she starts school and meets the reclusive Edward Cullen, a mysterious classmate who reveals himself to be a 108-year-old vampire. Despite Edward's repeated cautions, Bella can't help but fall in love with him, a fatal move that endangers her own life when a coven of bloodsuckers try to challenge the Cullen clan.",soulmates vampire forbidden love immortality trust desire duringcreditsstinger woman director interspecies romance based on young adult novel fang vamp,Catherine Hardwicke,Kristen Stewart Robert Pattinson Billy Burke,2008,5.8,https://image.tmdb.org/t/p/w500/nlvPMLCdum7bkHKmDSMnNLGztmW.jpg
Spider-Man 3,Fantasy Action Adventure,"The seemingly invincible Spider-Man goes up against an all-new crop of villain – including the shape-shifting Sandman. While Spider-Man’s superpowers are altered by an alien organism, his alter ego, Peter Parker, deals with nemesis Eddie Brock and also gets caught up in a love triangle.",dual identity amnesia sandstorm love of one's life forgiveness spider wretch death of a friend egomania sand narcism hostility marvel comic sequel superhero revenge,Sam Raimi,Tobey Maguire Kirsten Dunst James Franco,2007,5.9,https://image.tmdb.org/t/p/w500/sqZKCRYGovZ8aN99VVJSdL8Ja9k.jpg
Terminator Genisys,Science Fiction Action Thriller Adventure,"The year is 2029. John Connor, leader of the resistance continues the war against the machines. At the Los Angeles offensive, John's fears of the unknown future begin to emerge when TECOM spies reveal a new plot by SkyNet that will attack him from both fronts; past and future, and will ultimately change warfare forever.",saving the world artificial intelligence cyborg killer robot future time travel dystopia sequel fiction duringcreditsstinger 3d,Alan Taylor,Arnold Schwarzenegger Jason Clarke Emilia Clarke,2015,5.8,https://image.tmdb.org/t/p/w500/5JU9ytZJyR3zmClGmVm9q4Geqbd.jpg
Zombieland,Comedy Horror,"Columbus has made a habit of running from what scares him. Tallahassee doesn't have fears. If he did, he'd kick their ever-living ass. In a world overrun by zombies, these two are perfectly evolved survivors. But now, they're about to stare down the most terrifying prospect of all: each other.",washington d.c. sister sister relationship post-apocalyptic road trip blood splatter parody survival zombie violence survival horror amusement park twinkie body count zombification disposing of a dead body bitten on the arm loner aftercreditsstinger zombie apocalypse fear of clowns,Ruben Fleischer,Jesse Eisenberg Woody Harrelson Emma Stone,2009,7.2,https://image.tmdb.org/t/p/w500/vUzzDpVrab1BOG3ogxhRGfLN94d.jpg
Life Is Beautiful,Comedy Drama,A touching story of an Italian book seller of Jewish ancestry who lives in his own little fairy tale. His creative and happy life would come to an abrupt halt when his entire family is deported to a concentration camp during World War II. While locked up he tries to convince his son that the whole thing is just a game.,italy riddle bookshop self sacrifice mass murder concentration camp bicycle accident fascism loss of father world war ii love of one's life deportation jew persecution fantasy nazis national socialism charade riding a bicycle price story teller concentration camp prisoner dying and death peekaboo,Roberto Benigni,Nicoletta Braschi Roberto Benigni Giorgio Cantarini,1997,8.3,https://image.tmdb.org/t/p/w500/f7DImXDebOs148U4uPjI61iDvaK.jpg
The Bourne Identity,Action Drama Mystery Thriller,"Wounded to the brink of death and suffering from amnesia, Jason Bourne is rescued at sea by a fisherman. With nothing to go on but a Swiss bank account number, he starts to reconstruct his life, but finds that many people he encounters want him dead. However, Bourne realizes that he has the combat and mental skills of a world-class spy – but who does he work for?",paris barcelona spain assassin based on novel secret identity amnesia sniper passport mission of murder lovers escape shootout foot chase cell phone car chase multiple identities surveillance camera hamburg germany fishing boat langley virginia safe deposit box flashback hand to hand combat,Doug Liman,Matt Damon Franka Potente Chris Cooper,2002,7.3,https://image.tmdb.org/t/p/w500/bXQIL36VQdzJ69lcjQR1WQzJqQR.jpg
Monsters University,Animation Family,A look at the relationship between Mike and Sulley during their days at Monsters University — when they weren't necessarily the best of friends.,monster dormitory games animation best friend university scary aftercreditsstinger,Dan Scanlon,Billy Crystal John Goodman Steve Buscemi,2013,7.0,https://image.tmdb.org/t/p/w500/a05xQU9huY3P5uurLcGGHmsf2Vh.jpg
X-Men: The Last Stand,Adventure Action Science Fiction Thriller,"When a cure is found to treat mutations, lines are drawn amongst the X-Men and The Brotherhood, a band of powerful mutants organized under Xavier's former ally, Magneto.",mutant marvel comic based on comic superhuman beast cyclops aftercreditsstinger,Brett Ratner,Hugh Jackman Halle Berry Ian McKellen,2006,6.3,https://image.tmdb.org/t/p/w500/9jsW4RurucTwCEtA5iWV2PmIv11.jpg
Oz: The Great and Powerful,Fantasy Adventure Family,"Oscar Diggs, a small-time circus illusionist and con-artist, is whisked from Kansas to the Land of Oz where the inhabitants assume he's the great wizard of prophecy, there to save Oz from the clutches of evil.",circus witch magic hope illusion lost magic trick wizard 3d,Sam Raimi,James Franco Mila Kunis Rachel Weisz,2013,5.7,https://image.tmdb.org/t/p/w500/7qzLIcYR7ev7iXngY8NKHBZHwwT.jpg
Donnie Darko,Fantasy Drama Mystery,"After narrowly escaping a bizarre accident, a troubled teenager is plagued by visions of a large bunny rabbit that manipulates him to commit a series of crimes.",parent child relationship airplane time travel school presentation school performance suburbia vision morality teenager,Richard Kelly,Jake Gyllenhaal Jena Malone Patrick Swayze,2001,7.7,https://image.tmdb.org/t/p/w500/nmb4QhCRmdfNP6rgb81yUFgI83l.jpg
X2,Adventure Action Science Fiction Thriller,"Professor Charles Xavier and his team of genetically gifted superheroes face a rising tide of anti-mutant sentiment led by Col. William Stryker. Storm, Wolverine and Jean Grey must join their usual nemeses –  Magneto and Mystique – to unhinge Stryker's scheme to exterminate all mutants.",mutant marvel comic superhero based on comic superhuman,Bryan Singer,Patrick Stewart Hugh Jackman Ian McKellen,2003,6.8,https://image.tmdb.org/t/p/w500/8TAPuoephNAiRGgBobP4xQl0QGK.jpg
The Secret Life of Pets,Animation Family,"The quiet life of a terrier named Max is upended when his owner takes in Duke, a stray whom Max instantly dislikes.","pet bunny anthropomorphism dog animal apartment building sewer terrier manhattan, new york city rodent mongrel",Chris Renaud,Louis C.K. Eric Stonestreet Kevin Hart,2016,5.9,https://image.tmdb.org/t/p/w500/WLQN5aiQG8wc9SeKwixW7pAR8K.jpg
A Good Day to Die Hard,Action Thriller,"Iconoclastic, take-no-prisoners cop John McClane, finds himself for the first time on foreign soil after traveling to Moscow to help his wayward son Jack - unaware that Jack is really a highly-trained CIA operative out to stop a nuclear weapons heist. With the Russian underworld in pursuit, and battling a countdown to war, the two McClanes discover that their opposing methods make them unstoppable heroes.",bomb cia russia escape courthouse rogue moscow,John Moore,Bruce Willis Jai Courtney Sebastian Koch,2013,5.2,https://image.tmdb.org/t/p/w500/c2SQMd00CCGTiDxGXVqA2J9lmzF.jpg
In Time,Action Thriller Science Fiction,"In the not-too-distant future the aging gene has been switched off. To avoid overpopulation, time has become the currency and the way people pay for luxuries and necessities. The rich can live forever, while the rest try to negotiate for their immortality. A poor young man who comes into a fortune of time, though too late to help his mother from dying. He ends up on the run from a corrupt police force known as 'time keepers'.",bank future time dystopia race against time immortality on the run class differences cops and robbers  rich vs poor,Andrew Niccol,Justin Timberlake Amanda Seyfried Cillian Murphy,2011,6.7,https://image.tmdb.org/t/p/w500/lnYuAr3QOPzvuEFlzpsRUq41IEy.jpg
Elysium,Science Fiction Action Drama Thriller,"In the year 2159, two classes of people exist: the very wealthy who live on a pristine man-made space station called Elysium, and the rest, who live on an overpopulated, ruined Earth. Secretary Rhodes (Jodie Foster), a hard line government ofﬁcial, will stop at nothing to enforce anti-immigration laws and preserve the luxurious lifestyle of the citizens of Elysium. That doesn’t stop the people of Earth from trying to get in, by any means they can. When unlucky Max (Matt Damon) is backed into a corner, he agrees to take on a daunting mission that, if successful, will not only save his life, but could bring equality to these polarized worlds.",dystopia space station class conflict,Neill Blomkamp,Matt Damon Jodie Foster Sharlto Copley,2013,6.4,https://image.tmdb.org/t/p/w500/tHkjoAxmhp3Eau1h0Ir7maKMwUz.jpg
The Matrix Reloaded,Adventure Action Thriller Science Fiction,"Six months after the events depicted in The Matrix, Neo has proved to be a good omen for the free humans, as more and more humans are being freed from the matrix and brought to Zion, the one and only stronghold of the Resistance.  Neo himself has discovered his superpowers including super speed, ability to see the codes of the things inside the matrix and a certain degree of pre-cognition. But a nasty piece of news hits the human resistance: 250,000 machine sentinels are digging to Zion and would reach them in 72 hours. As Zion prepares for the ultimate war, Neo, Morpheus and Trinity are advised by the Oracle to find the Keymaker who would help them reach the Source.  Meanwhile Neo's recurrent dreams depicting Trinity's death have got him worried and as if it was not enough, Agent Smith has somehow escaped deletion, has become more powerful than before and has fixed Neo as his next target.",saving the world artificial intelligence man vs machine martial arts kung fu underground world dream hero fight computer virus key future plato precognition rave dying and death virtual reality dystopia computer faith world religion truth mission cyberpunk woman director gnosticism,Lilly Wachowski,Keanu Reeves Carrie-Anne Moss Laurence Fishburne,2003,6.7,https://image.tmdb.org/t/p/w500/ezIurBz2fdUc68d98Fp9dRf5ihv.jpg
Aladdin,Animation Family Comedy Adventure Fantasy Romance,"Princess Jasmine grows tired of being forced to remain in the palace and she sneaks out into the marketplace  in disguise where she meets street-urchin Aladdin and the two fall in love, although she may only marry a prince. After being thrown in jail, Aladdin and becomes embroiled in a plot to find a mysterious lamp with which the evil Jafar hopes to rule the land.",magic musical cartoon princess love comedy animation monkey arab aftercreditsstinger genie animal sidekick,Ron Clements,Scott Weinger Robin Williams Linda Larkin,1992,7.4,https://image.tmdb.org/t/p/w500/7f53XAE4nPiGe9XprpGAeWHuKPw.jpg
The Social Network,Drama,"On a fall night in 2003, Harvard undergrad and computer programming genius Mark Zuckerberg sits down at his computer and heatedly begins working on a new idea. In a fury of blogging and programming, what begins in his dorm room as a small site among friends soon becomes a global social network and a revolution in communication. A mere six years and 500 million friends later, Mark Zuckerberg is the youngest billionaire in history... but for this entrepreneur, success leads to both personal and legal complications.",hacker hacking creator frat party social network deposition intellectual property entrepreneur arrogance young entrepreneur facebook,David Fincher,Jesse Eisenberg Andrew Garfield Justin Timberlake,2010,7.1,https://image.tmdb.org/t/p/w500/ok5Wh8385Kgblq9MSU4VGvazeMH.jpg
The Fast and the Furious,Action Crime Thriller,"Domenic Toretto is a Los Angeles street racer suspected of masterminding a series of big-rig hijackings. When undercover cop Brian O'Conner infiltrates Toretto's iconoclastic crew, he falls for Toretto's sister and must choose a side: the gang or the LAPD.",street gang car race undercover auto-tuning los angeles car automobile racing aftercreditsstinger duringcreditsstinger,Rob Cohen,Paul Walker Vin Diesel Michelle Rodriguez,2001,6.6,https://image.tmdb.org/t/p/w500/x4So4OkqnjfOSBCCNd5uosMmQiB.jpg
Nightcrawler,Crime Drama Thriller,"When Lou Bloom, desperate for work, muscles into the world of L.A. crime journalism, he blurs the line between observer and participant to become the star of his own story. Aiding him in his effort is Nina, a TV-news veteran.",journalism underground tv station sociopath home invasion car chase tv news employer employee relationship ethics stringer,Dan Gilroy,Jake Gyllenhaal Rene Russo Riz Ahmed,2014,7.6,https://image.tmdb.org/t/p/w500/8oPY6ULFOTbAEskySNhgsUIN4fW.jpg
Argo,Drama Thriller,"As the Iranian revolution reaches a boiling point, a CIA 'exfiltration' specialist concocts a risky plan to free six Americans who have found shelter at the home of the Canadian ambassador.",cia wife husband relationship revolution hiding place press conference biography hanged man american abroad extraction iran hostage crisis intelligence agent langley virginia 1980s,Ben Affleck,Ben Affleck Bryan Cranston Alan Arkin,2012,7.1,https://image.tmdb.org/t/p/w500/oai3xLBQHpIh18VJdRCcL7D0Yg0.jpg
Moana,Adventure Animation Family,"In Ancient Polynesia, when a terrible curse incurred by Maui reaches an impetuous Chieftain's daughter's island, she answers the Ocean's call to seek out the demigod to set things right.",ocean sailboat mythology island musical animation curse young girl sailor aftercreditsstinger demigod polynesia voyage pacific  ocean quest maui animal sidekick,Ron Clements,Auli'i Cravalho Dwayne Johnson Rachel House,2016,7.3,https://image.tmdb.org/t/p/w500/z4x0Bp48ar3Mda8KiPD1vwSY3D8.jpg
District 9,Science Fiction,"Aliens land in South Africa and, with their ship totally disabled,  have no way home. Years later, after living in a slum and wearing out their welcome the 'Non-Humans' are being moved to a new tent city overseen by Multi-National United (MNU).",slum street gang mutation south africa johannesburg dystopia genetics government satire alien prawn mockumentary alternate history racism metamorphosis xenophobia internment camp body transformation alien technology segregation,Neill Blomkamp,Sharlto Copley Jason Cope Nathalie Boltt,2009,7.3,https://image.tmdb.org/t/p/w500/axFmCRNQsW6Bto8XuJKo08MPPV5.jpg
American Beauty,Drama,"Lester Burnham, a depressed suburban father in a mid-life crisis, decides to turn his hectic life around after developing an infatuation with his daughter's attractive friend.",male nudity female nudity adultery parent child relationship midlife crisis coming out first time camcorder virgin nudity film maker estate agent satire loneliness dark comedy suburbia coming of age marijuana exercise bittersweet affair,Sam Mendes,Kevin Spacey Annette Bening Thora Birch,1999,7.9,https://image.tmdb.org/t/p/w500/or1MP8BZIAjqWYxPdPX724ydKar.jpg
A Clockwork Orange,Science Fiction Drama,"Demonic gang-leader Alex goes on the spree of rape, mugging and murder with his pack of ""droogs"". But he's a boy who also likes Beethoven's Ninth and a bit of ""the old in-out, in-out"". He later finds himself at the mercy of the state and its brainwashing experiment designed to take violence off the streets.",prison street gang rape adolescence sexuality beethoven parent child relationship social worker living together society dystopia controversy controversial violence futuristic society,Stanley Kubrick,Malcolm McDowell Patrick Magee Adrienne Corri,1971,8.0,https://image.tmdb.org/t/p/w500/kgAi87gyx6b4oGJYSC36tVkJyJu.jpg
Tangled,Animation Family,"When the kingdom's most wanted-and most charming-bandit Flynn Rider hides out in a mysterious tower, he's taken hostage by Rapunzel, a beautiful and feisty tower-bound teen with 70 feet of magical, golden hair. Flynn's curious captor, who's looking for her ticket out of the tower where she's been locked away for years, strikes a deal with the handsome thief and the unlikely duo sets off on an action-packed escapade, complete with a super-cop horse, an over-protective chameleon and a gruff gang of pub thugs.",hostage magic horse fairy tale musical princess animation tower blonde woman selfishness healing power based on fairy tale duringcreditsstinger healing gift animal sidekick,Byron Howard,Mandy Moore Zachary Levi Donna Murphy,2010,7.4,https://image.tmdb.org/t/p/w500/re6AOJbhBk9FIK3knwU6rYlbPDx.jpg
The Godfather: Part II,Drama Crime,"In the continuing saga of the Corleone crime family, a young Vito Corleone grows up in Sicily and in 1910s New York. In the 1950s, Michael Corleone attempts to expand the family business into Las Vegas, Hollywood and Cuba.",italo-american cuba vororte melancholy praise revenge mafia lawyer blood corrupt politician bloody body of child man punches woman,Francis Ford Coppola,Al Pacino Robert Duvall Diane Keaton,1974,8.3,https://image.tmdb.org/t/p/w500/bVq65huQ8vHDd1a4Z37QtuyEvpA.jpg
Braveheart,Action Drama History War,"Enraged at the slaughter of Murron, his new bride and childhood love, Scottish warrior William Wallace slays a platoon of the local English lord's soldiers. This leads the village to revolt and, eventually, the entire country to rise up against English rule.",individual scotland in love with enemy legend independence idealism revolt tyranny,Mel Gibson,Mel Gibson Catherine McCormack Sophie Marceau,1995,7.7,https://image.tmdb.org/t/p/w500/2qAgGeYdLjelOEqjW9FYvPHpplC.jpg
Amélie,Comedy Romance,"At a tiny Parisian café, the adorable yet painfully shy Amélie (Audrey Tautou) accidentally discovers a gift for helping others. Soon Amelie is spending her days as a matchmaker, guardian angel, and all-around do-gooder. But when she bumps into a handsome stranger, will she find the courage to become the star of her very own love story?",paris love triangle ghost train sex-shop shyness montmartre daughter garden gnome journey round the world photography,Jean-Pierre Jeunet,Audrey Tautou Mathieu Kassovitz Rufus,2001,7.8,https://image.tmdb.org/t/p/w500/f0uorE7K7ggHfr8r7pUTOHWkOlE.jpg
The Theory of Everything,Drama Romance,"The Theory of Everything is the extraordinary story of one of the world’s greatest living minds, the renowned astrophysicist Stephen Hawking, who falls deeply in love with fellow Cambridge student Jane Wilde.",wife husband relationship biography physicist based on memoir or autobiography stephen hawking fictionalized biography motor neuron disease als,James Marsh,Eddie Redmayne Felicity Jones Charlie Cox,2014,7.8,https://image.tmdb.org/t/p/w500/4jspr8hLLuju59bCnMiefzRW4p0.jpg
The Curious Case of Benjamin Button,Fantasy Drama Thriller Mystery Romance,"Tells the story of Benjamin Button, a man who starts aging backwards with bizarre consequences.",diary navy funeral tea travel hospital,David Fincher,Cate Blanchett Brad Pitt Tilda Swinton,2008,7.3,https://image.tmdb.org/t/p/w500/4O4INOPtWTfHq3dd5vYTPV0TCwa.jpg
22 Jump Street,Crime Comedy Action,"After making their way through high school (twice), big changes are in store for officers Schmidt and Jenko when they go deep undercover at a local college. But when Jenko meets a kindred spirit on the football team, and Schmidt infiltrates the bohemian art major scene, they begin to question their partnership. Now they don't have to just crack the case - they have to figure out if they can have a mature relationship. If these two overgrown adolescents can grow from freshmen into real men, college might be the best thing that ever happened to them.",high school undercover cop buddy comedy aftercreditsstinger duringcreditsstinger,Phil Lord,Jonah Hill Channing Tatum Dave Franco,2014,7.0,https://image.tmdb.org/t/p/w500/gNlV5FhDZ1PjxSv2aqTPS30GEon.jpg
Now You See Me 2,Action Adventure Comedy Crime Mystery Thriller,"One year after outwitting the FBI and winning the public’s adulation with their mind-bending spectacles, the Four Horsemen resurface only to find themselves face to face with a new enemy who enlists them to pull off their most dangerous heist yet.",london england china magic secret society vigilante sequel revenge heist on the run macau china magician,Jon M. Chu,Jesse Eisenberg Woody Harrelson Mark Ruffalo,2016,6.7,https://image.tmdb.org/t/p/w500/hU0E130tsGdsYa4K9lc3Xrn5Wyt.jpg
E.T. the Extra-Terrestrial,Science Fiction Adventure Family Fantasy,"After a gentle alien becomes stranded on Earth, the being is discovered and befriended by a young boy named Elliott. Bringing the extraterrestrial into his suburban California house, Elliott introduces E.T., as the alien is dubbed, to his brother and his little sister, Gertie, and the children decide to keep its existence a secret. Soon, however, E.T. falls ill, resulting in government intervention and a dire situation for both Elliott and the alien.",farewell homesickness nasa extraterrestrial technology operation space marine loss of father hiding place riding a bicycle flying saucer prosecution halloween flowerpot finger single,Steven Spielberg,Henry Thomas Drew Barrymore Robert MacNaughton,1982,7.3,https://image.tmdb.org/t/p/w500/8htLKK03TJjKZOXJgihZCu8v0P.jpg
Transformers: Dark of the Moon,Action Science Fiction Adventure,"Sam Witwicky takes his first tenuous steps into adulthood while remaining a reluctant human ally of Autobot-leader Optimus Prime. The film centers around the space race between the USSR and the USA, suggesting there was a hidden Transformers role in it all that remains one of the planet's most dangerous secrets.",moon spacecraft traitor bodyguard alien planet based on cartoon transformers giant robot sabotage word domination commando duringcreditsstinger,Michael Bay,Shia LaBeouf John Malkovich Ken Jeong,2011,6.1,https://image.tmdb.org/t/p/w500/sZY3ls18QTY0pFBJn2vl2MmauTQ.jpg
Fifty Shades of Grey,Drama Romance Thriller,"When college senior Anastasia Steele steps in for her sick roommate to interview prominent businessman Christian Grey for their campus paper, little does she realize the path her life will take. Christian, as enigmatic as he is rich and powerful, finds himself strangely drawn to Ana, and she to him. Though sexually inexperienced, Ana plunges headlong into an affair -- and learns that Christian's true sexual proclivities push the boundaries of pain and pleasure.",based on novel perversion spanking billionaire bdsm woman director,Sam Taylor-Johnson,Dakota Johnson Jamie Dornan Jennifer Ehle,2015,5.2,https://image.tmdb.org/t/p/w500/jV8wnk3Jgz6f7degmT3lHNGI2tK.jpg
The Usual Suspects,Drama Crime Thriller,"Held in an L.A. interrogation room, Verbal Kint attempts to convince the feds that a mythic crime lord, Keyser Soze, not only exists, but was also responsible for drawing him and his four partners into a multi-million dollar heist that ended with an explosion in San Pedro harbor – leaving few survivors. Verbal lures his interrogators with an incredible story of the crime lord's almost supernatural prowess.",law relatives theft criminal criminal mastermind hungarian sibling,Bryan Singer,Stephen Baldwin Gabriel Byrne Chazz Palminteri,1995,8.1,https://image.tmdb.org/t/p/w500/jgJoRWltoS17nD5MAQ1yK2Ztefw.jpg
Independence Day,Action Adventure Science Fiction,"On July 2, a giant alien mothership enters orbit around Earth and deploys several dozen saucer-shaped 'destroyer' spacecraft that quickly lay waste to major cities around the planet. On July 3, the United States conducts a coordinated counterattack that fails. On July 4, a plan is devised to gain access to the interior of the alien mothership in space, in order to plant a nuclear missile.",spacecraft patriotism countdown independence invasion war ufo extraterrestrial spaceship alien battle,Roland Emmerich,Will Smith Bill Pullman Jeff Goldblum,1996,6.7,https://image.tmdb.org/t/p/w500/bqLlWZJdhrS0knfEJRkquW7L8z2.jpg
Madagascar,Family Animation,"Zoo animals leave the comforts of man-made habitats for exotic adventure in this animated family film. After escaping from the zoo, four friends -- a lion, a hippo, a zebra and a giraffe -- are sent back to Africa. When their ship capsizes, stranding them on Madagascar, an island populated by crazy critters, the pals must adapt to jungle life and their new roles as wild animals.",lion hippopotamus giraffe penguin zebra,Eric Darnell,Ben Stiller Chris Rock David Schwimmer,2005,6.6,https://image.tmdb.org/t/p/w500/2YiESGB68BGQSAFvfJxBi774sc4.jpg
Cast Away,Adventure Drama,"Chuck, a top international manager for FedEx, and Kelly, a Ph.D. student, are in love and heading towards marriage. Then Chuck's plane to Malaysia ditches at sea during a terrible storm. He's the only survivor, and he washes up on a tiny island with nothing but some flotsam and jetsam from the aircraft's cargo.",exotic island suicide attempt volleyball loneliness airplane crash deserted island tropical island survival skills,Robert Zemeckis,Tom Hanks Helen Hunt Chris Noth,2000,7.5,https://image.tmdb.org/t/p/w500/w515BrZvczKIxbHurG6HIiYYrba.jpg
Hacksaw Ridge,Drama History War,"WWII American Army Medic Desmond T. Doss, who served during the Battle of Okinawa, refuses to kill people and becomes the first Conscientious Objector in American history to receive the Congressional Medal of Honor.",japan world war ii violent father pacifism bible biography war conscientious objector based on true story gore religion soldier religious alcoholic war hero medic u.s. military based on true events historical drama 1940s,Mel Gibson,Andrew Garfield Sam Worthington Vince Vaughn,2016,7.8,https://image.tmdb.org/t/p/w500/bndiUFfJxNd2fYx8XO610L9a07m.jpg
Hansel & Gretel: Witch Hunters,Fantasy Horror Action,"After getting a taste for blood as children, Hansel and Gretel have become the ultimate vigilantes, hell-bent on retribution. Now, unbeknownst to them, Hansel and Gretel have become the hunted, and must face an evil far greater than witches... their past.",witch black magic steampunk good vs evil troll extreme violence violence witchcraft evil witch hunt witch hunter evil witch duringcreditsstinger hansel and gretel guns 3d,Tommy Wirkola,Jeremy Renner Gemma Arterton Famke Janssen,2013,5.7,https://image.tmdb.org/t/p/w500/3bQHHXuzZDu2Ju3VFjIM72E9TSw.jpg
Aliens,Horror Action Thriller Science Fiction,"When Ripley's lifepod is found by a salvage crew over 50 years later, she finds that terra-formers are on the very planet they found the alien species. When the company sends a family of colonists out to investigate her story, all contact is lost with the planet and colonists. They enlist Ripley and the colonial marines to return and search for answers.",android extraterrestrial technology space marine spaceman cryogenics vacuum space colony warrior woman settler space travel colony alien xenomorph,James Cameron,Sigourney Weaver Michael Biehn James Remar,1986,7.7,https://image.tmdb.org/t/p/w500/nORMXEkYEbzkU5WkMWMgRDJwjSZ.jpg
Mission: Impossible - Rogue Nation,Action Adventure Thriller,"Ethan and team take on their most impossible mission yet, eradicating the Syndicate - an International rogue organization as highly skilled as they are, committed to destroying the IMF.",london england spy austria villain sequel mission conspiracy vienna opera vienna,Christopher McQuarrie,Tom Cruise Rebecca Ferguson Simon Pegg,2015,7.1,https://image.tmdb.org/t/p/w500/z2sJd1OvAGZLxgjBdSnQoLCfn3M.jpg
Godzilla,Action Science Fiction Thriller,"Ford Brody, a Navy bomb expert, has just reunited with his family in San Francisco when he is forced to go to Japan to help his estranged father, Joe. Soon, both men are swept up in an escalating crisis when Godzilla, King of the Monsters, arises from the sea to combat malevolent adversaries that threaten the survival of humanity. The creatures leave colossal destruction in their wake, as they make their way toward their final battleground: San Francisco.",monster godzilla remake giant monster gojira kaiju global threat animal horror,Gareth Edwards,Aaron Taylor-Johnson Ken Watanabe Elizabeth Olsen,2014,6.1,https://image.tmdb.org/t/p/w500/szVwkB4H5yyOJBVuQ432b9boO0N.jpg
Kung Fu Panda,Adventure Animation Family Comedy,"When the Valley of Peace is threatened, lazy Po the panda discovers his destiny as the ""chosen one"" and trains to become a kung fu hero, but transforming the unsleek slacker into a brave warrior won't be easy. It's up to Master Shifu and the Furious Five -- Tigress, Crane, Mantis, Viper and Monkey -- to give it a try.",china martial arts kung fu mentor snake restaurant shop strong woman bravery tiger turtle panda sensei anthropomorphism fighting ancient china monkey master destiny evil aftercreditsstinger monkey warrior noodle,Mark Osborne,Jack Black Dustin Hoffman Angelina Jolie,2008,6.9,https://image.tmdb.org/t/p/w500/2Paj1nufT0jeSY0G4u3RC31HIGT.jpg
The Sixth Sense,Mystery Thriller Drama,"A psychological thriller about an eight year old boy named Cole Sear who believes he can see into the world of the dead. A child psychologist named Malcolm Crowe comes to Cole to help him deal with his problem, learning that he really can see ghosts of dead people.",child abuse sense of guilt loss of child confidence psychology dying and death marriage crisis afterlife single paranormal phenomena cowardliness child spiritism,M. Night Shyamalan,Bruce Willis Toni Collette Olivia Williams,1999,7.7,https://image.tmdb.org/t/p/w500/imps263dHNe3SuoaAJORZyNTdDT.jpg
Indiana Jones and the Last Crusade,Adventure Action,"When Dr. Henry Jones Sr. suddenly goes missing while pursuing the Holy Grail, eminent archaeologist Indiana must team up with Marcus Brody, Sallah and Elsa Schneider to follow in his father's footsteps and stop the Nazis from recovering the power of eternal life.",saving the world venice holy grail library riddle father son relationship whip treasure nazis entrapment crusader treasure hunt escape panzer order of the templars archaeologist indiana jones archeology ,Steven Spielberg,Harrison Ford Sean Connery Denholm Elliott,1989,7.6,https://image.tmdb.org/t/p/w500/4p1N2Qrt8j0H8xMHMHvtRxv9weZ.jpg
The Secret Life of Walter Mitty,Adventure Comedy Drama Fantasy,A timid magazine photo manager who lives life vicariously through daydreams embarks on a true-life adventure when a negative goes missing.,himalaya photographer magazine iceland daydream photograph shark fired from the job skateboard dreamer online dating daydreaming,Ben Stiller,Ben Stiller Kristen Wiig Patton Oswalt,2013,7.0,https://image.tmdb.org/t/p/w500/b0nIj7dr2bcLAn3erYhql7f6aUm.jpg
Miss Peregrine's Home for Peculiar Children,Drama Fantasy Adventure,A teenager finds himself transported to an island where he must help protect a group of orphans with special powers from creatures intent on destroying them.,time travel orphan superpower,Tim Burton,Eva Green Asa Butterfield Samuel L. Jackson,2016,6.5,https://image.tmdb.org/t/p/w500/AvekzUdI8HZnImdQulmTTmAZXrC.jpg
GoodFellas,Drama Crime,"The true story of Henry Hill, a half-Irish, half-Sicilian Brooklyn kid who is adopted by neighbourhood gangsters at an early age and climbs the ranks of a Mafia family under the guidance of Jimmy Conway.",prison based on novel florida 1970s mass murder irish-american drug traffic biography based on true story murder organized crime gore mafia gangster new york city extreme violence violence brooklyn new york city crime epic tampa,Martin Scorsese,Robert De Niro Ray Liotta Joe Pesci,1990,8.2,https://image.tmdb.org/t/p/w500/hAPeXBdGDGmXRPj4OZZ0poH65Iu.jpg
The Devil Wears Prada,Comedy Drama Romance,The Devil Wears Prada is about a young journalist who moves to New York to work in the fashion industry. Her boss however is extremely demanding and cruel and won’t let her succeed if she doesn’t fit into the high class elegant look of their magazine when all she really wants to be a good journalist.,paris journalist journalism world of fasion fashion journal assistant job entrant job interview editor-in-chief,David Frankel,Meryl Streep Anne Hathaway Emily Blunt,2006,7.0,https://image.tmdb.org/t/p/w500/8unCRm0LeiO0fM6skWAZy3ZfXR1.jpg
Transformers: Revenge of the Fallen,Science Fiction Action Adventure,"Sam Witwicky leaves the Autobots behind for a normal life. But when his mind is filled with cryptic symbols, the Decepticons target him and he is dragged back into the Transformers' war.",egypt sun chaos symbol artifact transformers tank robot imax duringcreditsstinger,Michael Bay,Shia LaBeouf Megan Fox Josh Duhamel,2009,6.0,https://image.tmdb.org/t/p/w500/kVISXAXDYhjQCfu50QZeCCzzbPv.jpg
Men in Black II,Action Adventure Comedy Science Fiction,"Kay and Jay reunite to provide our best, last and only line of defense against a sinister seductress who levels the toughest challenge yet to the MIB's untarnished mission statement – protecting Earth from the scum of the universe. It's been four years since the alien-seeking agents averted an intergalactic disaster of epic proportions. Now it's a race against the clock as Jay must convince Kay – who not only has absolutely no memory of his time spent with the MIB, but is also the only living person left with the expertise to save the galaxy – to reunite with the MIB before the earth submits to ultimate destruction.",saving the world secret identity sun glasses undercover space marine illegal immigration deportation new identity flying saucer light firearm alien fictional government agency,Barry Sonnenfeld,Tommy Lee Jones Will Smith Rip Torn,2002,6.1,https://image.tmdb.org/t/p/w500/qWjRfBwr4VculczswwojXgoU0mq.jpg
Prisoners,Drama Thriller Crime,"When Keller Dover's daughter and her friend go missing, he takes matters into his own hands as the police pursue multiple leads and the pressure mounts. But just how far will this desperate father go to protect his family?",pennsylvania kidnapping maze vigilante rural setting candlelight vigil,Denis Villeneuve,Hugh Jackman Jake Gyllenhaal Paul Dano,2013,7.9,https://image.tmdb.org/t/p/w500/yAhqW57pwMAsCgmZpM5zSIVQVTh.jpg
Snow White and the Huntsman,Adventure Fantasy Drama,"After the Evil Queen marries the King, she performs a violent coup in which the King is murdered and his daughter, Snow White, is taken captive. Almost a decade later, a grown Snow White is still in the clutches of the Queen. In order to obtain immortality, The Evil Queen needs the heart of Snow White. After Snow escapes the castle, the Queen sends the Huntsman to find her in the Dark Forest.",queen magic fairy tale immortality forest deception woman eternal youth snow white evil queen evil stepmother imprisoned sorceress,Rupert Sanders,Kristen Stewart Charlize Theron Chris Hemsworth,2012,5.8,https://image.tmdb.org/t/p/w500/40iabcM7KQLJzmO8yGm8AvUbxZR.jpg
Gran Torino,Drama,"Walt Kowalski is a widower who holds onto his prejudices despite the changes in his Michigan neighborhood and the world around him. Kowalski is a grumpy, tough-minded, unhappy old man who can't get along with either his kids or his neighbors. He is a Korean War veteran whose prize possession is a 1972 Gran Torino he keeps in mint condition. When his neighbor Thao, a young Hmong teenager under pressure from his gang member cousin, tries to steal his Gran Torino, Kowalski sets out to reform the youth. Drawn against his will into the life of Thao's family, Kowalski is soon taking steps to protect them from the gangs that infest their neighborhood.",rape war veteran immigration priest gang old man teenager gangster detroit widower car hmong,Clint Eastwood,Clint Eastwood Christopher Carley Bee Vang,2008,7.8,https://image.tmdb.org/t/p/w500/yeBc5vpEiqIAZrbVQnl833GlBEi.jpg
The Conjuring,Horror Thriller,"Paranormal investigators Ed and Lorraine Warren work to help a family terrorized by a dark presence in their farmhouse. Forced to confront a powerful entity, the Warrens find themselves caught in the most terrifying case of their lives.",sister sister relationship exorcism rhode island based on true story farmhouse paranormal investigation ghost supernatural power paranormal investigator annabelle,James Wan,Patrick Wilson Vera Farmiga Lili Taylor,2013,7.4,https://image.tmdb.org/t/p/w500/xYGkdhOEVoFrLNUotuTXemtQAWd.jpg
The Notebook,Romance Drama,"An epic love story centered around an older man who reads aloud to a woman with Alzheimer's. From a faded notebook, the old man's words bring to life the story about a couple who is separated by World War II, and is then passionately reunited, seven years later, after they have taken different paths.",poem river sadness fight love of one's life dementia class secret love tears candle mailbox,Nick Cassavetes,Rachel McAdams Ryan Gosling Gena Rowlands,2004,7.7,https://image.tmdb.org/t/p/w500/gMfstesBXKdsHToAUXVPHujUDfb.jpg
How to Train Your Dragon 2,Fantasy Action Adventure Animation Comedy Family,"The thrilling second chapter of the epic How To Train Your Dragon trilogy brings back the fantastical world of Hiccup and Toothless five years later. While Astrid, Snotlout and the rest of the gang are challenging each other to dragon races (the island's new favorite contact sport), the now inseparable pair journey through the skies, charting unmapped territories and exploring new worlds. When one of their adventures leads to the discovery of a secret ice cave that is home to hundreds of new wild dragons and the mysterious Dragon Rider, the two friends find themselves at the center of a battle to protect the peace.",father son relationship wife husband relationship sacrifice viking sequel rescue dragon mother son relationship death of husband warrior 3d,Dean DeBlois,Jay Baruchel Gerard Butler Kristen Wiig,2014,7.6,https://image.tmdb.org/t/p/w500/lRjOR4uclMQijUav4OjeZprlehu.jpg
Kong: Skull Island,Action Adventure Fantasy,"Explore the mysterious and dangerous home of the king of the apes as a team of explorers ventures deep inside the treacherous, primordial island.",vietnam veteran 1970s monster expedition island king kong u.s. soldier kaiju aftercreditsstinger monster island uncharted,Jordan Vogt-Roberts,Tom Hiddleston Samuel L. Jackson Brie Larson,2017,6.2,https://image.tmdb.org/t/p/w500/r2517Vz9EhDhj88qwbDVj8DCRZN.jpg
The Matrix Revolutions,Adventure Action Thriller Science Fiction,The human city of Zion defends itself against the massive invasion of the machines as Neo fights to end the war at another front while also opposing the rogue Agent Smith.,saving the world artificial intelligence man vs machine flying philosophy fortune teller kung fu underground world killer robot temple subway dream sun hero fight sunlight computer virus key future precognition super computer machine town ying yang dying and death virtual reality dystopia computer faith world religion truth rescue mission cyberpunk woman director yin yang gnosticism,Lilly Wachowski,Keanu Reeves Laurence Fishburne Carrie-Anne Moss,2003,6.4,https://image.tmdb.org/t/p/w500/sKogjhfs5q3azmpW7DFKKAeLEG8.jpg
Maze Runner: The Scorch Trials,Action,"Thomas and his fellow Gladers face their greatest challenge yet: searching for clues about the mysterious and powerful organization known as WCKD. Their journey takes them to the Scorch, a desolate landscape filled with unimaginable obstacles. Teaming up with resistance fighters, the Gladers take on WCKD’s vastly superior forces and uncover its shocking plans for them all.",based on novel resistance maze post-apocalyptic dystopia infection on the run escape zombie storm disease desert sewer antidote corporation virus runner city ruin immunity,Wes Ball,Dylan O'Brien Kaya Scodelario Thomas Brodie-Sangster,2015,6.5,https://image.tmdb.org/t/p/w500/vlTPQANjLYTebzFJM1G4KeON0cb.jpg
Into the Wild,Adventure Drama,"The true story of top student and athlete, Christopher McCandless, who after graduating from Emory University in 1992, abandoned his possessions, gave his entire $24,000 savings account to charity and hitchhiked to Alaska to live in the wilderness.",male nudity parent child relationship camping cutting the cord self-discovery wilderness biography based on true story pubic hair alaska journey,Sean Penn,Emile Hirsch Marcia Gay Harden William Hurt,2007,7.8,https://image.tmdb.org/t/p/w500/lHyYgaocXR6KcJLxVmxZDj115hH.jpg
Transformers: Age of Extinction,Science Fiction Action Adventure,"As humanity picks up the pieces, following the conclusion of ""Transformers: Dark of the Moon,"" Autobots and Decepticons have all but vanished from the face of the planet. However, a group of powerful, ingenious businessman and scientists attempt to learn from past Transformer incursions and push the boundaries of technology beyond what they can control - all while an ancient, powerful Transformer menace sets Earth in his cross-hairs.",sequel alien transformers giant robot robot imax transforming robot,Michael Bay,Mark Wahlberg Stanley Tucci Kelsey Grammer,2014,5.8,https://image.tmdb.org/t/p/w500/ykIZB9dYBIKV13k5igGFncT5th6.jpg
The Lego Movie,Adventure Animation Comedy Family Fantasy,"An ordinary Lego mini-figure, mistakenly thought to be the extraordinary MasterBuilder, is recruited to join a quest to stop an evil Lego tyrant from gluing the universe together.",father son relationship creativity friendship part live action toys based on toy falling in love super powers duringcreditsstinger different worlds lego batman,Phil Lord,Chris Pratt Will Ferrell Elizabeth Banks,2014,7.5,https://image.tmdb.org/t/p/w500/lMHbadNmznKs5vgBAkHxKGHulOa.jpg
Chappie,Crime Action Science Fiction,"Every child comes into the world full of promise, and none more so than Chappie: he is gifted, special, a prodigy. Like any child, Chappie will come under the influence of his surroundings—some good, some bad—and he will rely on his heart and soul to find his way in the world and become his own man. But there's one thing that makes Chappie different from any one else: he is a robot.",artificial intelligence android robot near future robot cop,Neill Blomkamp,Sharlto Copley Dev Patel Ninja,2015,6.6,https://image.tmdb.org/t/p/w500/saF3HtAduvrP9ytXDxSnQJP3oqx.jpg
Pan's Labyrinth,Fantasy Drama War,"Living with her tyrannical stepfather in a new home with her pregnant mother, 10-year-old Ofelia feels alone until she explores a decaying labyrinth guarded by a mysterious faun who claims to know her destiny. If she wishes to return to her real father, Ofelia must complete three terrifying tasks.",spain resistance servant anti hero fairy fairy tale franco regime army princess love woods king hiding labyrinth mythological,Guillermo del Toro,Ivana Baquero Maribel Verdú Sergi López,2006,7.6,https://image.tmdb.org/t/p/w500/t0TDsqbCTgSi0AL7k4baZrOYYhi.jpg
Bruce Almighty,Fantasy Comedy,"Bruce Nolan toils as a ""human interest"" television reporter in Buffalo, N.Y. Despite his high ratings and the love of his beautiful girlfriend, Grace, Bruce remains unfulfilled. At the end of the worst day in his life, he angrily ridicules God -- and the Almighty responds, endowing Bruce with all of His divine powers.",christianity moon responsability moses street gang lovesickness journalism new love faith prayer god car crash,Tom Shadyac,Jim Carrey Jennifer Aniston Philip Baker Hall,2003,6.4,https://image.tmdb.org/t/p/w500/y5TEe8Qbgn91dwqVm9FqE2PEL4Q.jpg
American History X,Drama,"Derek Vineyard is paroled after serving 3 years in prison for killing two thugs who tried to break into/steal his truck. Through his brother, Danny Vineyard's narration, we learn that before going to prison, Derek was a skinhead and the leader of a violent white supremacist gang that committed acts of racial crime throughout L.A. and his actions greatly influenced Danny. Reformed and fresh out of prison, Derek severs contact with the gang and becomes determined to keep Danny from going down the same violent path as he did.",usa neo-nazi prison skinhead brother brother relationship rape fascism brother basketball jail school swastika los angeles family hate neo nazism xenophobia interracial friendship nazism prison rape,Tony Kaye,Edward Norton Edward Furlong Beverly D'Angelo,1998,8.2,https://image.tmdb.org/t/p/w500/fXepRAYOx1qC3wju7XdDGx60775.jpg
A Beautiful Mind,Drama Romance,"At Princeton University, John Nash struggles to make a worthwhile contribution to serve as his legacy to the world of mathematics. He finally makes a revolutionary breakthrough that will eventually earn him the Nobel Prize. After graduate school he turns to teaching, becoming romantically involved with his student Alicia. Meanwhile the government asks his help with breaking Soviet codes, which soon gets him involved in a terrifying conspiracy plot. Nash grows more and more paranoid until a discovery that turns his entire world upside down. Now it is only with Alicia's help that he will be able to recover his mental strength and regain his status as the great mathematician we know him as today..",individual schizophrenia massachusetts love of one's life intelligence mathematician market economy economic theory princeton university nobel prize mathematical theorem m.i.t. mathematics delusion,Ron Howard,Russell Crowe Ed Harris Jennifer Connelly,2001,7.7,https://image.tmdb.org/t/p/w500/4SFqHDZ1NvWdysucWbgnYlobdxC.jpg
The Incredible Hulk,Science Fiction Action Adventure,"Scientist Bruce Banner scours the planet for an antidote to the unbridled force of rage within him: the Hulk. But when the military masterminds who dream of exploiting his powers force him back to civilization, he finds himself coming face to face with a new, deadly foe.",new york rio de janeiro marvel comic superhero based on comic on the run fugitive super soldier tony stark virginia military hulk marvel cinematic universe angry bruce banner,Louis Leterrier,Edward Norton Liv Tyler Tim Roth,2008,6.1,https://image.tmdb.org/t/p/w500/qTghl3lO8PhmIxkf8eN5WQQefHI.jpg
No Country for Old Men,Crime Drama Thriller,"Llewelyn Moss stumbles upon dead bodies, $2 million and a hoard of heroin in a Texas desert, but methodical killer Anton Chigurh comes looking for it, with local sheriff Ed Tom Bell hot on his trail. The roles of prey and predator blur as the violent pursuit of money and justice collide.",texas drug traffic hitman united states–mexico barrier suspense,Joel Coen,Tommy Lee Jones Javier Bardem Josh Brolin,2007,7.7,https://image.tmdb.org/t/p/w500/6o0UWX2naW7HK45PDNYmoMIk5qs.jpg
Shrek 2,Adventure Animation Comedy Family Fantasy,"Shrek, Fiona and Donkey set off to Far, Far Away to meet Fiona's mother and father. But not everyone is happy. Shrek and the King find it hard to get along, and there's tension in the marriage. The fairy godmother discovers that Shrek has married Fiona instead of her Son Prince Charming and sets about destroying their marriage.",prison magic liberation honeymoon parents-in-law kingdom enchantment dancing scene transformation fairy-tale figure,Andrew Adamson,Mike Myers Eddie Murphy Cameron Diaz,2004,6.7,https://image.tmdb.org/t/p/w500/akWDA0BMVYK4OTM92T5i91DYnsT.jpg
2001: A Space Odyssey,Science Fiction Mystery Adventure,"Humanity finds a mysterious object buried beneath the lunar surface and sets off to find its origins with the help of HAL 9000, the world's most advanced super computer.",moon jupiter artificial intelligence man vs machine technology super computer human being space travel space mission moon base astronaut evolution monolith space station,Stanley Kubrick,Keir Dullea Gary Lockwood William Sylvester,1968,7.9,https://image.tmdb.org/t/p/w500/90T7b2LIrL07ndYQBmSm09yqVEH.jpg
The Perks of Being a Wallflower,Drama Romance,"A coming-of-age story based on the best-selling novel by Stephen Chbosky, which follows 15-year-old freshman Charlie, an endearing and naive outsider who is taken under the wings of two seniors. A moving tale of love, loss, fear and hope - and the unforgettable friends that help us through life.",shyness secret narration kiss freshman coming of age teenage boy high school student first love aunt nephew relationship gay lead character santa hat lgbt teen aunt nephew incest based on young adult novel,Stephen Chbosky,Logan Lerman Emma Watson Ezra Miller,2012,7.7,https://image.tmdb.org/t/p/w500/cyNQLnHnXZcTUDXVVSEYmquOTOI.jpg
We're the Millers,Comedy Crime,A veteran pot dealer creates a fake family as part of his plan to move a huge shipment of weed into the U.S. from Mexico.,mexico police gang drug smuggling drug family,Rawson Marshall Thurber,Jason Sudeikis Jennifer Aniston Will Poulter,2013,6.8,https://image.tmdb.org/t/p/w500/digXuLXmk88Ar23LYUQTLcz5npA.jpg
Hancock,Fantasy Action,"Hancock is a down-and-out superhero who's forced to employ a PR expert to help repair his image when the public grows weary of all the damage he's inflicted during his lifesaving heroics. The agent's idea of imprisoning the antihero to make the world miss him proves successful, but will Hancock stick to his new sense of purpose or slip back into old habits?",flying alcohol love of one's life forbidden love lovers affection advertising expert alcoholism invulnerability superhero pokies duringcreditsstinger,Peter Berg,Will Smith Charlize Theron Jason Bateman,2008,6.2,https://image.tmdb.org/t/p/w500/dsCxSr4w3g2ylhlZg3v5CB5Pid7.jpg
Mr. & Mrs. Smith,Action Comedy Drama Thriller,"After five (or six) years of vanilla-wedded bliss, ordinary suburbanites John and Jane Smith are stuck in a huge rut. Unbeknownst to each other, they are both coolly lethal, highly-paid assassins working for rival organisations. When they discover they're each other's next target, their secret lives collide in a spicy, explosive mix of wicked comedy, pent-up passion, nonstop action and high-tech weaponry.",bomb assassin secret identity secret assault rifle gun married couple hitman decoy marriage crisis marriage job dysfunctional marriage gunfight bullet wound,Doug Liman,Angelina Jolie Brad Pitt Vince Vaughn,2005,6.5,https://image.tmdb.org/t/p/w500/dqs5BmwSULtB28Kls3IB6khTQwp.jpg
Jack Reacher,Crime Drama Thriller,"In an innocent heartland city, five are shot dead by an expert sniper. The police quickly identify and arrest the culprit, and build a slam-dunk case. But the accused man claims he's innocent and says ""Get Jack Reacher."" Reacher himself sees the news report and turns up in the city. The defense is immensely relieved, but Reacher has come to bury the guy. Shocked at the accused's request, Reacher sets out to confirm for himself the absolute certainty of the man's guilt, but comes up with more than he bargained for.",based on novel sniper investigation police quarry,Christopher McQuarrie,Tom Cruise Rosamund Pike Richard Jenkins,2012,6.3,https://image.tmdb.org/t/p/w500/38bmEXmuJuInLs9dwfgOGCHmZ7l.jpg
G.I. Joe: Retaliation,Adventure Action Science Fiction Thriller,"Framed for crimes against the country, the G.I. Joe team is terminated by Presidential order. This forces the G.I. Joes into not only fighting their mortal enemy Cobra; they are forced to contend with threats from within the government that jeopardize their very existence.",terror assassin secret technology missile warhead president rescue conspiracy explosion battle surveillance cobra,Jon M. Chu,Dwayne Johnson D.J. Cotrona Adrianne Palicki,2013,5.4,https://image.tmdb.org/t/p/w500/swk1AHwPvIJv8NUFM1qpFuaT642.jpg
Fantastic Four,Action Adventure Fantasy Science Fiction,"During a space voyage, four scientists are altered by cosmic rays: Reed Richards gains the ability to stretch his body; Sue Storm can become invisible; Johnny Storm controls fire; and Ben Grimm is turned into a super-strong … thing. Together, these ""Fantastic Four"" must now thwart the evil plans of Dr. Doom and save the world from certain destruction.",flying fire brother sister relationship marriage proposal radiation dna missile mask transformation supernatural powers friendship marvel comic playboy superhero based on comic laboratory outer space explosion scientist space station brooklyn bridge superhuman strength invisibility elasticity,Tim Story,Ioan Gruffudd Jessica Alba Chris Evans,2005,5.5,https://image.tmdb.org/t/p/w500/aJwUBmUA11lkNVSJ3if3h3xHSFd.jpg
Ice Age: The Meltdown,Animation Family Comedy Adventure,"Diego, Manny and Sid return in this sequel to the hit animated movie Ice Age. This time around, the deep freeze is over, and the ice-covered earth is starting to melt, which will destroy the trio's cherished valley. The impending disaster prompts them to reunite and warn all the other beasts about the desperate situation.",mammoth sloth ice age barrier ice ice melting iceberg flooding adventure lovers deluge saber-toothed tiger,Carlos Saldanha,Ray Romano John Leguizamo Denis Leary,2006,6.5,https://image.tmdb.org/t/p/w500/isRuztu5Ch7FJdtSBLcG8QSOpEI.jpg
Cloud Atlas,Drama Science Fiction,"A set of six nested stories spanning time between the 19th century and a distant post-apocalyptic future. Cloud Atlas explores how the actions and consequences of individual lives impact one another throughout the past, the present and the future. Action, mystery and romance weave through the story as one soul is shaped from a killer into a hero and a single act of kindness ripples across centuries to inspire a revolution in the distant future.  Based on the award winning novel by David Mitchell. Directed by Tom Tykwer and the Wachowskis.",clone future dystopia ensemble cast duringcreditsstinger century woman director 1930s,Tom Tykwer,Tom Hanks Halle Berry Jim Broadbent,2012,6.6,https://image.tmdb.org/t/p/w500/8VNiyIp67ZxhpNgdrwACW0jgvP2.jpg
Scarface,Action Crime Drama Thriller,"After getting a green card in exchange for assassinating a Cuban government official, Tony Montana stakes a claim on the drug trade in Miami. Viciously murdering anyone who stands in his way, Tony eventually becomes the biggest drug lord in the state, controlling nearly all the cocaine that comes through Miami. But increased pressure from the police, wars with Colombian drug cartels and his own drug-fueled paranoia serve to fuel the flames of his eventual downfall.",miami corruption capitalism cuba prohibition brother sister relationship loss of sister cocaine cult film bitterness,Brian De Palma,Al Pacino Steven Bauer Michelle Pfeiffer,1983,8.0,https://image.tmdb.org/t/p/w500/zr2p353wrd6j3wjLgDT4TcaestB.jpg
San Andreas,Action Drama Thriller,"In the aftermath of a massive earthquake in California, a rescue-chopper pilot makes a dangerous journey across the state in order to rescue his estranged daughter.",california earthquake catastrophe disaster film 3d san andreas san andreas california rescue operation,Brad Peyton,Dwayne Johnson Alexandra Daddario Carla Gugino,2015,6.0,https://image.tmdb.org/t/p/w500/qey0tdcOp9kCDdEZuJ87yE3crSe.jpg
Quantum of Solace,Adventure Action Thriller Crime,"Quantum of Solace continues the adventures of James Bond after Casino Royale. Betrayed by Vesper, the woman he loved, 007 fights the urge to make his latest mission personal. Pursuing his determination to uncover the truth, Bond and M interrogate Mr. White, who reveals that the organization that blackmailed Vesper is far more complex and dangerous than anyone had imagined.",killing undercover secret agent british secret service,Marc Forster,Daniel Craig Olga Kurylenko Mathieu Amalric,2008,6.1,https://image.tmdb.org/t/p/w500/6mlNx0Jiqhg3D7NlANT9pidsgPJ.jpg
Olympus Has Fallen,Action Thriller,"When the White House (Secret Service Code: ""Olympus"") is captured by a terrorist mastermind and the President is kidnapped, disgraced former Presidential guard Mike Banning finds himself trapped within the building. As the national security team scrambles to respond, they are forced to rely on Banning's inside knowledge to help retake the White House, save the President and avert an even bigger disaster.",white house secret service terrorist attack,Antoine Fuqua,Gerard Butler Aaron Eckhart Angela Bassett,2013,6.2,https://image.tmdb.org/t/p/w500/l542hLtKhsmOWEBFoC7Aajk0nKt.jpg
One Flew Over the Cuckoo's Nest,Drama,"While serving time for insanity at a state mental hospital, implacable rabble-rouser, Randle Patrick McMurphy inspires his fellow patients to rebel against the authoritarian rule of head nurse, Mildred Ratched.",individual rebel self-destruction wheelchair lunatic asylum dying and death rage and hate freedom insanity basic rights and human rights psychiatrist,Miloš Forman,Jack Nicholson Louise Fletcher Danny DeVito,1975,8.3,https://image.tmdb.org/t/p/w500/2Sns5oMb356JNdBHgBETjIpRYy9.jpg
The Big Lebowski,Comedy Crime,"Jeffrey ""The Dude"" Lebowski, a Los Angeles slacker who only wants to bowl and drink white Russians, is mistaken for another Jeffrey Lebowski, a wheelchair-bound millionaire, and finds himself dragged into a strange series of events involving nihilists, adult film producers, ferrets, errant toes, and large sums of money.",white russian dude bowling vietnam veteran carpet nihilism heart attack kidnapping lsd marijuana los angeles millionaire cowboy ashes impregnation bowling team unemployed bowling ball weeds,Joel Coen,Jeff Bridges John Goodman Julianne Moore,1998,7.8,https://image.tmdb.org/t/p/w500/qiE3ovg9TPylHReZjizQ40LsKZV.jpg
The Equalizer,Thriller Action Crime,"In The Equalizer, Denzel Washington plays McCall, a man who believes he has put his mysterious past behind him and dedicated himself to beginning a new, quiet life. But when McCall meets Teri (Chloë Grace Moretz), a young girl under the control of ultra-violent Russian gangsters, he can’t stand idly by – he has to help her. Armed with hidden skills that allow him to serve vengeance against anyone who would brutalize the helpless, McCall comes out of his self-imposed retirement and finds his desire for justice reawakened. If someone has a problem, if the odds are stacked against them, if they have nowhere else to turn, McCall will help. He is The Equalizer.",corruption assassin hostage fbi hitman russian security camera sadism vigilante sociopath revenge suspense organized crime gore gangster violence teenage prostitute commando interrogation surveillance ex soldier faked death loner call girl black ops hand to hand combat mysterious past,Antoine Fuqua,Denzel Washington Marton Csokas Chloë Grace Moretz,2014,7.1,https://image.tmdb.org/t/p/w500/2eQfjqlvPAxd9aLDs8DvsKLnfed.jpg
(500) Days of Summer,Comedy Drama Romance,"Tom (Joseph Gordon-Levitt), greeting-card writer and hopeless romantic, is caught completely off-guard when his girlfriend, Summer (Zooey Deschanel), suddenly dumps him. He reflects on their 500 days together to try to figure out where their love affair went sour, and in doing so, Tom rediscovers his true passions in life.",date sex jealousy fight architect gallery interview sister party love friends fate los angeles summer ikea year heartache,Marc Webb,Joseph Gordon-Levitt Zooey Deschanel Chloë Grace Moretz,2009,7.2,https://image.tmdb.org/t/p/w500/5SjtNPD1bb182vzQccvEUpXHFjN.jpg
The Hangover Part III,Comedy,"This time, there's no wedding. No bachelor party. What could go wrong, right? But when the Wolfpack hits the road, all bets are off.",sequel hangover,Todd Phillips,Bradley Cooper Ed Helms Zach Galifianakis,2013,6.0,https://image.tmdb.org/t/p/w500/vtxuPWkdllLNLVyGjKYa267ntuH.jpg
Get Out,Mystery Thriller Horror,"Chris and his girlfriend Rose go upstate to visit her parents for the weekend. At first, Chris reads the family's overly accommodating behavior as nervous attempts to deal with their daughter's interracial relationship, but as the weekend progresses, a series of increasingly disturbing discoveries lead him to a truth that he never could have imagined.",externally controlled action parents-in-law satire dark comedy interracial relationship disappearance racism african american stereotype police harassment missing race-conscious,Jordan Peele,Daniel Kaluuya Allison Williams Bradley Whitford,2017,7.2,https://image.tmdb.org/t/p/w500/1SwAVYpuLj8KsHxllTF8Dt9dSSX.jpg
Back to the Future Part III,Adventure Comedy Family Science Fiction,"The final installment of the Back to the Future trilogy finds Marty digging the trusty DeLorean out of a mineshaft and looking up Doc in the Wild West of 1885. But when their time machine breaks down, the travelers are stranded in a land of spurs. More problems arise when Doc falls for pretty schoolteacher Clara Clayton, and Marty tangles with Buford Tannen.",railroad robber california delorean indian territory sports car inventor locomotive saloon horseback riding time travel outlaw sequel mad scientist native american western shootout gunfight train wild west cavalry,Robert Zemeckis,Michael J. Fox Christopher Lloyd Mary Steenburgen,1990,7.1,https://image.tmdb.org/t/p/w500/6DmgPTZYaug7QNDjOhUDWyjOQDl.jpg
The Jungle Book,Family Adventure Drama Fantasy,"After a threat from the tiger Shere Khan forces him to flee the jungle, a man-cub named Mowgli embarks on a journey of self discovery with the help of panther, Bagheera, and free spirited bear, Baloo.",based on novel snake wolf elephant tiger feral child panther remake bear jungle talking animal orphan animal talking to animals,Jon Favreau,Neel Sethi Bill Murray Ben Kingsley,2016,6.7,https://image.tmdb.org/t/p/w500/vOipe2myi26UDwP978hsYOrnUWC.jpg
The Expendables,Thriller Adventure Action,"Barney Ross leads a band of highly skilled mercenaries including knife enthusiast Lee Christmas, a martial arts expert, heavy weapons specialist, demolitionist, and a loose-cannon sniper. When the group is commissioned by the mysterious Mr. Church to assassinate the dictator of a small South American island, Barney and Lee visit the remote locale to scout out their opposition and discover the true nature of the conflict engulfing the city.",tattoo martial arts sniper island mercenary bridge rescue escape church drug blade ensemble cast duringcreditsstinger,Sylvester Stallone,Sylvester Stallone Jason Statham Dolph Lundgren,2010,6.0,https://image.tmdb.org/t/p/w500/y2qJoYxOhzyidsA60Mqn29H38Lk.jpg
Dallas Buyers Club,Drama History,"Loosely based on the true-life tale of Ron Woodroof, a drug-taking, women-loving, homophobic man who in 1986 was diagnosed with HIV/AIDS and given thirty days to live.",women aids biography based on true story hiv drug 1980s,Jean-Marc Vallée,Matthew McConaughey Jennifer Garner Jared Leto,2013,7.9,https://image.tmdb.org/t/p/w500/nxJFUxDRP9qQCiyD5sH24N5SCSu.jpg
Snatch,Thriller Crime,"The second film from British director Guy Ritchie. Snatch tells an obscure story similar to his first fast-paced crazy character-colliding filled film “Lock, Stock and Two Smoking Barrels.” There are two overlapping stories here – one is the search for a stolen diamond, and the other about a boxing promoter who’s having trouble with a psychotic gangster.",gypsy bare knuckle boxing slang trailer park pig sport receiving of stolen goods cockney accent diamond pikey,Guy Ritchie,Benicio del Toro Dennis Farina Vinnie Jones,2000,7.7,https://image.tmdb.org/t/p/w500/on9JlbGEccLsYkjeEph2Whm1DIp.jpg
Night at the Museum,Action Adventure Comedy Family Fantasy,"Chaos reigns at the natural history museum when night watchman Larry Daley accidentally stirs up an ancient curse, awakening Attila the Hun, an army of gladiators, a Tyrannosaurus rex and other exhibits. Larry tries desperately to keep the museum under control, but he's fighting a losing battle until President Teddy Roosevelt comes to the rescue.",museum skeleton night shift chaos genghis khan maya civilization natural history theodore roosevelt dinosaur based on children's book magical object security guard duringcreditsstinger inanimate objects coming to life,Shawn Levy,Ben Stiller Jake Cherry Carla Gugino,2006,6.4,https://image.tmdb.org/t/p/w500/NUbCSwy2EQ9Z6psUjPqr3WdVI2.jpg
The Expendables 2,Action Adventure Thriller,"Mr. Church reunites the Expendables for what should be an easy paycheck, but when one of their men is murdered on the job, their quest for revenge puts them deep in enemy territory and up against an unexpected threat.",airplane number in title airplane crash violence beard ensemble cast loss of friend wisecrack humor airport lounge asian woman,Simon West,Sylvester Stallone Jason Statham Dolph Lundgren,2012,6.1,https://image.tmdb.org/t/p/w500/dJPnTe1qOcO7XqsJvESFph83m6m.jpg
The Bourne Ultimatum,Action Drama Mystery Thriller,"Bourne is brought out of hiding once again by reporter Simon Ross who is trying to unveil Operation Blackbriar, an upgrade to Project Treadstone, in a series of newspaper columns. Information from the reporter stirs a new set of memories, and Bourne must finally uncover his dark past while dodging The Company's best efforts to eradicate him.",paris corruption madrid assassin based on novel europe prosecution dangerous false identity revelation government weapon interpol sequel conspiracy shootout espionage motorcycle violence foot chase moskow dark past langley virginia flashback chase on the roof security leak,Paul Greengrass,Matt Damon Julia Stiles David Strathairn,2007,7.3,https://image.tmdb.org/t/p/w500/fHho6JYYY0nRcETWSoeI19iZsNF.jpg
John Wick: Chapter 2,Thriller Action Crime,"John Wick is forced out of retirement by a former associate looking to seize control of a shadowy international assassins’ guild. Bound by a blood oath to aid him, Wick travels to Rome and does battle against some of the world’s most dangerous killers.",italy gun roof party sequel handshake,Chad Stahelski,Keanu Reeves Common Laurence Fishburne,2017,6.7,https://image.tmdb.org/t/p/w500/zkXnKIwX5pYorKJp2fjFSfNyKT0.jpg
Slumdog Millionaire,Drama Romance,"Jamal Malik is an impoverished Indian teen who becomes a contestant on the Hindi version of ‘Who Wants to Be a Millionaire?’ but, after he wins, he is suspected of cheating.",slum indian lead cheating suspicion game show orphan duringcreditsstinger,Danny Boyle,Dev Patel Freida Pinto Anil Kapoor,2008,7.6,https://image.tmdb.org/t/p/w500/9zknVczWOLhTKnT9nbX2IOCHtZn.jpg
Snowpiercer,Action Science Fiction Drama,"In a future where a failed global-warming experiment kills off most life on the planet, a class system evolves aboard the Snowpiercer, a train that travels around the globe via a perpetual-motion engine.",father son relationship child labour brothel winter allegory bridge post-apocalyptic dystopia hijacking of train based on comic dam rifle pregnant train violence based on graphic novel guilt revolt duplicity tunnel social class population control perpetual winter city ruin,Bong Joon-ho,Chris Evans Song Kang-ho Ed Harris,2013,6.7,https://image.tmdb.org/t/p/w500/oP0ZWr6MsaQ1TV7xvnZJMKSfz0H.jpg
Tomorrowland,Adventure Family Mystery Science Fiction,"Bound by a shared destiny, a bright, optimistic teen bursting with scientific curiosity and a former boy-genius inventor jaded by disillusionment embark on a danger-filled mission to unearth the secrets of an enigmatic place somewhere in time and space that exists in their collective memory as ""Tomorrowland.""",inventor apocalypse destiny imax dreamer futuristic car futuristic city,Brad Bird,Britt Robertson George Clooney Raffey Cassidy,2015,6.2,https://image.tmdb.org/t/p/w500/69Cz9VNQZy39fUE2g0Ggth6SBTM.jpg
TRON: Legacy,Adventure Action Science Fiction,"Sam Flynn, the tech-savvy and daring son of Kevin Flynn, investigates his father's disappearance and is pulled into The Grid. With the help of a mysterious program named Quorra, Sam quests to stop evil dictator Clu from crossing into the real world.",artificial intelligence secret identity computer program dystopia computer deception duel motorcycle neon light autocracy,Joseph Kosinski,Garrett Hedlund Jeff Bridges Olivia Wilde,2010,6.3,https://image.tmdb.org/t/p/w500/vllvystwQjmXzy5OvBKnGl1JREF.jpg
Watchmen,Action Mystery Science Fiction,"In a gritty and alternate 1985 the glory days of costumed vigilantes have been brought to a close by a government crackdown, but after one of the masked veterans is brutally murdered, an investigation into the killer is initiated. The reunited heroes set out to prevent their own destruction, but in doing so uncover a sinister plot that puts all of humanity in grave danger.",dc comics secret identity mass murder retirement based on comic conspiracy nuclear war doomsday soviet masked vigilante doomsday clock red square death of superhero american president 1980s,Zack Snyder,Malin Åkerman Billy Crudup Matthew Goode,2009,7.0,https://image.tmdb.org/t/p/w500/1QqwJBv5a6ddgzaT6cLytJioyrJ.jpg
Good Will Hunting,Drama,"Will Hunting has a genius-level IQ but chooses to work as a janitor at MIT. When he solves a difficult graduate-level math problem, his talents are discovered by Professor Gerald Lambeau, who decides to help the misguided youth reach his potential. When Will is arrested for attacking a police officer, Professor Lambeau makes a deal to get leniency for him if he will get treatment from therapist Sean Maguire.",baseball boston professor m.i.t. harvard university ambition mathematics genius love friends janitor irish psychologist university courtroom flashback prodigy,Gus Van Sant,Robin Williams Matt Damon Ben Affleck,1997,7.9,https://image.tmdb.org/t/p/w500/jq8LjngZ7XZEQge5JFTdOGMrHyZ.jpg
The Bourne Supremacy,Action Drama Thriller,"When a CIA operation to purchase classified Russian documents is blown by a rival agent, who then shows up in the sleepy seaside village where Bourne and Marie have been living. The pair run for their lives and Bourne, who promised retaliation should anyone from his former life attempt contact, is forced to once again take up his life as a trained assassin to survive.",berlin assassin based on novel amnesia sniper lie sequel suspense on the run shootout espionage violence foot chase car chase exploding house though guy one against many rail car dark past moscow hand to hand combat,Paul Greengrass,Matt Damon Franka Potente Brian Cox,2004,7.2,https://image.tmdb.org/t/p/w500/jXwZgmqOtsqsXuB9oGhocOAegCM.jpg
American Hustle,Drama Crime,"A con man, Irving Rosenfeld, along with his seductive partner Sydney Prosser, is forced to work for a wild FBI agent, Richie DiMaso, who pushes them into a world of Jersey powerbrokers and mafia.",con artist scam mobster fbi agent,David O. Russell,Christian Bale Bradley Cooper Amy Adams,2013,6.8,https://image.tmdb.org/t/p/w500/mhB7C62lSMpGO2HYNaW6d7W3TVH.jpg
RED,Action Adventure Comedy Crime Thriller,"When his peaceful life is threatened by a high-tech assassin, former black-ops agent, Frank Moses reassembles his old team in a last ditch effort to survive and uncover his assailants.",cia retirement shot to death sniper rifle retired female spy alarm,Robert Schwentke,Bruce Willis John Malkovich Helen Mirren,2010,6.6,https://image.tmdb.org/t/p/w500/q2mwTRKrq1etP9S4SZVDIJq0wI2.jpg
Indiana Jones and the Temple of Doom,Adventure Action,"After arriving in India, Indiana Jones is asked by a desperate village to find a mystical stone. He agrees – and stumbles upon a secret cult plotting a terrible plan in the catacombs of an ancient palace.",riddle treasure heart skeleton treasure hunt torture violence monkey cult film archaeologist thuggee conveyor belt mine car rope bridge belching child driving a car eating brains splits indiana jones archeology ,Steven Spielberg,Harrison Ford Kate Capshaw Jonathan Ke Quan,1984,7.1,https://image.tmdb.org/t/p/w500/f2nTRKk2zGdUTE7tLJ5EGGSuKA6.jpg
Troy,Adventure Drama War,"In year 1250 B.C. during the late Bronze age, two emerging nations begin to clash. Paris, the Trojan prince, convinces Helen, Queen of Sparta, to leave her husband Menelaus, and sail with him back to Troy. After Menelaus finds out that his wife was taken by the Trojans, he asks his brother Agamemnom to help him get her back. Agamemnon sees this as an opportunity for power. So they set off with 1,000 ships holding 50,000 Greeks to Troy. With the help of Achilles, the Greeks are able to fight the never before defeated Trojans.",brother brother relationship adultery mythology beauty trojan war bravery wall fraud hostility epic sword fight battlefield ancient world pyre ancient greece trojan horse trojan bronze age sparta greece helen of troy homer's iliad,Wolfgang Petersen,Brad Pitt Orlando Bloom Eric Bana,2004,6.9,https://image.tmdb.org/t/p/w500/edMlij7nw2NMla32xskDnzMCFBM.jpg
Room,Drama Thriller,Jack is a young boy of 5 years old who has lived all his life in one room. He believes everything within it are the only real things in the world. But what will happen when his Ma suddenly tells him that there are other things outside of Room?,based on novel carpet isolation kidnapping imprisonment grandparents escape hospital dog captive mother son relationship shed skylight,Lenny Abrahamson,Brie Larson Jacob Tremblay Joan Allen,2015,8.1,https://image.tmdb.org/t/p/w500/eqFckcHuFCT1FrzLOAvXBb4jHwq.jpg
The King's Speech,Drama History,"The King's Speech tells the story of the man who became King George VI, the father of Queen Elizabeth II. After his brother abdicates, George ('Bertie') reluctantly assumes the throne. Plagued by a dreaded stutter and considered unfit to be king, Bertie engages the help of an unorthodox speech therapist named Lionel Logue. Through a set of unexpected techniques, and as a result of an unlikely friendship, Bertie is able to find his voice and boldly lead the country into war.",great britain radio monarchy radio transmission royal family speech marriage royalty death of father,Tom Hooper,Colin Firth Geoffrey Rush Helena Bonham Carter,2010,7.6,https://image.tmdb.org/t/p/w500/nkFTbA1XjKWo9LCTaV1hV2Lsgr1.jpg
Jupiter Ascending,Science Fiction Fantasy Action Adventure,"In a universe where human genetic material is the most precious commodity, an impoverished young Earth woman becomes the key to strategic maneuvers and internal strife within a powerful dynasty…",jupiter space woman director 3d interspecies romance,Lilly Wachowski,Mila Kunis Channing Tatum Sean Bean,2015,5.2,https://image.tmdb.org/t/p/w500/aMEsvTUklw0uZ3gk3Q6lAj6302a.jpg
Pirates of the Caribbean: Dead Men Tell No Tales,Adventure Action Fantasy Comedy,"Thrust into an all-new paycheck, a down-on-his-luck Capt. Jack Sparrow feels the winds of ill-fortune blowing even more strongly when deadly ghost sailors led by his old nemesis, the evil Capt. Salazar, escape from the Devil's Triangle. Jack's only hope of a payout lies in seeking out the legendary Trident of Numbers, but to find it, he must forge an uneasy alliance with a reasonably intelligent and pretty astronomer and a irritating young man in the British navy.",sea ship sequel artifact treasure map pirate period drama monkey swashbuckler ghost caribbean trident,Joachim Rønning,Johnny Depp Javier Bardem Geoffrey Rush,2017,6.6,https://image.tmdb.org/t/p/w500/xbpSDU3p7YUGlu9Mr6Egg2Vweto.jpg
The Mummy,Adventure Action Fantasy,"Dashing legionnaire Rick O'Connell and his companion, Beni stumble upon the hidden ruins of Hamunaptra while in the midst of a battle in 1923, 3,000 years after Imhotep has suffered a fate worse than death – his body will remain undead for all eternity as a punishment for a forbidden love.",library secret passage cairo egypt pastor pyramid sandstorm solar eclipse mummy foreign legion nile secret society treasure hunt remake ancient egypt opposites attract 1920s,Stephen Sommers,Brendan Fraser Rachel Weisz John Hannah,1999,6.6,https://image.tmdb.org/t/p/w500/yhIsVvcUm7QxzLfT6HW2wLf5ajY.jpg
Dead Poets Society,Drama,"At an elite, old-fashioned boarding school in New England, a passionate English teacher inspires his students to rebel against convention and seize the potential of every day, courting the disdain of the stern headmaster.",individual philosophy poetry shakespeare professor literature friendship filmes focados em um professor,Peter Weir,Robin Williams Ethan Hawke Robert Sean Leonard,1989,8.1,https://image.tmdb.org/t/p/w500/3Ri2GReavqSHqWemlP6HYn8i2P9.jpg
Taken 2,Action Crime Thriller,"In Istanbul, retired CIA operative Bryan Mills and his wife are taken hostage by the father of a kidnapper Mills killed while rescuing his daughter.",kidnapping turkey police chase bag over head violence fbi agent teenage daughter stealing a car ex-husband ex-wife relationship albanian u.s. embassy killed in an elevator security guard killed,Olivier Megaton,Liam Neeson Maggie Grace Famke Janssen,2012,6.1,https://image.tmdb.org/t/p/w500/rDX2zd9aVMJnBmlS8efwOYsi76R.jpg
Assassin's Creed,Action Adventure Science Fiction,"Through unlocked genetic memories that allow him to relive the adventures of his ancestor in 15th century Spain, Callum Lynch discovers he's a descendant of the secret 'Assassins' society. After gaining incredible knowledge and skills, he is now poised to take on the oppressive Knights Templar in the present day.",assassination spain assassin secret society brotherhood chase parkour memory religion based on video game corporate conspiracy genetic memory,Justin Kurzel,Michael Fassbender Marion Cotillard Jeremy Irons,2016,5.4,https://image.tmdb.org/t/p/w500/tIKFBxBZhSXpIITiiB5Ws8VGXjt.jpg
The Da Vinci Code,Thriller Mystery,"When the curator of the Louvre is found murdered in the famed museum's hallowed halls, Harvard professor, Robert Langdon and cryptographer, Sophie Neve must untangle a deadly web of deceit involving the works of Leonardo da Vinci.",paris holy grail christianity monk based on novel zurich secret society louvre curator symbologist opus dei heresy mona lisa freemason conspiracy pentagram tomb catholicism cryptologist iconography albino sect,Ron Howard,Tom Hanks Audrey Tautou Ian McKellen,2006,6.5,https://image.tmdb.org/t/p/w500/5IqaT3fza0Y9vKazjGwDGsNuuS8.jpg
Neighbors,Comedy,A couple with a newborn baby face unexpected difficulties after they are forced to live next to a fraternity house.,alcohol baby party family fraternity fraternity house neighbor neighbor relationship bathroom humor,Nicholas Stoller,Seth Rogen Zac Efron Rose Byrne,2014,6.2,https://image.tmdb.org/t/p/w500/bpj8myebvnTw5HDmzTSI8N6WFYr.jpg
Sin City,Action Thriller Crime,"Welcome to Sin City. This town beckons to the tough, the corrupt, the brokenhearted. Some call it dark… Hard-boiled. Then there are those who call it home — Crooked cops, sexy dames, desperate vigilantes. Some are seeking revenge, others lust after redemption, and then there are those hoping for a little of both. A universe of unlikely and reluctant heroes still trying to do the right thing in a city that refuses to care.",dystopia based on comic held captive based on graphic novel black and white and color black and white scene black and white to color mysterious killer doing the right thing mercedes silhouette neo-noir,Robert Rodriguez,Jessica Alba Devon Aoki Clive Owen,2005,7.2,https://image.tmdb.org/t/p/w500/vKJVGOKPyWqp9d2EX5NH1liqRqR.jpg
Source Code,Thriller Science Fiction Mystery,"Decorated soldier Captain Colter Stevens wakes up in the body of an unknown man, discovering he's involved in a mission to find the bomber of a Chicago commuter train. He learns he's part of a top-secret experimental program that enables him to experience the final 8 minutes of another person's life. Colter re-lives the train incident over and over again, gathering more clues each time. But can he discover who is responsible for the attack before the next one happens?",bomb identity fantasy bomber suspicion time travel investigation surrealism soldier helicopter pilot,Duncan Jones,Jake Gyllenhaal Michelle Monaghan Vera Farmiga,2011,7.1,https://image.tmdb.org/t/p/w500/i7hS3kyv7EeoLhCDz3I7MjJ2iEN.jpg
Spotlight,Drama Thriller History,"The true story of how The Boston Globe uncovered the massive scandal of child abuse and the cover-up within the local Catholic Archdiocese, shaking the entire Catholic Church to its core.",child abuse journalism judge florida boston pedophilia court cover-up priest lawyer catholic catholic church catholicism september 11 2001 investigative journalism cardinal christmas,Tom McCarthy,Mark Ruffalo Michael Keaton Rachel McAdams,2015,7.8,https://image.tmdb.org/t/p/w500/ngKxbvsn9Si5TYVJfi1EGAGwThU.jpg
Real Steel,Action Science Fiction Drama,"In the near-future, Charlie Kenton is a washed-up fighter who retired from the ring when robots took over the sport. After Charlie's robot is trashed, he reluctantly teams up with his estranged son Max to rebuild and train an unlikely contender.",father son relationship fight sport robot prizefighting father son reunion robot fighting,Shawn Levy,Hugh Jackman Dakota Goyo Evangeline Lilly,2011,6.6,https://image.tmdb.org/t/p/w500/drtXi58nN6P3zcoLh6wUlsZAYqh.jpg
Trainspotting,Drama Crime,"Renton, deeply immersed in the Edinburgh drug scene, tries to clean up and get out, despite the allure of the drugs and influence of friends.",london england alcohol sex based on novel drug addiction drug dealer nightclub junkie heroin cold turkey modern society hallucination friendship surrealism dark comedy stealing monologue cult film recovering drug addict illegal drugs drug deal drug rehabilitation drug culture antihero,Danny Boyle,Ewan McGregor Ewen Bremner Jonny Lee Miller,1996,7.8,https://image.tmdb.org/t/p/w500/p1O3eFsdb0GEIYu87xlwV7P4jM1.jpg
Ice Age: Continental Drift,Animation Comedy Adventure Family,"Manny, Diego, and Sid embark upon another adventure after their continent is set adrift. Using an iceberg as a ship, they encounter sea creatures and battle pirates as they explore a new world.",blue footed booby prehistoric times melting ice badger elephant seal floating ice land bridge era glaciale deriva,Steve Martino,John Leguizamo Ray Romano Chris Wedge,2012,6.2,https://image.tmdb.org/t/p/w500/u30xsZd3mijrdBKA6CeDsozx48g.jpg
Dunkirk,Action Drama History Thriller War,"The miraculous evacuation of Allied soldiers from Belgium, Britain, Canada and France, who were cut off and surrounded by the German army from the beaches and harbor of Dunkirk, France, between May 26th and June 4th 1940, during the Battle of France in World War II.",france beach world war ii evacuation german pilot british army royal navy royal air force private allied forces dunkirk,Christopher Nolan,Fionn Whitehead Tom Glynn-Carney Jack Lowden,2017,7.5,https://image.tmdb.org/t/p/w500/bOXBV303Fgkzn2K4FeKDc0O31q4.jpg
"The Chronicles of Narnia: The Lion, the Witch and the Wardrobe",Adventure Family Fantasy,"Siblings Lucy, Edmund, Susan and Peter step through a magical wardrobe and find the land of Narnia. There, the they discover a charming, once peaceful kingdom that has been plunged into eternal winter by the evil White Witch, Jadis. Aided by the wise and magnificent lion, Aslan, the children lead Narnia into a spectacular, climactic battle to be free of the Witch's glacial powers forever.",saving the world witch based on novel brother sister relationship self sacrifice winter cupboard beaver lion fairy-tale figure battle narnia fantasy world duringcreditsstinger,Andrew Adamson,William Moseley Anna Popplewell Skandar Keynes,2005,6.7,https://image.tmdb.org/t/p/w500/l8RKDgjl9co0IgFZblxhtIOi5Uj.jpg
Warm Bodies,Horror Comedy Romance,"After a zombie becomes involved with the girlfriend of one of his victims, their romance sets in motion a sequence of events that might transform the entire lifeless world.",post-apocalyptic dystopia zombie zombie apocalypse interspecies romance based on young adult novel,Jonathan Levine,Nicholas Hoult Teresa Palmer Analeigh Tipton,2013,6.4,https://image.tmdb.org/t/p/w500/jqJEkZKTqoAlmaexoWZIkjHdtA7.jpg
The Bourne Legacy,Action Thriller,"New CIA operative, Aaron Cross experiences life-or-death stakes that have been triggered by the previous actions of Jason Bourne.",assassin wolf maryland suicide by gunshot rooftop exploding house laptop tracking device fake id seoul south korea pharmaceutical lab government conspiracy roof chase manila philippines hunted false passport alberta canada lieutenant general,Tony Gilroy,Jeremy Renner Rachel Weisz Edward Norton,2012,6.0,https://image.tmdb.org/t/p/w500/AnKnLsybNhnibvA3mba1ct9Nnb6.jpg
The Big Short,Comedy Drama,The men who made millions from a global economic meltdown.,bank fraud biography wall street finances based on true story animated sequence breaking the fourth wall loan financial crisis real estate mortgage,Adam McKay,Christian Bale Steve Carell Ryan Gosling,2015,7.3,https://image.tmdb.org/t/p/w500/p11Ftd4VposrAzthkhF53ifYZRl.jpg
Mission: Impossible,Adventure Action Thriller,"When Ethan Hunt, the leader of a crack espionage team whose perilous operation has gone awry with no explanation, discovers that a mole has penetrated the CIA, he's surprised to learn that he's the No. 1 suspect. To clear his name, Hunt now must ferret out the real double agent and, in the process, even the score.",paris london england spy cia terrorist secret identity undercover arms deal headquarter secret base secret mission prague embassy secret agent tgv computer mission based on tv series espionage agent,Brian De Palma,Tom Cruise Jon Voight Emmanuelle Béart,1996,6.7,https://image.tmdb.org/t/p/w500/vmj2PzTLC6xJvshpq8SlaYE3gbd.jpg
Teenage Mutant Ninja Turtles,Science Fiction Action Adventure Fantasy Comedy,The city needs heroes. Darkness has settled over New York City as Shredder and his evil Foot Clan have an iron grip on everything from the police to the politicians. The future is grim until four unlikely outcast brothers rise from the sewers and discover their destiny as Teenage Mutant Ninja Turtles. The Turtles must work with fearless reporter April and her wise-cracking cameraman Vern Fenwick to save the city and unravel Shredder's diabolical plan.,martial arts terrorist hero mutation van turtle vigilante superhero based on comic ninja new york city sewer reboot science experiment 3d,Jonathan Liebesman,Megan Fox Will Arnett William Fichtner,2014,5.8,https://image.tmdb.org/t/p/w500/oDL2ryJ0sV2bmjgshVgJb3qzvwp.jpg
Alien: Covenant,Horror Science Fiction Thriller,"Bound for a remote planet on the far side of the galaxy, the crew of the colony ship 'Covenant' discovers what is thought to be an uncharted paradise, but is actually a dark, dangerous world – which has its sole inhabitant the 'synthetic', David, survivor of the doomed Prometheus expedition.",android space travel alien life-form infection egg engineer sequel spaceship space alien gore outer space robot scientist genocide creation biological experiment acid xenomorph alien technology genetic mutation,Ridley Scott,Michael Fassbender Katherine Waterston Billy Crudup,2017,5.7,https://image.tmdb.org/t/p/w500/zecMELPbU5YMQpC81Z8ImaaXuf9.jpg
Me Before You,Drama Romance,"A small town girl is caught between dead-end jobs. A high-profile, successful man becomes wheelchair bound following an accident. The man decides his life is not worth living until the girl is hired for six months to be his new caretaker. Worlds apart and trapped together by circumstance, the two get off to a rocky start. But the girl becomes determined to prove to the man that life is worth living and as they embark on a series of adventures together, each finds their world changing in ways neither of them could begin to imagine.",england based on novel depression small town wheelchair caretaker caregiver disabled twenty something woman director romantic drama dead end job accident,Thea Sharrock,Emilia Clarke Sam Claflin Janet McTeer,2016,7.6,https://image.tmdb.org/t/p/w500/oN5lELHH5Xheiy0YdhnY3JB4hx2.jpg
127 Hours,Adventure Drama Thriller,The true story of mountain climber Aron Ralston's remarkable adventure to save himself after a fallen boulder crashes on his arm and traps him in an isolated canyon in Utah.,mountain despair adventure utah alone canyon climbing based on true story rescue survival escape true trapped boulder adventurer flashback climber isolated hikers very little dialogue,Danny Boyle,James Franco Kate Mara Amber Tamblyn,2010,7.0,https://image.tmdb.org/t/p/w500/c6Nu7UjhGCQtV16WXabqOQfikK6.jpg
Minority Report,Action Thriller Science Fiction Mystery,"John Anderton is a top 'Precrime' cop in the late-21st century, when technology can predict crimes before they're committed. But Anderton becomes the quarry when another investigator targets him for a murder charge.",self-fulfilling prophecy washington d.c. evidence future hologram dystopia murder neo-noir future noir,Steven Spielberg,Tom Cruise Colin Farrell Samantha Morton,2002,7.1,https://image.tmdb.org/t/p/w500/h3lpltSn7Rj1eYTPQO1lYGdw4Bz.jpg
Fantastic 4: Rise of the Silver Surfer,Adventure Fantasy Action Thriller,"The Fantastic Four return to the big screen as a new and all powerful enemy threatens the Earth. The seemingly unstoppable 'Silver Surfer', but all is not what it seems and there are old and new enemies that pose a greater threat than the intrepid superheroes realize.",fire helicopter surfboard mask satellite airplane transformation forest resurrection marvel comic sequel superhero based on comic outer space wedding explosion scientist interrogation double cross fantastic four military earth in peril superhuman strength duringcreditsstinger invisibility silver surfer forcefield elasticity absorbing power,Tim Story,Ioan Gruffudd Jessica Alba Chris Evans,2007,5.4,https://image.tmdb.org/t/p/w500/fXpziQgnBnB4bLgjKhjTbLQumE5.jpg
The Twilight Saga: Breaking Dawn - Part 2,Adventure Fantasy Drama Romance,"After the birth of Renesmee, the Cullens gather other vampire clans in order to protect the child from a false allegation that puts the family in front of the Volturi.",vampire romance villainess super strength imprinting cross breed bloodsucker grudge vampire vs vampire chief of police dhampir forks washington wolf pack misinformation seeing the future fang vamp,Bill Condon,Kristen Stewart Robert Pattinson Taylor Lautner,2012,6.1,https://image.tmdb.org/t/p/w500/kJQPygYB8aNEevZZHRifyYrAdU9.jpg
Star Trek Beyond,Action Adventure Science Fiction,"The USS Enterprise crew explores the furthest reaches of uncharted space, where they encounter a mysterious new enemy who puts them and everything the Federation stands for to the test.",sequel stranded hatred space opera,Justin Lin,Chris Pine Zachary Quinto Karl Urban,2016,6.6,https://image.tmdb.org/t/p/w500/mLrQMqyZgLeP8FrT5LCobKAiqmK.jpg
Jack the Giant Slayer,Action Family Fantasy,"The story of an ancient war that is reignited when a young farmhand unwittingly opens a gateway between our world and a fearsome race of giants. Unleashed on the Earth for the first time in centuries, the giants strive to reclaim the land they once lost, forcing the young man, Jack into the battle of his life to stop them. Fighting for a kingdom, its people, and the love of a brave princess, he comes face to face with the unstoppable warriors he thought only existed in legend–and gets the chance to become a legend himself.",based on fairy tale giant,Bryan Singer,Nicholas Hoult Eleanor Tomlinson Ewan McGregor,2013,5.5,https://image.tmdb.org/t/p/w500/skn7v9tBfFf7sK5CCuLjQRSpMZ1.jpg
Bridge of Spies,Thriller Drama,"During the Cold War, the Soviet Union captures U.S. pilot Francis Gary Powers after shooting down his U-2 spy plane. Sentenced to 10 years in prison, Powers' only hope is New York lawyer James Donovan, recruited by a CIA operative to negotiate his release. Donovan boards a plane to Berlin, hoping to win the young man's freedom through a prisoner exchange. If all goes well, the Russians would get Rudolf Abel, the convicted spy who Donovan defended in court.",spy cia cold war soviet union pilot lawyer american,Steven Spielberg,Tom Hanks Mark Rylance Amy Ryan,2015,7.2,https://image.tmdb.org/t/p/w500/xPCNA8zJxyyFKTj47QpvkXHukzB.jpg
Taxi Driver,Crime Drama,"A mentally unstable Vietnam War veteran works as a night-time taxi driver in New York City where the perceived decadence and sleaze feeds his urge for violent action, attempting to save a preadolescent prostitute in the process.",vietnam veteran taxi obsession drug dealer night shift vigilante alienation misanthrope shot to death illegal prostitution loner,Martin Scorsese,Robert De Niro Cybill Shepherd Harvey Keitel,1976,8.1,https://image.tmdb.org/t/p/w500/yxq4pk1xGmro8tQABuQIrWrvdaE.jpg
Jaws,Horror Thriller Adventure,"An insatiable great white shark terrorizes the townspeople of Amity Island, The police chief, an oceanographer and a grizzled shark hunter seek to destroy the bloodthirsty beast.",fishing atlantic ocean bathing shipwreck police chief ferry boat dying and death dolly zoom shark great white shark animal horror,Steven Spielberg,Roy Scheider Robert Shaw Richard Dreyfuss,1975,7.5,https://image.tmdb.org/t/p/w500/l1yltvzILaZcx2jYvc5sEMkM7Eh.jpg
Hotel Transylvania,Animation Comedy Family Fantasy,"Dracula, who operates a high-end resort away from the human world, goes into overprotective mode when a boy discovers the resort and falls for the count's teen-aged daughter.",witch magic mummy vampire dracula skeleton backpacker frankenstein wolfman zombie invisible man duringcreditsstinger  nosferatu protective father fang vamp,Genndy Tartakovsky,Adam Sandler Steve Buscemi David Spade,2012,6.8,https://image.tmdb.org/t/p/w500/qdLhiJcgO2cykA9hgzrPqHH8oK7.jpg
The Twilight Saga: Breaking Dawn - Part 1,Adventure Fantasy Romance,"The new found married bliss of Bella Swan and vampire Edward Cullen is cut short when a series of betrayals and misfortunes threatens to destroy their world. Bella soon discovers she is pregnant, and during a nearly fatal childbirth, Edward finally fulfills her wish to become immortal. But the arrival of their remarkable daughter, Renesmee, sets in motion a perilous chain of events that pits the Cullens and their allies against the Volturi, the fearsome council of vampire leaders, setting the stage for an all-out battle.",based on novel vampire werewolf duringcreditsstinger fang vamp,Bill Condon,Kristen Stewart Robert Pattinson Taylor Lautner,2011,5.8,https://image.tmdb.org/t/p/w500/p2hlGr02imEs9zeBDAkpZ4PBk6s.jpg
The Pursuit of Happyness,Drama,"The true story of Christopher Gardner, who invests heavily in a device known as a 'Bone Density Scanner', only to find himself struggle to sell the product as it's just marginally better than the current technology, and much more expensive. His wife leaves him,  he loses his house, bank account and credit cards and, now forced to live out in the streets with his young son,  he's desperate to find a steady job. He takes on a job as a stockbroker but, before he can receive pay, he needs to go through 6 months of training, and must sell his devices.",san francisco single parent homeless person bus worker homelessness work church service bad luck biography salesman stockbroker,Gabriele Muccino,Will Smith Jaden Smith Thandie Newton,2006,7.7,https://image.tmdb.org/t/p/w500/iMNp6gTeDBXbzjKRNYtorxZ76G2.jpg
Full Metal Jacket,Drama War,A pragmatic U.S. Marine observes the dehumanizing effects the U.S.-Vietnam War has on his fellow recruits from their brutal boot camp training to the bloody street fighting in Hue.,suicide prostitute helicopter based on novel journalism sniper propaganda vietnam recruit war photographer war correspondent war boot camp rescue jungle infantry sergeant racism violence genocide fighting platoon combat discipline obstacle course peace sign u.s. marine mass grave blanket party,Stanley Kubrick,Matthew Modine Adam Baldwin Vincent D'Onofrio,1987,7.9,https://image.tmdb.org/t/p/w500/zoiGcNlYBR0r2fO2uP44XQF6S1W.jpg
Spy,Action Comedy Crime,"A desk-bound CIA analyst volunteers to go undercover to infiltrate the world of a deadly arms dealer, and prevent diabolical global disaster.",spy cia undercover arms dealer disaster female spy aftercreditsstinger duringcreditsstinger,Paul Feig,Melissa McCarthy Jude Law Rose Byrne,2015,6.9,https://image.tmdb.org/t/p/w500/xaOq0BnMHl445iZ4B7szBzaWgjS.jpg
Focus,Romance Comedy Crime Drama,"Nicky, a veteran con artist, takes a novice named Jess under his wing. While Nicky teaches Jess the tricks of the trade, the pair become romantically involved; but, when Jess gets uncomfortably close, Nicky ends their relationship. Three years later, Nicky is in Buenos Aires working a very dangerous scheme when Jess -- now an accomplished femme fatale -- unexpectedly shows up. Her appearance throws Nicky for a loop at a time when he cannot afford to be off his game.",seduction con man femme fatale deception rivalry con artist,Glenn Ficarra,Will Smith Margot Robbie Rodrigo Santoro,2015,6.7,https://image.tmdb.org/t/p/w500/9IElGiLkxPLUWZ3avy31bNSG3Tq.jpg
Wanted,Action Thriller Crime,"Doormat Wesley Gibson discovers that his recently murdered father – who Wesley never knew – belonged to a secret guild of assassins. After a leather-clad sexpot drafts Wesley into the society, he hones his innate killing skills and turns avenger.",assassin loss of father secret society mission of murder revenge,Timur Bekmambetov,Angelina Jolie James McAvoy Morgan Freeman,2008,6.4,https://image.tmdb.org/t/p/w500/mUrkppyahzk6koYFekxeu0tmcPd.jpg
After Earth,Science Fiction Action Adventure,"One thousand years after cataclysmic events forced humanity's escape from Earth, Nova Prime has become mankind's new home. Legendary General Cypher Raige returns from an extended tour of duty to his estranged family, ready to be a father to his 13-year-old son, Kitai. When an asteroid storm damages Cypher and Kitai's craft, they crash-land on a now unfamiliar and dangerous Earth. As his father lies dying in the cockpit, Kitai must trek across the hostile terrain to recover their rescue beacon. His whole life, Kitai has wanted nothing more than to be a soldier like his father. Today, he gets his chance.",dystopia,M. Night Shyamalan,Jaden Smith Will Smith Sophie Okonedo,2013,5.0,https://image.tmdb.org/t/p/w500/d0vReo0jcMhBjCLYZAFqWHcb7Lj.jpg
Pixels,Action Comedy Science Fiction,Video game experts are recruited by the military to fight 1980s-era video game characters who've attacked New York.,video game nerd alien attack 3d pixels,Chris Columbus,Adam Sandler Michelle Monaghan Peter Dinklage,2015,5.6,https://image.tmdb.org/t/p/w500/ktyVmIqfoaJ8w0gDSZyjhhOPpD6.jpg
Indiana Jones and the Kingdom of the Crystal Skull,Adventure Action,"Set during the Cold War, the Soviets – led by sword-wielding Irina Spalko – are in search of a crystal skull which has supernatural powers related to a mystical Lost City of Gold. After being captured and then escaping from them, Indy is coerced to head to Peru at the behest of a young man whose friend – and Indy's colleague – Professor Oxley has been captured for his knowledge of the skull's whereabouts.",saving the world riddle whip treasure mexico city leather jacket machinegun alien phenomenons maya civilization peru treasure hunt nuclear explosion refrigerator archaeologist indiana jones archeology ,Steven Spielberg,Harrison Ford Cate Blanchett Shia LaBeouf,2008,5.7,https://image.tmdb.org/t/p/w500/qY1x6v5daMDTr904G3y84WVgpfC.jpg
Underworld,Fantasy Action Thriller,"Vampires and werewolves have waged a nocturnal war against each other for centuries. But all bets are off when a female vampire warrior named Selene, who's famous for her strength and werewolf-hunting prowess, becomes smitten with a peace-loving male werewolf, Michael, who wants to end the war.",budapest subway love of one's life vampire bite descendant hostility shootout werewolf blunt fang vamp,Len Wiseman,Kate Beckinsale Scott Speedman Michael Sheen,2003,6.6,https://image.tmdb.org/t/p/w500/rdkxl5iXdpVU188cL1LLG3sy6z4.jpg
Green Lantern,Adventure Action Thriller Science Fiction,"For centuries, a small but powerful force of warriors called the Green Lantern Corps has sworn to keep intergalactic order. Each Green Lantern wears a ring that grants him superpowers. But when a new enemy called Parallax threatens to destroy the balance of power in the Universe, their fate and the fate of Earth lie in the hands of the first human ever recruited.",dc comics transformation superhero alien alien infection magical object protector super powers origin 3d,Martin Campbell,Ryan Reynolds Blake Lively Peter Sarsgaard,2011,5.1,https://image.tmdb.org/t/p/w500/zUSEYp9G7Hk9GZIfbPoOiSHvwHV.jpg
The Mask,Romance Comedy Crime Fantasy,"When timid bank clerk Stanley Ipkiss discovers a magical mask containing the spirit of the Norse god Loki, his entire life changes. While wearing the mask, Ipkiss becomes a supernatural playboy exuding charm and confidence which allows him to catch the eye of local nightclub singer Tina Carlyle. Unfortunately, under the mask's influence, Ipkiss also robs a bank, which angers junior crime lord Dorian Tyrell, whose goons get blamed for the heist.",dual identity bank mockery green balloon jail cell norse mythology,Chuck Russell,Jim Carrey Cameron Diaz Nancy Fish,1994,6.6,https://image.tmdb.org/t/p/w500/v8x8p441l1Bep8p82pAG6rduBoK.jpg
Ghost in the Shell,Action Science Fiction Thriller,"In the near future, Major is the first of her kind: a human saved from a terrible crash, then cyber-enhanced to be a perfect soldier devoted to stopping the world's most dangerous criminals.",philosophy cyborg hacker strong woman investigation suspense female protagonist cyberpunk terrorism evolution dystopic future network 3d based on anime inner journey prosthesis,Rupert Sanders,Scarlett Johansson Michael Pitt Pilou Asbæk,2017,5.9,https://image.tmdb.org/t/p/w500/myRzRzCxdfUWjkJWgpHHZ1oGkJd.jpg
Armageddon,Action Thriller Science Fiction Adventure,"When an asteroid threatens to collide with Earth, NASA honcho Dan Truman determines the only way to stop it is to drill into its surface and detonate a nuclear bomb. This leads him to renowned driller Harry Stamper, who agrees to helm the dangerous space mission provided he can bring along his own hotshot crew. Among them is the cocksure A.J. who Harry thinks isn't good enough for his daughter, until the mission proves otherwise.",saving the world paris moon cataclysm asteroid self sacrifice nasa space marine loss of father daughter space wedding astronaut eiffel tower paris duringcreditsstinger disaster movie space centre,Michael Bay,Bruce Willis Billy Bob Thornton Ben Affleck,1998,6.5,https://image.tmdb.org/t/p/w500/coINnuCzcw5FMHBty8hcudMOBnO.jpg
Total Recall,Action Science Fiction Adventure Thriller,"Welcome to Rekall, the company that can turn your dreams into real memories. For a factory worker named Douglas Quaid, even though he's got a beautiful wife who he loves, the mind-trip sounds like the perfect vacation from his frustrating life - real memories of life as a super-spy might be just what he needs. But when the procedure goes horribly wrong, Quaid becomes a hunted man. Finding himself on the run from the police - controlled by Chancellor Cohaagen, the leader of the free world - Quaid teams up with a rebel fighter to find the head of the underground resistance and stop Cohaagen. The line between fantasy and reality gets blurred and the fate of his world hangs in the balance as Quaid discovers his true identity, his true love, and his true fate.",secret agent dystopia remake machine gun resistance fighter false memory robot cop suppression rebel hero safe deposit box british colonialism smog gatling gun center of the earth implanted memory,Len Wiseman,Colin Farrell Kate Beckinsale Jessica Biel,2012,5.8,https://image.tmdb.org/t/p/w500/tWBo7aZk3I1dLxmMj7ZJcN8uke5.jpg
10 Cloverfield Lane,Thriller Science Fiction Drama,"After a car accident, Michelle awakens to find herself in a mysterious bunker with two men named Howard and Emmett. Howard offers her a pair of crutches to help her remain mobile with her leg injury sustained from the car crash and tells her to ""get good on those"" before leaving the bunker. She has been given the information that there has been an alien attack and the outside world is poisoned. However, Howard and Emmett's intentions soon become questionable and Michelle is faced with a question: Is it better in here or out there?",kidnapping bunker paranoia basement survivalist apocalypse car accident captive,Dan Trachtenberg,Mary Elizabeth Winstead John Goodman John Gallagher Jr.,2016,6.8,https://image.tmdb.org/t/p/w500/aeiVxTSTeGJ2ICf1iSDXkF3ivZp.jpg
The Lost World: Jurassic Park,Adventure Action Science Fiction,"Four years after Jurassic Park's genetically bred dinosaurs ran amok, multimillionaire John Hammond shocks chaos theorist Ian Malcolm by revealing that Hammond has been breeding more beasties at a secret location. Malcolm, his paleontologist ladylove and a wildlife videographer join an expedition to document the lethal lizards' natural behavior in this action-packed thriller.",exotic island dna paleontology tyrannosaurus rex velociraptor san diego dinosaur jurassic park animal horror,Steven Spielberg,Jeff Goldblum Julianne Moore Pete Postlethwaite,1997,6.2,https://image.tmdb.org/t/p/w500/u1fXmEQUCI9CjyHCCYOPBSq2DYo.jpg
Requiem for a Dream,Crime Drama,The hopes and dreams of four ambitious people are shattered when their drug addictions begin spiraling out of control. A look into addiction and how it overcomes the mind and body.,drug addiction junkie heroin speed diet unsociability illegal prostitution,Darren Aronofsky,Ellen Burstyn Jared Leto Jennifer Connelly,2000,7.9,https://image.tmdb.org/t/p/w500/muym4jTjdLx7E6as09d1wlC3sOB.jpg
Ted 2,Comedy,"Newlywed couple Ted and Tami-Lynn want to have a baby, but in order to qualify to be a parent, Ted will have to prove he's a person in a court of law.",sperm bank sequel buddy courthouse teddy bear aftercreditsstinger toy comes to life married,Seth MacFarlane,Mark Wahlberg Seth MacFarlane Amanda Seyfried,2015,6.2,https://image.tmdb.org/t/p/w500/A7HtCxFe7Ms8H7e7o2zawppbuDT.jpg
"Crazy, Stupid, Love.",Comedy Drama Romance,"Cal Weaver is living the American dream. He has a good job, a beautiful house, great children and a beautiful wife, named Emily. Cal's seemingly perfect life unravels, however, when he learns that Emily has been unfaithful and wants a divorce. Over 40 and suddenly single, Cal is adrift in the fickle world of dating. Enter, Jacob Palmer, a self-styled player who takes Cal under his wing and teaches him how to be a hit with the ladies.",soulmates midlife crisis marriage crisis womanizer law school crazy relationship,Glenn Ficarra,Steve Carell Julianne Moore Ryan Gosling,2011,7.0,https://image.tmdb.org/t/p/w500/n97V1WcpoJ8gBA0pM48Om05o2fN.jpg
Million Dollar Baby,Drama,"Despondent over a painful estrangement from his daughter, trainer Frankie Dunn isn't prepared for boxer Maggie Fitzgerald to enter his life. But Maggie's determined to go pro and to convince Dunn and his cohort to help her.",transporter suicide attempt strong woman boxer dying and death stroke of fate training advancement sport female protagonist boxing trainer determination,Clint Eastwood,Clint Eastwood Hilary Swank Morgan Freeman,2004,7.7,https://image.tmdb.org/t/p/w500/h4VZKi2Jt4VoBYJmtC4c3bO8KqM.jpg
The Twilight Saga: New Moon,Adventure Fantasy Drama Romance,"Forks, Washington resident Bella Swan is reeling from the departure of her vampire love, Edward Cullen, and finds comfort in her friendship with Jacob Black, a werewolf. But before she knows it, she's thrust into a centuries-old conflict, and her desire to be with Edward at any cost leads her to take greater and greater risks.",moon cinema vampire werewolf fang vamp,Chris Weitz,Kristen Stewart Robert Pattinson Taylor Lautner,2009,5.6,https://image.tmdb.org/t/p/w500/4O6OCHVrXie2Th8asDn5utvlTwC.jpg
The Purge,Science Fiction Horror Thriller,"Given the country's overcrowded prisons, the U.S. government begins to allow 12-hour periods of time in which all illegal activity is legal. During one of these free-for-alls, a family must protect themselves from a home invasion.",dystopia barricade home invasion constitutional convention legalized murder social allegory,James DeMonaco,Lena Headey Ethan Hawke Max Burkholder,2013,6.0,https://image.tmdb.org/t/p/w500/tGGJOuLHX7UDlTz57sjfhW1qreP.jpg
Super 8,Thriller Science Fiction Mystery,"In 1979 Ohio, several youngsters are making a zombie movie with a Super-8 camera. In the midst of filming, the friends witness a horrifying train derailment and are lucky to escape with their lives. They soon discover that the catastrophe was no accident, as a series of unexplained events and disappearances soon follows. Deputy Jackson Lamb, the father of one of the kids, searches for the terrifying truth behind the crash.",1970s secret alien train crash pistol firecracker duringcreditsstinger,J.J. Abrams,Joel Courtney Elle Fanning Riley Griffiths,2011,6.6,https://image.tmdb.org/t/p/w500/1JAKnHjENVz1adurNjtsWZnVQGY.jpg
Terminator Salvation,Action Science Fiction Thriller,"All grown up in post-apocalyptic 2018, John Connor must lead the resistance of humans against the increasingly dominating militaristic robots. But when Marcus Wright appears, his existence confuses the mission as Connor tries to determine whether Wright has come from the future or the past -- and whether he's friend or foe.",saving the world artificial intelligence prophecy san francisco cyborg killer robot gas station post-apocalyptic dystopia army firearm wartime los angeles,McG,Christian Bale Sam Worthington Anton Yelchin,2009,5.9,https://image.tmdb.org/t/p/w500/gw6JhlekZgtKUFlDTezq3j5JEPK.jpg
Captain Phillips,Action Drama Thriller,"The true story of Captain Richard Phillips and the 2009 hijacking by Somali pirates of the US-flagged MV Maersk Alabama, the first American cargo ship to be hijacked in two hundred years.",ship hijacking somalia fisherman blood poverty pirate terrorism commando hijack cargo ship ship captain ship hijacking somali commando unit,Paul Greengrass,Tom Hanks Catherine Keener Max Martini,2013,7.6,https://image.tmdb.org/t/p/w500/AnMTMPTUzeWNbYxzp29WqYf1br1.jpg
Fast Five,Action Thriller Crime,"Former cop Brian O'Conner partners with ex-con Dom Toretto on the opposite side of the law. Since Brian and Mia Toretto broke Dom out of custody, they've blown across many borders to elude authorities. Now backed into a corner in Rio de Janeiro, they must pull one last job in order to gain their freedom.",brazil fbi freedom escape from prison car crash heist organized crime on the run money fugitive police chase escaped convict car imax automobile racing duringcreditsstinger,Justin Lin,Vin Diesel Paul Walker Jordana Brewster,2011,7.1,https://image.tmdb.org/t/p/w500/cA81CI8odKv5KHRUUzJbj83yN7c.jpg
The Legend of Tarzan,Action Adventure,"Tarzan, having acclimated to life in London, is called back to his former home in the jungle to investigate the activities at a mining encampment.",africa feral child tarzan jungle animal attack,David Yates,Alexander Skarsgård Margot Robbie Christoph Waltz,2016,5.5,https://image.tmdb.org/t/p/w500/6FxOPJ9Ysilpq0IgkrMJ7PubFhq.jpg
Home Alone,Comedy Family,"Eight-year-old Kevin McCallister makes the most of the situation after his family unwittingly leaves him behind when they go on Christmas vacation. But when a pair of bungling burglars set their sights on Kevin's house, the plucky kid stands ready to defend his territory. By planting booby traps galore, adorably mischievous Kevin stands his ground as his frantic mother attempts to race home before.",holiday burglar home invasion mischief booby trap home alone suburban chicago mischievous child christmas child,Chris Columbus,Macaulay Culkin Joe Pesci Daniel Stern,1990,7.1,https://image.tmdb.org/t/p/w500/8IWPBT1rkAaI8Kpk5V3WfQRklJ7.jpg
Shaun of the Dead,Horror Comedy,"Shaun lives a supremely uneventful life, which revolves around his girlfriend, his mother, and, above all, his local pub. This gentle routine is threatened when the dead return to life and make strenuous attempts to snack on ordinary Londoners.",record collection flower cheese pub surrey romantic comedy zombie english tv show in film cricket bat broken bottle survival horror british pub english pub you've got red on you,Edgar Wright,Simon Pegg Nick Frost Kate Ashfield,2004,7.5,https://image.tmdb.org/t/p/w500/ssY4EvRvufUZooNq1buRUrW7lCX.jpg
The Girl with the Dragon Tattoo,Thriller Crime Mystery Drama,"This English-language adaptation of the Swedish novel by Stieg Larsson follows a disgraced journalist, Mikael Blomkvist, as he investigates the disappearance of a weary patriarch's niece from 40 years ago. He is aided by the pierced, tattooed, punk computer hacker named Lisbeth Salander. As they work together in the investigation, Blomkvist and Salander uncover immense corruption beyond anything they have ever imagined.",rape journalist based on novel journalism hacker nazis punk investigation remake antisocial personality disorder serial killer disappearance hacking computer hacker bible quote scandinavian abuse,David Fincher,Daniel Craig Rooney Mara Christopher Plummer,2011,7.2,https://image.tmdb.org/t/p/w500/voxRWFTtagLiqnJQs9tWQLB0MN.jpg
Twelve Monkeys,Science Fiction Thriller Mystery,"In the year 2035, convict James Cole reluctantly volunteers to be sent back in time to discover the origin of a deadly virus that wiped out nearly all of the earth's population and forced the survivors into underground communities. But when Cole is mistakenly sent to 1990 instead of 1996, he's arrested and locked up in a mental hospital. There he meets psychiatrist Dr. Kathryn Railly, and patient Jeffrey Goines, the son of a famous virus expert, who may hold the key to the mysterious rogue group, the Army of the 12 Monkeys, thought to be responsible for unleashing the killer disease.",schizophrenia philadelphia cassandra syndrom stockholm syndrome time travel post-apocalyptic dystopia lethal virus monkey subterranean,Terry Gilliam,Bruce Willis Madeleine Stowe Brad Pitt,1995,7.4,https://image.tmdb.org/t/p/w500/6Sj9wDu3YugthXsU0Vry5XFAZGg.jpg
Sicario,Action Crime Drama Mystery Thriller,"A young female FBI agent joins a secret CIA operation to take down a Mexican cartel boss, a job that ends up pushing her ethical and moral values to the limit.",mexico cia smoking texas fbi murder dirty cop soccer drug fbi agent night vision death of daughter tunnel el paso moral dilemma death of wife mexican cartel,Denis Villeneuve,Emily Blunt Benicio del Toro Josh Brolin,2015,7.2,https://image.tmdb.org/t/p/w500/p2SdfGmQRaw8xhFbexlHL7srMM8.jpg
The Day After Tomorrow,Action Adventure Science Fiction Thriller,"After years of increases in the greenhouse effect,  havoc is wreaked globally in the form of catastrophic hurricanes, tornadoes, tidal waves, floods and the beginning of a new Ice Age. Paleoclimatologist, Jack Hall tries to warn the world while also shepherding to safety his son, trapped in New York after the city is overwhelmed by the start of the new big freeze.",saving the world library cataclysm climate change greenhouse effect tornado twister hurricane hail temperature drop ice age polar zone meteorology gulfstream barrier ice ice melting third world exodus evacuation climate government snow los angeles scientist doomsday antarctic disaster movie,Roland Emmerich,Dennis Quaid Jake Gyllenhaal Emmy Rossum,2004,6.2,https://image.tmdb.org/t/p/w500/pRmpaFjtegy8PnUvSBDyT9dm7c.jpg
Home Alone 2: Lost in New York,Comedy Family Adventure Crime,"Instead of flying to Florida with his folks, Kevin ends up alone in New York, where he gets a hotel room with his dad's credit card—despite problems from a clerk and meddling bellboy. But when Kevin runs into his old nemeses, the Wet Bandits, he's determined to foil their plans to rob a toy store on Christmas eve.",holiday new york new york city christmas,Chris Columbus,Macaulay Culkin Joe Pesci Catherine O'Hara,1992,6.3,https://image.tmdb.org/t/p/w500/ezGcLFTvwR64I3Z7RqHnXRFet4r.jpg
Flight,Drama,"Commercial airline pilot Whip Whitaker has a problem with drugs and alcohol, though so far he's managed to complete his flights safely. His luck runs out when a disastrous mechanical malfunction sends his plane hurtling toward the ground. Whip pulls off a miraculous crash-landing that results in only six lives lost. Shaken to the core, Whip vows to get sober -- but when the crash investigation exposes his addiction, he finds himself in an even worse situation.",confession airplane f word hangover airplane crash syringe denial porn actress jesus freak baseball stadium perjury national transportation safety board flying upside down narcissist relapse substance abuse,Robert Zemeckis,Denzel Washington Don Cheadle Bruce Greenwood,2012,6.5,https://image.tmdb.org/t/p/w500/8XEbkjgorAm9xk15mF63jqJ4ByV.jpg
The Croods,Adventure Animation Comedy Family Fantasy,"The Croods is a prehistoric comedy adventure that follows the world's first family as they embark on a journey of a lifetime when the cave that has always shielded them from danger is destroyed. Traveling across a spectacular landscape, the Croods discover an incredible new world filled with fantastic creatures -- and their outlook is changed forever.",stone age daughter father prehistoric ancient world father daughter relationship family cavemen aftercreditsstinger duringcreditsstinger,Chris Sanders,Nicolas Cage Emma Stone Ryan Reynolds,2013,6.8,https://image.tmdb.org/t/p/w500/eHi3Nbgh6Cs2KiIyEMF4Ig4CdjX.jpg
Dracula Untold,Horror Action Drama Fantasy War,"Vlad Tepes is a great hero, but when he learns the Sultan is preparing for battle and needs to form an army of 1,000 boys, including Vlad's son, he vows to find a way to protect his family. Vlad turns to dark forces in order to get the power to destroy his enemies and agrees to go from hero to monster as he's turned into the mythological vampire Dracula.",vampire dracula bite battle 15th century ottoman empire vlad fang vamp tepes,Gary Shore,Luke Evans Sarah Gadon Dominic Cooper,2014,6.2,https://image.tmdb.org/t/p/w500/4oy4e0DP6LRwRszfx8NY8EYBj8V.jpg
300: Rise of an Empire,Action War,"Based on Frank Miller's latest graphic novel Xerxes and told in the breathtaking visual style of the blockbuster ""300,"" this new chapter of the epic saga takes the action to a fresh battlefield--on the sea--as Greek general Themistokles attempts to unite all of Greece by leading the charge that will change the course of the war. ""300: Rise of an Empire"" pits Themistokles against the massive invading Persian forces led by mortal-turned-god Xerxes and Artemesia, the vengeful commander of the Persian navy.",based on graphic novel ancient greece duringcreditsstinger sea battle hand to hand combat minions naval warfare 3d,Noam Murro,Sullivan Stapleton Eva Green Lena Headey,2014,6.1,https://image.tmdb.org/t/p/w500/gWQf5j3ZqEfOdW2rIZnkuOOva78.jpg
Ghostbusters,Comedy Fantasy,"After losing their academic posts at a prestigious university, a team of parapsychologists goes into business as proton-pack-toting ""ghostbusters"" who exterminate ghouls, hobgoblins and supernatural pests of all stripes. An ad campaign pays off when a knockout cellist hires the squad to purge her swanky digs of demons that appear to be living in her refrigerator.",mythology loser marshmallow slime supernatural powers nerd environmental protection agency hybrid possession new york city twin towers haunting gate keeper giant monster paranormal phenomena receptionist ghost duringcreditsstinger,Ivan Reitman,Bill Murray Dan Aykroyd Sigourney Weaver,1984,7.3,https://image.tmdb.org/t/p/w500/3FS3oBdorgczgfCkFi2u8ZTFfpS.jpg
Cinderella,Romance Fantasy Family Drama,"When her father unexpectedly passes away, young Ella finds herself at the mercy of her cruel stepmother and her daughters. Never one to give up hope, Ella's fortunes begin to change after meeting a dashing stranger in the woods.",cinderella magic prince fairy tale kingdom royalty orphan lost shoe evil stepmother retelling,Kenneth Branagh,Lily James Cate Blanchett Richard Madden,2015,6.7,https://image.tmdb.org/t/p/w500/o1F2aloaOUufHHOsV0laA9aw9N0.jpg
Fast & Furious,Action Crime Drama Thriller,"When a crime brings them back to L.A., fugitive ex-con Dom Toretto reignites his feud with agent Brian O'Conner. But as they are forced to confront a shared enemy, Dom and Brian must give in to an uncertain new trust if they hope to outmaneuver him. And the two men will find the best way to get revenge: push the limits of what's possible behind the wheel.",gambling brother sister relationship ex-lover fast cops street race car crash fast cars car automobile racing,Justin Lin,Vin Diesel Paul Walker Michelle Rodriguez,2009,6.5,https://image.tmdb.org/t/p/w500/ft8IqAGFs3V7i87z0t0EVRUjK1p.jpg
Jumanji,Adventure Fantasy Family,"When siblings Judy and Peter discover an enchanted board game that opens the door to a magical world, they unwittingly invite Alan -- an adult who's been trapped inside the game for 26 years -- into their living room. Alan's only hope for freedom is to finish the game, which proves risky as all three find themselves running from giant rhinoceroses, evil monkeys and other terrifying creatures.",board game disappearance based on children's book new home recluse giant insect,Joe Johnston,Robin Williams Jonathan Hyde Kirsten Dunst,1995,6.9,https://image.tmdb.org/t/p/w500/vzmL6fP7aPKNKPRTFnZmiUfciyV.jpg
Noah,Drama Adventure,A man who suffers visions of an apocalyptic deluge takes measures to protect his family from the coming flood.,bible god noah 3d,Darren Aronofsky,Russell Crowe Jennifer Connelly Emma Watson,2014,5.5,https://image.tmdb.org/t/p/w500/5wioUjzwr91fvq7ydunxK2CPSxi.jpg
Psycho,Drama Horror Thriller,"When larcenous real estate clerk Marion Crane goes on the lam with a wad of cash and hopes of starting a new life, she ends up at the notorious Bates Motel, where manager Norman Bates cares for his housebound mother. The place seems quirky, but fine… until Marion decides to take a shower.",hotel clerk arizona shower rain motel money secretary corpse murderer theft private detective proto-slasher,Alfred Hitchcock,Anthony Perkins Vera Miles John Gavin,1960,8.3,https://image.tmdb.org/t/p/w500/81d8oyEFgj7FlxJqSDXWr8JH8kV.jpg
King Kong,Adventure Drama Action,"In 1933 New York, an overly ambitious movie producer coerces his cast and hired ship crew to travel to mysterious Skull Island, where they encounter Kong, a giant ape who is immediately smitten with the leading lady.",film business screenplay show business film making film producer exotic island monster indigenous ship dinosaur,Peter Jackson,Naomi Watts Jack Black Adrien Brody,2005,6.6,https://image.tmdb.org/t/p/w500/iQYMVoI9QE2wQCOSrxhiBYd4v0w.jpg
Mean Girls,Comedy,"Cady Heron is a hit with The Plastics, the A-list girl clique at her new school, until she makes the mistake of falling for Aaron Samuels, the ex-boyfriend of alpha Plastic Regina George.",female friendship high school fish out of water best friend teenager popularity gossip teen comedy high school rivalry new girl at school,Mark Waters,Lindsay Lohan Rachel McAdams Tim Meadows,2004,6.9,https://image.tmdb.org/t/p/w500/lDlGPZS0UJYKxVlpyff3BMyPc2H.jpg
War of the Worlds,Adventure Thriller Science Fiction,"Ray Ferrier is a divorced dockworker and less-than-perfect father. Soon after his ex-wife and her new husband drop of his teenage son and young daughter for a rare weekend visit, a strange and powerful lightning storm touches down.",post traumatic stress  disorder new jersey airplane dystopia daughter apocalypse alien invasion human subjugation,Steven Spielberg,Tom Cruise Dakota Fanning Miranda Otto,2005,6.2,https://image.tmdb.org/t/p/w500/xXMM9KY2eq1SDOQif9zO91YOBA8.jpg
This Is the End,Action Comedy,"While attending a party at James Franco's house, Seth Rogen, Jay Baruchel and many other celebrities are faced with the apocalypse.",rape monster panic friendship celebrity satire party possession dark comedy end of the world apocalypse drug demon self-referential actor,Seth Rogen,James Franco Jonah Hill Seth Rogen,2013,6.2,https://image.tmdb.org/t/p/w500/1rMzHyOsk1b1ddcFJgMSB6kOASu.jpg
Jason Bourne,Action Thriller,The most dangerous former operative of the CIA is drawn out of hiding to uncover hidden truths about his past.,assassin amnesia flashback,Paul Greengrass,Matt Damon Alicia Vikander Tommy Lee Jones,2016,5.9,https://image.tmdb.org/t/p/w500/lFSSLTlFozwpaGlO31OoUeirBgQ.jpg
RoboCop,Action Science Fiction,"In RoboCop, the year is 2028 and multinational conglomerate OmniCorp is at the center of robot technology.  Overseas, their drones have been used by the military for years, but have been forbidden for law enforcement in America.  Now OmniCorp wants to bring their controversial technology to the home front, and they see a golden opportunity to do it.  When Alex Murphy – a loving husband, father and good cop doing his best to stem the tide of crime and corruption in Detroit – is critically injured, OmniCorp sees their chance to build a part-man, part-robot police officer.  OmniCorp envisions a RoboCop in every city and even more billions for their shareholders, but they never counted on one thing: there is still a man inside the machine.",cyborg future dystopia police remake violence detroit,José Padilha,Joel Kinnaman Gary Oldman Michael Keaton,2014,5.7,https://image.tmdb.org/t/p/w500/hFQcC5eSSHqJfk70RdgrMMxGuYt.jpg
Dark Shadows,Comedy Fantasy,Vampire Barnabas Collins is inadvertently freed from his tomb and emerges into the very changed world of 1972. He returns to Collinwood Manor to find that his once-grand estate and family have fallen into ruin.,witch imprisonment vampire curse fish out of water chains gothic madness old house lost love angry mob 18th century ghost hidden room old mansion,Tim Burton,Johnny Depp Michelle Pfeiffer Helena Bonham Carter,2012,5.7,https://image.tmdb.org/t/p/w500/6125p54Jnog3kFsY33oMQF3d1dJ.jpg
The Nice Guys,Action Comedy Crime Thriller,A private eye investigates the apparent suicide of a fading porn star in 1970s Los Angeles and uncovers a conspiracy.,pornography detective 1970s investigation daughter alcoholism party conspiracy private investigator father daughter relationship alcoholic private eye,Shane Black,Russell Crowe Ryan Gosling Angourie Rice,2016,7.0,https://image.tmdb.org/t/p/w500/vNCeqxbKyDHL9LUza03V2Im16wB.jpg
The Twilight Saga: Eclipse,Adventure Fantasy Drama Romance,"Bella once again finds herself surrounded by danger as Seattle is ravaged by a string of mysterious killings and a malicious vampire continues her quest for revenge. In the midst of it all, she is forced to choose between her love for Edward and her friendship with Jacob, knowing that her decision has the potential to ignite the ageless struggle between vampire and werewolf. With her graduation quickly approaching, Bella is confronted with the most important decision of her life.",vampire graduation bite immortality werewolf fang vamp,David Slade,Kristen Stewart Robert Pattinson Taylor Lautner,2010,5.9,https://image.tmdb.org/t/p/w500/fBXJGA6WNran1RL4CPKisaPI6UY.jpg
A Bug's Life,Adventure Animation Comedy Family,"On behalf of ""oppressed bugs everywhere,"" an inventive ant named Flik hires a troupe of warrior bugs to defend his bustling colony from a horde of freeloading grasshoppers led by the evil-minded Hopper.",winter fight ant invention collector ant-hill kids and family grass duringcreditsstinger,John Lasseter,Kevin Spacey Julia Louis-Dreyfus Hayden Panettiere,1998,6.8,https://image.tmdb.org/t/p/w500/u9qGMRwcPwP0WETxulS5hKUsEum.jpg
Prince of Persia: The Sands of Time,Adventure Fantasy Action Romance,"A rogue prince reluctantly joins forces with a mysterious princess and together, they race against dark forces to safeguard an ancient dagger capable of releasing the Sands of Time – gift from the gods that can reverse time and allow its possessor to rule the world.",persia sandstorm brother against brother armageddon regent based on video game,Mike Newell,Jake Gyllenhaal Gemma Arterton Ben Kingsley,2010,6.2,https://image.tmdb.org/t/p/w500/dtjz9Z6MTsuFyrzqdwVB4dgHENA.jpg
"The Good, the Bad and the Ugly",Western,"While the Civil War rages between the Union and the Confederacy, three men – a quiet loner, a ruthless hit man and a Mexican bandit – comb the American Southwest in search of a strongbox containing $200,000 in stolen gold.",bounty hunter refugee gold anti hero gallows hitman army outlaw shootout moral ambiguity spaghetti western,Sergio Leone,Eli Wallach Clint Eastwood Lee Van Cleef,1966,8.1,https://image.tmdb.org/t/p/w500/wfPHdfofBD5PN96dV96a51B3Ja2.jpg
Sing,Animation Comedy Drama Family Music,A koala named Buster recruits his best friend to help him drum up business for his theater by hosting a singing competition.,cgi furry talking animal anthropomorphism singing theater singing competition,Garth Jennings,Matthew McConaughey Reese Witherspoon Seth MacFarlane,2016,6.8,https://image.tmdb.org/t/p/w500/dMblbyP7mnV8fKVuiy1i2GkS8Rg.jpg
The Lone Ranger,Action Adventure Western,"The Texas Rangers chase down a gang of outlaws led by Butch Cavendish, but the gang ambushes the Rangers, seemingly killing them all. One survivor is found, however, by an American Indian named Tonto, who nurses him back to health. The Ranger, donning a mask and riding a white stallion named Silver, teams up with Tonto to bring the unscrupulous gang and others of that ilk to justice.",texas horse survivor texas ranger partner outlaw escape lawyer train lone ranger comanche the lone ranger tonto,Gore Verbinski,Johnny Depp Armie Hammer William Fichtner,2013,5.9,https://image.tmdb.org/t/p/w500/b4vil5ueYJNBNypHmo1tpuevh4z.jpg
Groundhog Day,Romance Fantasy Drama Comedy,"A narcissistic TV weatherman, along with his attractive-but-distant producer and mawkish cameraman, is sent to report on Groundhog Day in the small town of Punxsutawney, where he finds himself repeating the same day over and over.",deja vu groundhog weather forecast telecaster pennsylvania alarm clock winter time warp time loop cult film existentialism groundhog day,Harold Ramis,Bill Murray Andie MacDowell Chris Elliott,1993,7.4,https://image.tmdb.org/t/p/w500/vXjVd0Vu0MXRZnga7wEnHIIhO5B.jpg
American Pie,Comedy Romance,"At a high-school party, four friends find that losing their collective virginity isn't as easy as they had thought. But they still believe that they need to do so before college. To motivate themselves, they enter a pact to all ""score."" by their senior prom.",graduation innocence coming of age teenager high school student pie teen comedy teenage sexuality exchange student sitting on a toilet voyeurism virginity laxative prom night,Chris Weitz,Jason Biggs Chris Klein Thomas Ian Nicholas,1999,6.4,https://image.tmdb.org/t/p/w500/k40WFAXMRekWEqsjURO3jiWob67.jpg
The Magnificent Seven,Adventure Action Western,Seven gun men in the old west gradually come together to help a poor village against savage thieves.,remake,Antoine Fuqua,Denzel Washington Chris Pratt Ethan Hawke,2016,5.9,https://image.tmdb.org/t/p/w500/z6BP8yLwck8mN9dtdYKkZ4XGa3D.jpg
Shrek the Third,Fantasy Adventure Animation Comedy Family,"The King of Far Far Away has died and Shrek and Fiona are to become King &amp; Queen. However, Shrek wants to return to his cozy swamp and live in peace and quiet, so when he finds out there is another heir to the throne, they set off to bring him back to rule the kingdom.",ambush sadness stage liberation of prisoners island traitor shipwreck prince ship donkey kingdom theatre play transformation conciliation tricks heir to the throne assault boarding school coup d'etat teacher best friend dragon cowardliness pregnancy capture duringcreditsstinger,Chris Miller,Mike Myers Eddie Murphy Cameron Diaz,2007,6.0,https://image.tmdb.org/t/p/w500/lA17Mlz8hXVZsW5Y3WuUa8KPilQ.jpg
Ender's Game,Science Fiction Action Adventure,"Based on the classic novel by Orson Scott Card, Ender's Game is the story of the Earth's most gifted children training to defend their homeplanet in the space wars of the future.",based on novel intolerance chosen one child prodigy futuristic space science fiction alien invasion military school morality tale based on young adult novel,Gavin Hood,Asa Butterfield Harrison Ford Hailee Steinfeld,2013,6.6,https://image.tmdb.org/t/p/w500/vuZ8uSqyOM5698yNraF7OJRM3mS.jpg
Blood Diamond,Drama Thriller Action,"An ex-mercenary turned smuggler. A Mende fisherman. Amid the explosive civil war overtaking 1999 Sierra Leone, these men join for two desperate missions: recovering a rare pink diamond of immense value and rescuing the fisherman's son conscripted as a child soldier into the brutal rebel forces ripping a swath of torture and bloodshed countrywide.",rebel journalist journalism loss of family slavery mercenary diamond mine sierra leone bootlegger fisherman special unit smuggling genocide in rwanda oppression,Edward Zwick,Leonardo DiCaprio Djimon Hounsou Jennifer Connelly,2006,7.4,https://image.tmdb.org/t/p/w500/wRamTzV6udKaMXrspxqOuo02zk0.jpg
Horrible Bosses,Comedy Crime,"For Nick, Kurt and Dale, the only thing that would make the daily grind more tolerable would be to grind their intolerable bosses into dust. Quitting is not an option, so, with the benefit of a few-too-many drinks and some dubious advice from a hustling ex-con, the three friends devise a convoluted and seemingly foolproof plan to rid themselves of their respective employers... permanently.",conspiracy of murder bad boss employee death of father stakeout duringcreditsstinger,Seth Gordon,Jennifer Aniston Jason Bateman Charlie Day,2011,6.4,https://image.tmdb.org/t/p/w500/17rVRW7ond0PR2KJHY0xY00isTB.jpg
Fifty Shades Darker,Drama Romance,"When a wounded Christian Grey tries to entice a cautious Ana Steele back into his life, she demands a new arrangement before she will give him another chance. As the two begin to build trust and find stability, shadowy figures from Christian’s past start to circle the couple, determined to destroy their hopes for a future together.",female nudity sex based on novel boat nudity kiss sequel bdsm adaptation erotic movie oral sex,James Foley,Dakota Johnson Jamie Dornan Eric Johnson,2017,6.0,https://image.tmdb.org/t/p/w500/wnVHDbGz7RvDAHFAsVVT88FxhrP.jpg
The Interview,Action Comedy,"Dave Skylark and his producer Aaron Rapoport run the celebrity tabloid show ""Skylark Tonight"". When they land an interview with a surprise fan, North Korean dictator Kim Jong-un, they are recruited by the CIA to turn their trip to Pyongyang into an assassination mission.",cia coup d'etat north korea assassination attempt evil dictator,Seth Rogen,James Franco Seth Rogen Lizzy Caplan,2014,6.1,https://image.tmdb.org/t/p/w500/2uWb0aSm5cFmRCHP95OdA6hvTEs.jpg
Transcendence,Thriller Science Fiction Drama Mystery,"Two leading computer scientists work toward their goal of Technological Singularity,  as a radical anti-technology organization fights to prevent them from creating a world where computers can transcend the abilities of the human brain.",artificial intelligence technology nanotechnology computer virus super computer resurrection love mind control terrorism scientist extremist moral dilemma computer scientist mind transfer quantum computer mind uploading,Wally Pfister,Johnny Depp Paul Bettany Rebecca Hall,2014,5.9,https://image.tmdb.org/t/p/w500/4eESVBvr7KEvPGUZVL5LDWsANda.jpg
The Boss Baby,Animation Comedy Family,"A story about how a new baby's arrival impacts a family, told from the point of view of a delightfully unreliable narrator, a wildly imaginative 7 year old named Tim.",baby family relationships sibling rivalry unreliable narrator 3d baby brother,Tom McGrath,Alec Baldwin Miles Bakshi Jimmy Kimmel,2017,6.1,https://image.tmdb.org/t/p/w500/unPB1iyEeTBcKiLg8W083rlViFH.jpg
The Simpsons Movie,Animation Comedy Family,"After Homer accidentally pollutes the town's water supply, Springfield is encased in a gigantic dome by the EPA and the Simpsons are declared fugitives.",father son relationship lake springfield the simpsons duff beer garbage pig pollution environmental protection agency quarantine alcoholism love alaska dysfunctional family dysfunctional marriage ecology saving lives first love duringcreditsstinger donuts,David Silverman,Dan Castellaneta Julie Kavner Nancy Cartwright,2007,6.9,https://image.tmdb.org/t/p/w500/eCytnEriVur3rT47NWfkgPXD9qs.jpg
Ice Age: Dawn of the Dinosaurs,Animation Comedy Family Adventure,"Times are changing for Manny the moody mammoth, Sid the motor mouthed sloth and Diego the crafty saber-toothed tiger. Life heats up for our heroes when they meet some new and none-too-friendly neighbors – the mighty dinosaurs.",ice age bridge insanity jungle dinosaur birth duringcreditsstinger 3d,Carlos Saldanha,Ray Romano John Leguizamo Denis Leary,2009,6.5,https://image.tmdb.org/t/p/w500/crAf8b9gFpcdvY7majL8xWzTbem.jpg
Warcraft,Action Adventure Fantasy,"The peaceful realm of Azeroth stands on the brink of war as its civilization faces a fearsome race of invaders: orc warriors fleeing their dying home to colonize another. As a portal opens to connect the two worlds, one army faces destruction and the other faces extinction. From opposing sides, two heroes are set on a collision course that will decide the fate of their family, their people, and their home.",video game elves orcs magic chase based on comic sorcerer fictional war based on video game wizard fictional language muscles orc sword and sorcery,Duncan Jones,Paula Patton Travis Fimmel Ben Foster,2016,6.3,https://image.tmdb.org/t/p/w500/ckrTPz6FZ35L5ybjqvkLWzzSLO7.jpg
Inferno,Thriller,"After waking up in a hospital with amnesia, professor Robert Langdon and a doctor must race against time to foil a deadly global plot.",italy based on novel europe amnesia book sequel murder religion symbology,Ron Howard,Tom Hanks Felicity Jones Omar Sy,2016,5.7,https://image.tmdb.org/t/p/w500/oFOG2yIRcluKfTtYbzz71Vj9bgz.jpg
The Cabin in the Woods,Horror Thriller,"Five college friends spend the weekend at a remote cabin in the woods, where they get more than they bargained for. Together, they must discover the truth behind the cabin in the woods.",cabin plot twist cabin in the woods filmed killing video wall speaker phone mounted animal head young adult,Drew Goddard,Kristen Connolly Chris Hemsworth Anna Hutchison,2012,6.6,https://image.tmdb.org/t/p/w500/utfJuX6DfR28Mv2FMfnPFAYOmTU.jpg
Juno,Comedy Drama Romance,"A young girl named Juno gets herself pregnant and tries to stand on her own, but soon learns a few lessons about being grown up.",sexuality becoming an adult puberty first time oscar award pregnancy and birth pregnant minor precocity partnership teenager teenage pregnancy,Jason Reitman,Ellen Page Michael Cera Jennifer Garner,2007,7.0,https://image.tmdb.org/t/p/w500/eE64N6PYCSRW2mtQucfK2av5Wk2.jpg
Rush,Drama Action,A biographical drama centered on the rivalry between Formula 1 drivers James Hunt and Niki Lauda during the 1976 Formula One motor-racing season.,world champion sport racing car automobile racing based on true events formula one,Ron Howard,Daniel Brühl Chris Hemsworth Olivia Wilde,2013,7.7,https://image.tmdb.org/t/p/w500/cjEepHZOZAwmK6nAj5jis6HV75E.jpg
Pitch Perfect,Comedy Music Romance,"College student Beca knows she does not want to be part of a clique, but that's exactly where she finds herself after arriving at her new school. Thrust in among mean gals, nice gals and just plain weird gals, Beca finds that the only thing they have in common is how well they sing together. She takes the women of the group out of their comfort zone of traditional arrangements and into a world of amazing harmonic combinations in a fight to the top of college music competitions.",competition roommate college female friendship music hazing male female relationship audition group of friends dorm room bickering dj singing competition film score female musician singing contest young adult acapella,Jason Moore,Anna Kendrick Skylar Astin Brittany Snow,2012,7.3,https://image.tmdb.org/t/p/w500/cLUMPdwCV0Dxd3P1ZkCXe7bVImI.jpg
Sausage Party,Adventure Animation Comedy Fantasy,"Sausage Party, the first R-rated CG animated movie, is about one sausage leading a group of supermarket products on a quest to discover the truth about their existence and what really happens when they become chosen to leave the grocery store.",supermarket party sausage food anthropomorphism sex scene musical number adult animation grocery store gum,Conrad Vernon,Seth Rogen Kristen Wiig Jonah Hill,2016,5.6,https://image.tmdb.org/t/p/w500/w90cORtNWQAd2k93aFlIBbpQYTC.jpg
The Man from U.N.C.L.E.,Comedy Action Adventure,"At the height of the Cold War, a mysterious criminal organization plans to use nuclear weapons and technology to upset the fragile balance of power between the United States and Soviet Union. CIA agent Napoleon Solo and KGB agent Illya Kuryakin are forced to put aside their hostilities and work together to stop the evildoers in their tracks. The duo's only lead is the daughter of a missing German scientist, whom they must find soon to prevent a global catastrophe.",spy cold war remake based on tv series buddy cop russian spy american spy,Guy Ritchie,Henry Cavill Armie Hammer Alicia Vikander,2015,7.1,https://image.tmdb.org/t/p/w500/5ttOaThDVmTpV8iragbrhdfxEep.jpg
Friends with Benefits,Romance Comedy,"Jamie is a New York-based executive recruiter who entices Dylan, an art director from Los Angeles, to take a job at the New York office of GQ magazine. Finding that they have much in common, the two become fast friends. Feeling jaded by a number of broken romances, Dylan and Jamie decide that they are ready to quit looking for true love and focus on having fun. However, complications unfold when the two best pals add sex to their relationship.",funeral friends hospital aftercreditsstinger duringcreditsstinger,Will Gluck,Justin Timberlake Mila Kunis Patricia Clarkson,2011,6.5,https://image.tmdb.org/t/p/w500/tmVuyRSS9RYFs73YGbMnFous7DH.jpg
Non-Stop,Action Thriller Mystery,"Bill Marks is a burned-out veteran of the Air Marshals service. He views the assignment not as a life-saving duty, but as a desk job in the sky. However, today's flight will be no routine trip. Shortly into the transatlantic journey from New York to London, he receives a series of mysterious text messages ordering him to have the government transfer $150 million into a secret account, or a passenger will die every 20 minutes.",airplane conspiracy airplane crash cell phone hijack one night mystery killer,Jaume Collet-Serra,Liam Neeson Julianne Moore Scoot McNairy,2014,6.8,https://image.tmdb.org/t/p/w500/ifgEHE1ortukpBF6wh03HCuctdr.jpg
Cloverfield,Action Thriller Science Fiction,"Five young New Yorkers throw their friend a going-away party the night that a monster the size of a skyscraper descends upon the city. Told from the point of view of their video camera, the film is a document of their attempt to survive the most surreal, horrifying event of their lives.",helicopter monster skyscraper fight camcorder panic chaos supernatural quarantine friends alien rescue survival disaster escape giant monster kaiju military found footage aftercreditsstinger,Matt Reeves,Lizzy Caplan Jessica Lucas Odette Annable,2008,6.4,https://image.tmdb.org/t/p/w500/as01o40tJ2FhtheqeXf7bVZ0EQO.jpg
Easy A,Comedy,"After a little white lie about losing her virginity gets out, a clean cut high school girl sees her life paralleling Hester Prynne's in ""The Scarlet Letter,"" which she is currently studying in school - until she decides to use the rumor mill to advance her social and financial standing.",lie high school school teen movie rumor,Will Gluck,Emma Stone Amanda Bynes Penn Badgley,2010,6.7,https://image.tmdb.org/t/p/w500/1pgPO3OfSm2inpODMqg2RNmLW90.jpg
Clash of the Titans,Adventure Fantasy Action,"Born of a god but raised as a man, Perseus is helpless to save his family from Hades, vengeful god of the underworld. With nothing to lose, Perseus volunteers to lead a dangerous mission to defeat Hades before he can seize power from Zeus and unleash hell on earth. Battling unholy demons and fearsome beasts, Perseus and his warriors will only survive if Perseus accepts his power as a god, defies fate and creates his own destiny.",hades mythology greek mythology zeus medusa mythological beast sea monster perseus kraken gods ancient greece based on myths or folklore 3d,Louis Leterrier,Sam Worthington Liam Neeson Ralph Fiennes,2010,5.6,https://image.tmdb.org/t/p/w500/n8W2Y72VzSi8Yz6IvYWwfoiMTS6.jpg
Hellboy,Fantasy Action Science Fiction,"In the final days of World War II, the Nazis attempt to use black magic to aid their dying cause. The Allies raid the camp where the ceremony is taking place, but not before a demon - Hellboy - has already been conjured. Joining the Allied forces, Hellboy eventually grows to adulthood, serving the cause of good rather than evil.",black magic fistfight cover-up superhero paranormal phenomena narration from grave demon occult combat photography reanimated corpse duringcreditsstinger,Guillermo del Toro,Ron Perlman Selma Blair Rupert Evans,2004,6.5,https://image.tmdb.org/t/p/w500/3fAWzI9MUosggdGMu7EaDhn44m6.jpg
Kick-Ass 2,Action Adventure Crime,"After Kick-Ass’ insane bravery inspires a new wave of self-made masked crusaders, he joins a patrol led by the Colonel Stars and Stripes. When these amateur superheroes are hunted down by Red Mist — reborn as The Mother Fucker — only the blade-wielding Hit-Girl can prevent their annihilation.",crime fighter secret identity marvel comic superhero aftercreditsstinger teen superheroes,Jeff Wadlow,Aaron Taylor-Johnson Chloë Grace Moretz Christopher Mintz-Plasse,2013,6.3,https://image.tmdb.org/t/p/w500/pmdvrKYRdw7QxkLDaJzr6xMEqEZ.jpg
Nerve,Mystery Adventure Crime,"Industrious high school senior, Vee Delmonico, has had it with living life on the sidelines. When pressured by friends to join the popular online game Nerve, Vee decides to sign up for just one dare in what seems like harmless fun. But as she finds herself caught up in the thrill of the adrenaline-fueled competition partnered with a mysterious stranger, the game begins to take a sinister turn with increasingly dangerous acts, leading her into a high stakes finale that will determine her entire future.",based on novel technology internet hacking teenager new york city game adaptation dare cellphone video based on young adult novel smartphone taking a risk,Henry Joost,Emma Roberts Dave Franco Emily Meade,2016,7.1,https://image.tmdb.org/t/p/w500/uM1dNEmcAeyDGjMcFLlkKOyBgft.jpg
The Mummy Returns,Adventure Action Fantasy,"Rick and Evelyn O'Connell, along with their 8 year old son Alex, discover the key to the legendary Scorpion King's might, the fabled Bracelet of Anubis. Unfortunately, a newly resurrected Imhotep has designs on the bracelet as well, and isn't above kidnapping its new bearer, Alex, to gain control of Anubis' otherworldly army.",son ancient egypt bracelet,Stephen Sommers,Brendan Fraser Rachel Weisz John Hannah,2001,6.0,https://image.tmdb.org/t/p/w500/hioiYUZVIuYIhagDGhIAjyNEUu0.jpg
Saw,Horror Mystery Crime,"Obsessed with teaching his victims the value of life, a deranged, sadistic serial killer abducts the morally wayward. Once captured, they must face impossible choices in a horrific game of survival. The victims must fight to win their lives back, or die trying...",shotgun based on short film sadist pistol chained bludgeoning game of death,James Wan,Cary Elwes Danny Glover Monica Potter,2004,7.2,https://image.tmdb.org/t/p/w500/dHYvIgsax8ZFgkz1OslE4V6Pnf5.jpg
Hot Fuzz,Crime Action Comedy,"Top London cop, PC Nicholas Angel is good. Too good.  To stop the rest of his team from looking bad, he is reassigned to the quiet town of Sandford, paired with simple country cop, and everything seems quiet until two actors are found decapitated. It is addressed as an accident, but Angel isn't going to accept that, especially when more and more people turn up dead.",village arrest police partner murder conspiracy gunfight police force cowboy costume accident,Edgar Wright,Simon Pegg Nick Frost Jim Broadbent,2007,7.4,https://image.tmdb.org/t/p/w500/5Jx6s6VXnunh8wCLgR0YgjwSgjh.jpg
Lara Croft: Tomb Raider,Adventure Fantasy Action Thriller,"English aristocrat Lara Croft is skilled in hand-to-hand combat and in the middle of a battle with a secret society. The shapely archaeologist moonlights as a tomb raider to recover lost antiquities and meets her match in the evil Powell, who's in search of a powerful relic.",treasure buddhist monk planetary configuration angkor wat illuminati william blake treasure hunt archaeologist based on video game archeology ,Simon West,Angelina Jolie Jon Voight Iain Glen,2001,5.7,https://image.tmdb.org/t/p/w500/m6aodY7SrvlTRiUFkxClaNAIQT.jpg
Taken 3,Thriller Action,"Ex-government operative Bryan Mills finds his life is shattered when he's falsely accused of a murder that hits close to home. As he's pursued by a savvy police inspector, Mills employs his particular set of skills to track the real killer and exact his unique brand of justice.",revenge murder on the run fugitive framed father daughter relationship framed for murder,Olivier Megaton,Liam Neeson Forest Whitaker Maggie Grace,2014,6.1,https://image.tmdb.org/t/p/w500/ikDwR3i2bczqnRf1urJTy77YTFf.jpg
Rio,Animation Adventure Comedy Family,"Captured by smugglers when he was just a hatchling, a macaw named Blu never learned to fly and lives a happily domesticated life in Minnesota with his human friend, Linda. Blu is thought to be the last of his kind, but when word comes that Jewel, a lone female, lives in Rio de Janeiro, Blu and Linda go to meet her. Animal smugglers kidnap Blu and Jewel, but the pair soon escape and begin a perilous adventure back to freedom -- and Linda.",brazil pet bird musical canary samba animal duringcreditsstinger rio 1 río 1,Carlos Saldanha,Jesse Eisenberg Anne Hathaway Leslie Mann,2011,6.5,https://image.tmdb.org/t/p/w500/isQ9BSjdF8IrSm2g4WPHSJYN5s9.jpg
The Book of Eli,Action Thriller Science Fiction,"A post-apocalyptic tale, in which a lone man fights his way across America in order to protect a sacred book that holds the secrets to saving humankind.",book post-apocalyptic dystopia faith blind,Albert Hughes,Denzel Washington Gary Oldman Mila Kunis,2010,6.6,https://image.tmdb.org/t/p/w500/qL3FnEug9DyBcaBXVb0oT3DJMJu.jpg
Hugo,Adventure Drama Family,"Hugo is an orphan boy living in the walls of a train station in 1930s Paris. He learned to fix clocks and other gadgets from his father and uncle which he puts to use keeping the train station clocks running. The only thing that he has left that connects him to his dead father is an automaton (mechanical man) that doesn't work without a special key which Hugo needs to find to unlock the secret he believes it contains. On his adventures, he meets with a shopkeeper, George Melies, who works in the train station and his adventure-seeking god-daughter. Hugo finds that they have a surprising connection to his father and the automaton, and he discovers it unlocks some memories the old man has buried inside regarding his past.",library clock film director key toy boy love orphan robot automaton hiding filmmaking leg brace doberman 3d,Martin Scorsese,Ben Kingsley Sacha Baron Cohen Asa Butterfield,2011,7.0,https://image.tmdb.org/t/p/w500/fkeaJr29ypea1n24gzspsc7qK44.jpg
The Breakfast Club,Comedy Drama,"Five high school students, all different stereotypes, meet in detention, where they pour their hearts out to each other, and discover how they have a lot more in common than they thought.",high school tardy hall teenager detention,John Hughes,Emilio Estevez Anthony Michael Hall Judd Nelson,1985,7.8,https://image.tmdb.org/t/p/w500/4ZejrrCpfoypR5lHoT3pq6yVldW.jpg
Scott Pilgrim vs. the World,Action Adventure Comedy,"Scott Pilgrim is a film adaptation of the critically acclaimed, award-winning series of graphic novels of the same name by Canadian cartoonist Bryan Lee O’Malley. Scott Pilgrim is a 23 year old Canadian slacker and wannabe rockstar who falls in love with an American delivery girl, Ramona V. Flowers, and must defeat her seven ""evil exes"" to be able to date her.",whipping hipster underage girlfriend animated flashback character's point of view camera shot unconsciousness girl fight vegan aftercreditsstinger,Edgar Wright,Michael Cera Mary Elizabeth Winstead Kieran Culkin,2010,7.2,https://image.tmdb.org/t/p/w500/lafRuPbjEQrrHG9QEaoyV2znZC.jpg
Angels & Demons,Thriller Mystery,"Harvard symbologist Robert Langdon investigates a mysterious symbol seared into the chest of a murdered physicist. He discovers evidence of the unimaginable, the rebirth of an ancient secret brotherhood known as the Illuminati, the most powerful underground organization ever to walk the earth.",rome vatican based on novel symbolism christian illuminati quantum mechanics prequel anti matter conspiracy investigator catholicism cern,Ron Howard,Tom Hanks Ewan McGregor Ayelet Zurer,2009,6.5,https://image.tmdb.org/t/p/w500/j77ci1pofRm5uzxF40TJvZSj2Ti.jpg
Hidden Figures,Drama,"The untold story of Katherine G. Johnson, Dorothy Vaughan and Mary Jackson – brilliant African-American women working at NASA and serving as the brains behind one of the greatest operations in history – the launch of astronaut John Glenn into orbit. The visionary trio crossed all gender and race lines to inspire generations to dream big.",nasa sexism biography mathematics racial segregation racism scientist space race black woman u.s. space program discrimination 1960s,Theodore Melfi,Taraji P. Henson Octavia Spencer Janelle Monae,2016,7.8,https://image.tmdb.org/t/p/w500/6cbIDZLfwUTmttXTmNi8Mp3Rnmg.jpg
Terminator 3: Rise of the Machines,Action Thriller Science Fiction,"It's been 10 years since John Connor saved Earth from Judgment Day, and he's now living under the radar, steering clear of using anything Skynet can trace. That is, until he encounters T-X, a robotic assassin ordered to finish what T-1000 started. Good thing Connor's former nemesis, the Terminator, is back to aid the now-adult Connor … just like he promised.",saving the world artificial intelligence man vs machine cyborg killer robot sun glasses leather jacket nanotechnology rocket launcher firemen veterinarian fire engine dystopia psychiatrist,Jonathan Mostow,Arnold Schwarzenegger Nick Stahl Claire Danes,2003,5.9,https://image.tmdb.org/t/p/w500/lz4xYdF1n09lyiCfZWtWT44SZiG.jpg
John Carter,Action Adventure Science Fiction,"John Carter is a war-weary, former military captain who's inexplicably transported to the mysterious and exotic planet of Barsoom (Mars) and reluctantly becomes embroiled in an epic conflict. It's a world on the brink of collapse, and Carter rediscovers his humanity when he realizes the survival of Barsoom and its people rests in his hands.",based on novel mars medallion space travel princess alien steampunk martian escape edgar rice burroughs alien race superhuman strength mars civilization sword and planet 19th century 3d,Andrew Stanton,Taylor Kitsch Lynn Collins Samantha Morton,2012,6.1,https://image.tmdb.org/t/p/w500/4QDBNt9PmxqUH4Ab2R5xKWqzXiQ.jpg
Ocean's Twelve,Thriller Crime,"Danny Ocean reunites with his old flame and the rest of his merry band of thieves in carrying out three huge heists in Rome, Paris and Amsterdam – but a Europol agent is hot on their heels.",sequel fabergé egg dutch eastindian company second part golden egg goon,Steven Soderbergh,George Clooney Brad Pitt Catherine Zeta-Jones,2004,6.4,https://image.tmdb.org/t/p/w500/nS3iDLQuy13XY1JH58NNl1rCuNN.jpg
Click,Comedy Drama Fantasy Romance,A workaholic architect finds a universal remote that allows him to fast-forward and rewind to different parts of his life. Complications arise when the remote starts to overrule his choices.,regret workaholic heart attack architect dying and death time travel remote control children liposuction hospital wedding dog second chance alternate reality fatherhood obese,Frank Coraci,Adam Sandler Kate Beckinsale Christopher Walken,2006,6.0,https://image.tmdb.org/t/p/w500/ojmEqzJgTLo8S34uVQ6ZWmhgOoG.jpg
50 First Dates,Comedy Romance,"Henry is a player skilled at seducing women. But when this veterinarian meets Lucy, a girl with a quirky problem when it comes to total recall, he realizes it's possible to fall in love all over again…and again, and again. That's because the delightful Lucy has no short-term memory, so Henry must woo her day after day until he finally sweeps her off her feet.",deja vu amnesia hawaii ladykiller romantic comedy,Peter Segal,Adam Sandler Drew Barrymore Rob Schneider,2004,6.6,https://image.tmdb.org/t/p/w500/vKKdsaq3OomDvFdpPpWVg0L6gB9.jpg
Superbad,Comedy,"High school best buddies are facing separation anxiety as they prepare to go off to college. While attempting to score alcohol for a party with help from a fake ID-toting friend, the guys' evening takes a turn into chaotic territory.",becoming an adult high school young people one night,Greg Mottola,Jonah Hill Michael Cera Christopher Mintz-Plasse,2007,7.0,https://image.tmdb.org/t/p/w500/7RZWtDkf0mgrxvJNFj43YW2Ugi8.jpg
Batman,Fantasy Action,"The Dark Knight of Gotham City begins his war on crime with his first major enemy being the clownishly homicidal Joker, who has seized control of Gotham's underworld.",double life dc comics dual identity chemical crime fighter fictional place gotham city superhero super powers,Tim Burton,Jack Nicholson Michael Keaton Kim Basinger,1989,7.0,https://image.tmdb.org/t/p/w500/kBf3g9crrADGMc2AMAMlLBgSm2h.jpg
Battleship,Thriller Action Adventure Science Fiction,"When mankind beams a radio signal into space, a reply comes from ‘Planet G’, in the form of several alien crafts that splash down in the waters off Hawaii. Lieutenant Alex Hopper is a weapons officer assigned to the USS John Paul Jones, part of an international naval coalition which becomes the world's last hope for survival as they engage the hostile alien force of unimaginable strength. While taking on the invaders, Hopper must also try to live up to the potential his brother, and his fiancée's father, Admiral Shane, expect of him.",fight u.s. navy mind reading hong kong soccer scientist fictional war naval armada battleship naval combat jds myoko lost communication taser buoy communications expert joint chiefs of staff crash landing jet fighter pilot navy lieutenant permission to marry uss john paul jones based on game aftercreditsstinger mighty mo uss missouri,Peter Berg,Taylor Kitsch Alexander Skarsgård Rihanna,2012,5.5,https://image.tmdb.org/t/p/w500/7hN6WtMepoMZyeHZU2DM21cEj3z.jpg
About Time,Comedy Drama Science Fiction,"The night after another unsatisfactory New Year party, Tim's father tells his son that the men in his family have always had the ability to travel through time. Tim can't change history, but he can change what happens and has happened in his own life – so he decides to make his world a better place... by getting a girlfriend. Sadly, that turns out not to be as easy as he thinks.",london england father son relationship time travel,Richard Curtis,Domhnall Gleeson Rachel McAdams Bill Nighy,2013,7.8,https://image.tmdb.org/t/p/w500/zSuh8dGwqpsWR7ccvYbfxbSZ37o.jpg
The Nightmare Before Christmas,Fantasy Animation Family,"Tired of scaring humans every October 31 with the same old bag of tricks, Jack Skellington, the spindly king of Halloween Town, kidnaps Santa Claus and plans to deliver shrunken heads and other ghoulish gifts to children on Christmas morning. But as Christmas approaches, Jack's rag-doll girlfriend, Sally, tries to foil his misguided plans.",holiday fire santa claus magic halloween skeleton musical christmas tree fall from height woods animation pumpkin jack o lantern saving christmas christmas,Henry Selick,Danny Elfman Chris Sarandon Catherine O'Hara,1993,7.6,https://image.tmdb.org/t/p/w500/6oxkO1VgKCq74fNILKAg6t2dVEt.jpg
12 Angry Men,Drama,"The defense and the prosecution have rested and the jury is filing into the jury room to decide if a young Spanish-American is guilty or innocent of murdering his father. What begins as an open and shut case soon becomes a mini-drama of each of the jurors' prejudices and preconceptions about the trial, the accused, and each other.",judge jurors sultriness death penalty father murder puerto rican anonymity court case heat group class innocence court courtroom,Sidney Lumet,Henry Fonda Martin Balsam John Fiedler,1957,8.2,https://image.tmdb.org/t/p/w500/3W0v956XxSG5xgm7LB6qu8ExYJ2.jpg
Predator,Science Fiction Action Adventure Thriller,"Dutch and his group of commandos are hired by the CIA to rescue downed airmen from guerillas in a Central American jungle. The mission goes well but as they return they find that something is hunting them. Nearly invisible, it blends in with the forest, taking trophies from the bodies of its victims as it goes along. Occasionally seeing through its eyes, the audience sees it is an intelligent alien hunter, hunting them for sport, killing them off one at a time.",central and south america predator alien stalking invisible commando 3d,John McTiernan,Arnold Schwarzenegger Carl Weathers Elpidia Carrillo,1987,7.3,https://image.tmdb.org/t/p/w500/bj7A0teF2TWxxNGZjWTXiGrvCu2.jpg
American Psycho,Thriller Drama Crime,"A wealthy New York investment banking executive hides his alternate psychopathic ego from his co-workers and friends as he escalates deeper into his illogical, gratuitous fantasies.",based on novel wall street psychopath white collar harvard business school child of divorce unreliable narrator woman director voice imitation,Mary Harron,Christian Bale Willem Dafoe Jared Leto,2000,7.3,https://image.tmdb.org/t/p/w500/qXsylPM4Lr5397R3eHrfqHhTUNc.jpg
Salt,Action Mystery Thriller,"As a CIA officer, Evelyn Salt swore an oath to duty, honor and country. Her loyalty will be tested when a defector accuses her of being a Russian spy. Salt goes on the run, using all her skills and years of experience as a covert operative to elude capture. Salt's efforts to prove her innocence only serve to cast doubt on her motives, as the hunt to uncover the truth behind her identity continues and the question remains: ""Who is Salt?""",assassination spy cia kidnapping cold war soviet union double agent race against time revenge on the run shootout espionage female protagonist hitwoman terrorism violence russian spy intelligence officer action heroine,Phillip Noyce,Angelina Jolie Liev Schreiber Chiwetel Ejiofor,2010,6.2,https://image.tmdb.org/t/p/w500/956xMjH4sPoqimqoLOP6AI19mjm.jpg
Live Free or Die Hard,Action Thriller,"John McClane is back and badder than ever, and this time he's working for Homeland Security. He calls on the services of a young hacker in his bid to stop a ring of Internet terrorists intent on taking control of America's computer infrastructure.",washington d.c. hostage fbi kidnapping hacker transport of prisoners ex-cop suspense violence car chase cyber terrorism action hero,Len Wiseman,Bruce Willis Justin Long Timothy Olyphant,2007,6.4,https://image.tmdb.org/t/p/w500/pHWgbaXiQD2nmex7u8Xv6XmhaZS.jpg
The Accountant,Crime Thriller Drama,"As a math savant uncooks the books for a new client, the Treasury Department closes in on his activities and the body count starts to rise.",autism criminal accountant,Gavin O'Connor,Ben Affleck Anna Kendrick J.K. Simmons,2016,6.9,https://image.tmdb.org/t/p/w500/afhAUuWVB7k7PjJUd4lwO3rzhSq.jpg
Children of Men,Drama Action Thriller Science Fiction,"In 2027, in a chaotic world in which humans can no longer procreate, a former activist agrees to help transport a miraculously pregnant woman to a sanctuary at sea, where her child's birth may help scientists save the future of humankind.",police state hippie rebel miracle future dystopia chaos aging childlessness faith survival birth dying,Alfonso Cuarón,Clive Owen Michael Caine Julianne Moore,2006,7.4,https://image.tmdb.org/t/p/w500/gZ6i32Da76EUxta06GL2BxpC4Cn.jpg
The Butterfly Effect,Science Fiction Thriller,"A young man struggles to access sublimated childhood memories. He finds a technique that allows him to travel back into the past, to occupy his childhood body and change history. However, he soon finds that every change he makes has unexpected consequences.",amnesia chaos theory blackout time travel flashback,Eric Bress,Ashton Kutcher Melora Walters Amy Smart,2004,7.3,https://image.tmdb.org/t/p/w500/3PAQy3CyNNJPES772OFMx47lFEE.jpg
Apocalypse Now,Drama War,"At the height of the Vietnam war, Captain Benjamin Willard is sent on a dangerous mission that, officially, ""does not exist, nor will it ever exist."" His goal is to locate - and eliminate - a mysterious Green Beret Colonel named Walter Kurtz, who has been leading his personal army on illegal guerrilla missions into enemy territory.",guerrilla river vietnam vietcong cambodia army insanity tribe green beret jungle apocalypse death napalm,Francis Ford Coppola,Martin Sheen Marlon Brando Robert Duvall,1979,8.0,https://image.tmdb.org/t/p/w500/jcvJ2xcVWU9Wh0hZAxcs103s8nN.jpg
Southpaw,Action Drama,"Billy ""The Great"" Hope, the reigning junior middleweight boxing champion, has an impressive career, a loving wife and daughter, and a lavish lifestyle. However, when tragedy strikes, Billy hits rock bottom, losing his family, his house and his manager. He soon finds an unlikely savior in Tick Willis, a former fighter who trains the city's toughest amateur boxers. With his future on the line, Hope fights to reclaim the trust of those he loves the most.",sport,Antoine Fuqua,Jake Gyllenhaal Rachel McAdams Forest Whitaker,2015,7.3,https://image.tmdb.org/t/p/w500/50d0XQQETSyg3bwBXhC7K33pKgc.jpg
Jurassic Park III,Adventure Action Thriller Science Fiction,"In need of funds for research, Dr. Alan Grant accepts a large sum of money to accompany Paul and Amanda Kirby on an aerial tour of the infamous Isla Sorna. It isn't long before all hell breaks loose and the stranded wayfarers must fight for survival as a host of new -- and even more deadly -- dinosaurs try to make snacks of them.",exotic island dna paleontology tyrannosaurus rex velociraptor spinosaurus airplane rescue mission dinosaur jurassic park,Joe Johnston,Sam Neill William H. Macy Téa Leoni,2001,5.7,https://image.tmdb.org/t/p/w500/26L7XODsNlxX3VwkfuUnYOslbRF.jpg
Sully,Drama History,"On 15 January 2009, the world witnessed the 'Miracle on the Hudson' when Captain 'Sully' Sullenberger glided his disabled plane onto the frigid waters of the Hudson River, saving the lives of all 155 aboard. However, even as Sully was being heralded by the public and the media for his unprecedented feat of aviation skill, an investigation was unfolding that threatened to destroy his reputation and career.",new york hero bird pilot airplane investigation biography based on true story travel rescue aviation airplane accident based on memoir or autobiography imax hudson river,Clint Eastwood,Tom Hanks Aaron Eckhart Laura Linney,2016,7.0,https://image.tmdb.org/t/p/w500/h6O5OE3ueRVdCc7V7cwTiQocI7D.jpg
Resident Evil,Horror Action Science Fiction,"When a virus leaks from a top-secret facility, turning all resident researchers into ravenous zombies and their lab animals into mutated hounds from hell, the government sends in an elite military task force to contain the outbreak. Alice and Rain are charged with leading the mission. But they only have three hours before the pathogen becomes airborne and infects the world.",undercover mutant dystopia conspiracy zombie based on video game,Paul W.S. Anderson,Milla Jovovich Michelle Rodriguez Eric Mabius,2002,6.4,https://image.tmdb.org/t/p/w500/fttmSgLEOdBNwQepW2lC6t0mbOm.jpg
The Adventures of Tintin,Adventure Animation Mystery,"Intrepid young reporter, Tintin and his loyal dog, Snowy are thrust into a world of high adventure when they discover a ship carrying an explosive secret. As Tintin is drawn into a centuries-old mystery, Ivan Ivanovitch Sakharine suspects him of stealing a priceless treasure. Tintin and Snowy, with the help of salty, cantankerous Captain Haddock and bumbling detectives, Thompson &amp; Thomson, travel half the world, one step ahead of their enemies as Tintin endeavors to find The Unicorn, a sunken ship that may hold a vast fortune, but also an ancient curse.",riddle captain treasure liquor treasure hunt sunken treasure plot reporter 3d action,Steven Spielberg,Jamie Bell Andy Serkis Daniel Craig,2011,6.7,https://image.tmdb.org/t/p/w500/3XOaHJARdZIXcd7sgJV24Txp3gf.jpg
Die Hard: With a Vengeance,Action Thriller,"New York detective John McClane is back and kicking bad-guy butt in the third installment of this action-packed series, which finds him teaming with civilian Zeus Carver to prevent the loss of innocent lives. McClane thought he'd seen it all, until a genius named Simon engages McClane, his new ""partner"" -- and his beloved city -- in a deadly game that demands their concentration.",bomb taxi riddle robbery detective helicopter gold subway ship fistfight police sequel deception shootout new york city explosion violence car chase fbi agent simon says flashback dump truck aqueduct action hero federal reserve bank,John McTiernan,Bruce Willis Jeremy Irons Samuel L. Jackson,1995,6.9,https://image.tmdb.org/t/p/w500/ivpXGcsPZglyYrN65THWSD7JM3q.jpg
Rango,Animation Comedy Family Western Adventure,"When Rango, a lost family pet, accidentally winds up in the gritty, gun-slinging town of Dirt, the less-than-courageous lizard suddenly finds he stands out. Welcomed as the last hope the town has been waiting for, new Sheriff Rango is forced to play his new role to the hilt.",sheriff nevada pet rango chameleon las vegas cactus terrarium construction site armadillo disillusionment,Gore Verbinski,Johnny Depp Isla Fisher Ned Beatty,2011,6.6,https://image.tmdb.org/t/p/w500/afxRbCwwKjrWgGJtsVNs1BW1Dk5.jpg
Seven Pounds,Drama,An IRS agent with a fateful secret embarks on an extraordinary journey of redemption by forever changing the lives of seven strangers.,vegetarian tax collector pianist blind organ transplant blood type,Gabriele Muccino,Will Smith Rosario Dawson Sarah Jane Morris,2008,7.5,https://image.tmdb.org/t/p/w500/mX8SsTw2uApc02W8SBIKeprcWr1.jpg
Mulan,Animation Family Adventure,"A tomboyish girl disguises herself as a young man so she can fight with the Imperial Chinese Army against the invading Huns. With help from wise-cracking dragon Mushu, Mulan just might save her country -- and win the heart of handsome Captain Li Shang.",homeland musical training daughter cricket princess dragon luck,Tony Bancroft,Ming-Na Wen Lea Salonga Eddie Murphy,1998,7.6,https://image.tmdb.org/t/p/w500/vXjfMyXHixdEEkqcuWS6hy3EZAG.jpg
Cars 2,Animation Family Adventure Comedy,Star race car Lightning McQueen and his pal Mater head overseas to compete in the World Grand Prix race. But the road to the championship becomes rocky as Mater gets caught up in an intriguing adventure of his own: international espionage.,car race sequel comedy anthropomorphism best friend duringcreditsstinger,John Lasseter,Owen Wilson Larry the Cable Guy Michael Caine,2011,5.8,https://image.tmdb.org/t/p/w500/AblhtULOVtrkSnFxRPQ8gBemxw9.jpg
2 Fast 2 Furious,Action Crime Thriller,"It's a major double-cross when former police officer Brian O'Conner teams up with his ex-con buddy Roman Pearce to transport a shipment of ""dirty"" money for shady Miami-based import-export dealer Carter Verone. But the guys are actually working with undercover agent Monica Fuentes to bring Verone down.",miami car race sports car los angeles car automobile racing,John Singleton,Paul Walker Tyrese Gibson Eva Mendes,2003,6.2,https://image.tmdb.org/t/p/w500/hZVcmztCVo510FhBXyLqStiTAce.jpg
Baby Driver,Action Crime,"After being coerced into working for a crime boss, a young getaway driver finds himself taking part in a heist doomed to fail.",robbery atlanta music crime boss romance tinnitus car chase car getaway driver,Edgar Wright,Ansel Elgort Lily James Kevin Spacey,2017,7.2,https://image.tmdb.org/t/p/w500/dN9LbVNNZFITwfaRjl4tmwGWkRg.jpg
Fargo,Crime Drama Thriller,"Jerry, a small-town Minnesota car salesman is bursting at the seams with debt... but he's got a plan. He's going to hire two thugs to kidnap his wife in a scheme to collect a hefty ransom from his wealthy father-in-law. It's going to be a snap and nobody's going to get hurt... until people start dying. Enter Police Chief Marge, a coffee-drinking, parka-wearing - and extremely pregnant - investigator who'll stop at nothing to get her man. And if you think her small-time investigative skills will give the crooks a run for their ransom... you betcha!",cheating ransom salesclerk winter kidnapping auto unsociability police north dakota murder money car dealership woodchipper,Joel Coen,William H. Macy Frances McDormand Steve Buscemi,1996,7.7,https://image.tmdb.org/t/p/w500/pyEkyYgtyjOX1R9EYyUcgbK1sTn.jpg
Zodiac,Crime Drama Mystery Thriller,"The true story of the investigation of 'The Zodiac Killer',  a serial killer who terrified the San Francisco Bay Area, taunting police with his ciphers and letters. The case becomes an obsession for four men as their lives and careers are built and destroyed by the endless trail of clues.",california san francisco killing journalist newspaper mass murder planned murder embassy victim threat to death victim of murder code police murder serial killer reporter,David Fincher,Jake Gyllenhaal Robert Downey Jr. Mark Ruffalo,2007,7.3,https://image.tmdb.org/t/p/w500/bgLyOROfFQI3FqYL7jQbiaV8lkN.jpg
Percy Jackson & the Olympians: The Lightning Thief,Adventure Fantasy Family,"Accident prone teenager, Percy discovers he's actually a demi-God, the son of Poseidon, and he is needed when Zeus' lightning is stolen. Percy must master his new found skills in order to prevent a war between the Gods that could devastate the entire world.",monster greek mythology god poseidon   lightning bolt based on young adult novel,Chris Columbus,Logan Lerman Brandon T. Jackson Alexandra Daddario,2010,6.0,https://image.tmdb.org/t/p/w500/5NhyXkodMzDRW8uqtPqlxJsoBhf.jpg
The Impossible,Thriller Drama,"In December 2004, close-knit family Maria, Henry and their three sons begin their winter vacation in Thailand. But the day after Christmas, the idyllic holiday turns into an incomprehensible nightmare when a terrifying roar rises from the depths of the sea, followed by a wall of black water that devours everything in its path. Though Maria and her family face their darkest hour, unexpected displays of kindness and courage ameliorate their terror.",thailand tsunami family vacation tidal wave catastrophe swept away separation from family boxing day 21st century,Juan Antonio Bayona,Naomi Watts Ewan McGregor Tom Holland,2012,7.0,https://image.tmdb.org/t/p/w500/sEx5mrVvVyyJHICMGe55KaUzEgt.jpg
Riddick,Science Fiction Action Thriller,"Betrayed by his own kind and left for dead on a desolate planet, Riddick fights for survival against alien predators and becomes more powerful and dangerous than ever before. Soon bounty hunters from throughout the galaxy descend on Riddick only to find themselves pawns in his greater scheme for revenge. With his enemies right where he wants them, Riddick unleashes a vicious attack of vengeance before returning to his home planet of Furya to save it from destruction.",dystopia revenge alien planet imax,David Twohy,Vin Diesel Karl Urban Katee Sackhoff,2013,6.2,https://image.tmdb.org/t/p/w500/duoN6oNGp1emHkkhlTcY76Wz2ED.jpg
Big Fish,Adventure Fantasy Drama,"Throughout his life Edward Bloom has always been a man of big appetites, enormous passions and tall tales. In his later years, he remains a huge mystery to his son, William. Now, to get to know the real man, Will begins piecing together a true picture of his father from flashbacks of his amazing adventures.",circus father son relationship witch fish fishing love of one's life leech story teller apoplectic stroke fair mermaid cancer relationship youth gentle giant,Tim Burton,Ewan McGregor Albert Finney Billy Crudup,2003,7.6,https://image.tmdb.org/t/p/w500/6DRFdlNZpAaEt7eejsbAlJGgaM7.jpg
Allegiant,Adventure Science Fiction,Beatrice Prior and Tobias Eaton venture into the world outside of the fence and are taken into protective custody by a mysterious agency known as the Bureau of Genetic Welfare.,based on novel revolution dystopia sequel dystopic future young adult based on young adult novel,Robert Schwentke,Shailene Woodley Theo James Zoë Kravitz,2016,5.9,https://image.tmdb.org/t/p/w500/tSFBh9Ayn5uiwbUK9HvD2lrRgaQ.jpg
Mission: Impossible III,Adventure Action Thriller,"Retired from active duty to train new IMF agents, Ethan Hunt is called back into action to confront sadistic arms dealer, Owen Davian. Hunt must try to protect his girlfriend while working with his new team to complete the mission.",berlin cia vatican white house secret identity secret explosive mobile phone map traitor mask honeymoon shanghai pretended murder secret mission letter funeral covered investigation to shoot dead secret agent video stamp hard drive e-mail decipherment suitcase computer revenge murder mission hospital duel disguise celebration good and bad research laboratory blast,J.J. Abrams,Tom Cruise Philip Seymour Hoffman Ving Rhames,2006,6.5,https://image.tmdb.org/t/p/w500/qjy8ABAbWooV4jLG6UjzDHlv4RB.jpg
Cowboys & Aliens,Action Science Fiction Thriller Western,"A stranger stumbles into the desert town of Absolution with no memory of his past and a futuristic shackle around his wrist. With the help of mysterious beauty Ella and the iron-fisted Colonel Dolarhyde, he finds himself leading an unlikely posse of cowboys, outlaws, and Apache warriors against a common enemy from beyond this world in an epic showdown for survival.",robbery sheriff arizona laser outlaw ufo spaceship alien native american escape gunfight,Jon Favreau,Daniel Craig Olivia Wilde Harrison Ford,2011,5.4,https://image.tmdb.org/t/p/w500/tXEHvxU315Yu7bEaMMRcpDpW6RI.jpg
The Age of Adaline,Fantasy Drama Romance,"After 29-year-old Adaline recovers from a nearly lethal accident, she inexplicably stops growing older. As the years stretch on and on, Adaline keeps her secret to herself  until she meets a man who changes her life.",san francisco immortality love forever,Lee Toland Krieger,Blake Lively Michiel Huisman Harrison Ford,2015,7.4,https://image.tmdb.org/t/p/w500/gEDGROZ4NQDlRjUPPSSyIf0hKvD.jpg
Howl's Moving Castle,Fantasy Animation Adventure,"When Sophie, a shy young woman, is cursed with an old body by a spiteful witch, her only chance of breaking the spell lies with a self-indulgent yet insecure young wizard and his companions in his legged, walking home.",flying witch rain castle scarecrow body exchange hatter bakery demon anime,Hayao Miyazaki,Takuya Kimura Akihiro Miwa Tatsuya Gashûin,2004,8.2,https://image.tmdb.org/t/p/w500/iMarB2ior30OAXjPa7QIdeyUfM1.jpg
Midnight in Paris,Fantasy Comedy Romance,A romantic comedy about a family traveling to the French capital for business. The party includes a young engaged couple forced to confront the illusion that a life different from their own is better.,paris painter detective based on novel screenwriter forbidden love time travel midnight nostalgia past sculpture hemingway,Woody Allen,Owen Wilson Rachel McAdams Kurt Fuller,2011,7.4,https://image.tmdb.org/t/p/w500/xxSopLYATHXSepXcEaBh9Gazv6p.jpg
The Exorcist,Drama Horror Thriller,"12-year-old Regan MacNeil begins to adapt an explicit new personality as strange events befall the local area of Georgetown. Her mother becomes torn between science and superstition in a desperate bid to save her daughter, and ultimately turns to her last hope: Father Damien Karras, a troubled priest who is struggling with his own faith.",exorcism holy water religion and supernatural vomit christian possession profanity priest ouija board satan paranormal phenomena girl demon strong language disturbed child crisis of faith sfx,William Friedkin,Linda Blair Max von Sydow Ellen Burstyn,1973,7.5,https://image.tmdb.org/t/p/w500/mBLSuXTAJExUFdqYFgZro7Y9ZDG.jpg
Princess Mononoke,Adventure Fantasy Animation,"Ashitaka, a prince of the disappearing Ainu tribe, is cursed by a demonized boar god and must journey to the west to find a cure. Along the way, he encounters San, a young human woman fighting to protect the forest, and Lady Eboshi, who is trying to destroy it. Ashitaka must find a way to bring balance to this conflict.",fight wolf iron pan wild boar territory friendship princess good vs evil rural setting anime,Hayao Miyazaki,Yōji Matsuda Yuriko Ishida Yūko Tanaka,1997,8.2,https://image.tmdb.org/t/p/w500/gzlJkVfWV5VEG5xK25cvFGJgkDz.jpg
Ocean's Thirteen,Crime Thriller,"Danny Ocean's team of criminals are back and composing a plan more personal than ever. When ruthless casino owner Willy Bank doublecrosses Reuben Tishkoff, causing a heart attack, Danny Ocean vows that he and his team will do anything to bring down Willy Bank along with everything he's got. Even if it means asking for help from an enemy.",casino thief revenge heist las vegas pretending to be rich labor strike,Steven Soderbergh,George Clooney Brad Pitt Matt Damon,2007,6.5,https://image.tmdb.org/t/p/w500/5QTc2a782KkHwz4NntHMDgcp3PX.jpg
Night at the Museum: Battle of the Smithsonian,Adventure Fantasy Action Comedy Family,"Hapless museum night watchman Larry Daley must help his living, breathing exhibit friends out of a pickle now that they've been transferred to the archives at the Smithsonian Institution. Larry's (mis)adventures this time include close encounters with Amelia Earhart, Abe Lincoln and Ivan the Terrible.",museum theodore roosevelt duringcreditsstinger amelia earhart smithsonian,Shawn Levy,Ben Stiller Amy Adams Owen Wilson,2009,5.9,https://image.tmdb.org/t/p/w500/qbU6AxmO69bBwu6Tw8HtcRoltAA.jpg
Shrek Forever After,Comedy Adventure Fantasy Animation Family,"A bored and domesticated Shrek pacts with deal-maker Rumpelstiltskin to get back to feeling like a real ogre again, but when he's duped and sent to a twisted version of Far Far Away—where Rumpelstiltskin is king, ogres are hunted, and he and Fiona have never met—he sets out to restore his world and reclaim his true love.",ogre 3d,Mike Mitchell,Mike Myers Eddie Murphy Cameron Diaz,2010,6.0,https://image.tmdb.org/t/p/w500/enqVwbUu6OX5LHq0fuk7sLT35zy.jpg
The 40 Year Old Virgin,Comedy Romance,"Andy Stitzer has a pleasant life with a nice apartment and a job stamping invoices at an electronics store. But at age 40, there's one thing Andy hasn't done, and it's really bothering his sex-obsessed male co-workers: Andy is still a virgin. Determined to help Andy get laid, the guys make it their mission to de-virginize him. But it all seems hopeless until Andy meets small business owner Trish, a single mom.",first time virgin,Judd Apatow,Steve Carell Catherine Keener Paul Rudd,2005,6.2,https://image.tmdb.org/t/p/w500/kFXfr0ioXRfxz4AvQ6RJ7iFF6PI.jpg
The Conjuring 2,Horror,Lorraine and Ed Warren travel to north London to help a single mother raising four children alone in a house plagued by malicious spirits.,london england england 1970s spirit single mother demon paranormal investigation demonic possession valak annabelle,James Wan,Patrick Wilson Vera Farmiga Madison Wolfe,2016,7.0,https://image.tmdb.org/t/p/w500/e3lBJCedHnZPfNfmBArKHZXXNC0.jpg
A.I. Artificial Intelligence,Drama Science Fiction Adventure,"A robotic boy, the first programmed to love, David is adopted as a test case by a Cybertronics employee and his wife. Though he gradually becomes their child, a series of unexpected circumstances make this life impossible for David. Without final acceptance by humans or machines, David embarks on a journey to discover where he truly belongs, uncovering a world in which the line between robot and machine is both vast and profoundly thin.",artificial intelligence prophecy prostitute android loss of mother extraterrestrial technology ice age adoption fairy tale pinocchio prosecution gigolo hologram dystopia alien destiny capture doppelganger,Steven Spielberg,Haley Joel Osment Frances O'Connor Sam Robards,2001,6.8,https://image.tmdb.org/t/p/w500/wnUAcUrMRGPPZUDroLeZhSjLkuu.jpg
Boyhood,Drama,"The film tells a story of a divorced couple trying to raise their young son. The story follows the boy for twelve years, from first grade at age 6 through 12th grade at age 17-18, and examines his relationship with his parents as he grows.",daily life family's daily life urban life growing up domestic abuse coming of age parenting divorce family divorced parents abusive husband,Richard Linklater,Ellar Coltrane Patricia Arquette Ethan Hawke,2014,7.5,https://image.tmdb.org/t/p/w500/eKi4e5zXhQKs0De4xu5AAMvu376.jpg
The Purge: Anarchy,Horror Thriller,"Three groups of people are trying to survive Purge Night, when their stories intertwine and are left stranded in The Purge trying to survive the chaos and violence that occurs.",bus assault rifle sniper machete dystopia psychopath sequel revenge murder survival motorcycle violence one day masked man apartment death survival horror gatling gun,James DeMonaco,Frank Grillo Carmen Ejogo Zach Gilford,2014,6.6,https://image.tmdb.org/t/p/w500/l1DRl40x2OWUoPP42v8fjKdS1Z3.jpg
Despicable Me 3,Action Animation Adventure Family Comedy,Gru and his wife Lucy must stop former '80s child star Balthazar Bratt from achieving world domination.,minions,Kyle Balda,Steve Carell Kristen Wiig Trey Parker,2017,6.2,https://image.tmdb.org/t/p/w500/5qcUGqWoWhEsoQwNUrtf3y3fcWn.jpg
Oldboy,Drama Thriller Mystery Action,"With no clue how he came to be imprisoned, drugged and tortured for 15 years, a desperate businessman seeks revenge on his captors.",sushi restaurant rage and hate notebook daughter hostility sin revenge loneliness urination anger catholic incest south hypnosis,Park Chan-wook,Choi Min-sik Yoo Ji-tae Kang Hye-jung,2003,8.0,https://image.tmdb.org/t/p/w500/rIZX6X0MIHYEebk6W4LABT9VP2c.jpg
Pitch Perfect 2,Comedy Music,"The Bellas are back, and they are better than ever. After being humiliated in front of none other than the President of the United States of America, the Bellas are taken out of the Aca-Circuit. In order to clear their name, and regain their status, the Bellas take on a seemingly impossible task: winning an international competition no American team has ever won. In order to accomplish this monumental task, they need to strengthen the bonds of friendship and sisterhood and blow away the competition with their amazing aca-magic! With all new friends and old rivals tagging along for the trip, the Bellas can hopefully accomplish their dreams.",music sequel singer male female relationship audition group of friends duringcreditsstinger singing competition female musician singing contest woman director acapella,Elizabeth Banks,Anna Kendrick Rebel Wilson Hailee Steinfeld,2015,6.8,https://image.tmdb.org/t/p/w500/qSjruLiFB4uqRtz2xheQPxG8uaB.jpg
Paper Towns,Drama Mystery Romance,"Quentin Jacobsen has spent a lifetime loving the magnificently adventurous Margo Roth Spiegelman from afar. So when she cracks open a window and climbs back into his life-dressed like a ninja and summoning him for an ingenious campaign of revenge-he follows. After their all-nighter ends and a new day breaks, Q arrives at school to discover that Margo, always an enigma, has now become a mystery. But Q soon learns that there are clues-and they're for him. Urged down a disconnected path, the closer he gets, the less Q sees of the girl he thought he knew.",friendship high school teenager classmate based on young adult novel,Jake Schreier,Nat Wolff Cara Delevingne Justice Smith,2015,6.1,https://image.tmdb.org/t/p/w500/wAb39FuMWWrOROsitPVPqRcWPjH.jpg
Unbreakable,Science Fiction Thriller Drama,"An ordinary man makes an extraordinary discovery when a train accident leaves his fellow passengers dead – and him unscathed. The answer to this mystery could lie with the mysterious Elijah Price, a man who suffers from a disease that renders his bones as fragile as glass.",father son relationship train accident comic book marriage crisis invulnerability superhero suspense super powers,M. Night Shyamalan,Bruce Willis Samuel L. Jackson Robin Wright,2000,6.9,https://image.tmdb.org/t/p/w500/pvL37V88plePxFSszCbV3wRHiBm.jpg
The 5th Wave,Adventure Science Fiction,16-year-old Cassie Sullivan tries to survive in a world devastated by the waves of an alien invasion that has already decimated the population and knocked mankind back to the Stone Age.,based on novel dystopia alien alien invasion human subjugation environmental disaster based on young adult novel,J Blakeson,Chloë Grace Moretz Nick Robinson Alex Roe,2016,5.6,https://image.tmdb.org/t/p/w500/cgxEscv6TQRK6a514FwuJOjcqQ5.jpg
Nocturnal Animals,Drama Thriller,"Susan Morrow receives a book manuscript from her ex-husband – a man she left 20 years earlier – asking for her opinion of his writing. As she reads, she is drawn into the fictional life of Tony Hastings, a mathematics professor whose family vacation turns violent.",based on novel hostage cancer mother daughter relationship writer overbearing mother art novelist carjacking story within the story flashback lung cancer,Tom Ford,Amy Adams Jake Gyllenhaal Michael Shannon,2016,7.2,https://image.tmdb.org/t/p/w500/9Moizj8qxcZK6DqEE1MTO3pQAEw.jpg
G.I. Joe: The Rise of Cobra,Adventure Action Thriller Science Fiction,"From the Egyptian desert to deep below the polar ice caps, the elite G.I. JOE team uses the latest in next-generation spy and military equipment to fight the corrupt arms dealer Destro and the growing threat of the mysterious Cobra organization to prevent them from plunging the world into chaos.",terrorist secret hostage technology laser warhead government president revenge murder attack explosion scientist evil cobra,Stephen Sommers,Dennis Quaid Channing Tatum Marlon Wayans,2009,5.6,https://image.tmdb.org/t/p/w500/29eW5c5DaCFQejdt9V14RrA51yD.jpg
Rise of the Guardians,Fantasy Animation Family,"When an evil spirit known as Pitch lays down the gauntlet to take over the world, the immortal Guardians must join forces for the first time to protect the hopes, beliefs and imagination of children all over the world.",dream santa claus nightmare easter bunny tooth fairy jack frost sandman duringcreditsstinger,Peter Ramsey,Chris Pine Alec Baldwin Jude Law,2012,7.1,https://image.tmdb.org/t/p/w500/sIZr3pWcnLTjMkOaTkBrV967lTK.jpg
The Terminal,Comedy Drama,"Viktor Navorski is a man without a country; his plane took off just as a coup d'etat exploded in his homeland, leaving it in shambles, and now he's stranded at Kennedy Airport, where he's holding a passport that nobody recognizes. While quarantined in the transit lounge until authorities can figure out what to do with him, Viktor simply goes on living – and courts romance with a beautiful flight attendant.",new york airport marriage proposal translation craftsman stewardess illegal immigration language barrier jfk international airport immigration law fast food restaurant security camera jazz musician saxophonist autograph passport eastern europe friendship,Steven Spielberg,Tom Hanks Catherine Zeta-Jones Stanley Tucci,2004,7.1,https://image.tmdb.org/t/p/w500/f4Dup6awDfDqAHKgWqNJ2HFw1qN.jpg
National Treasure,Adventure Action Thriller Mystery,"Modern treasure hunters, led by archaeologist Ben Gates, search for a chest of riches rumored to have been stashed away by George Washington, Thomas Jefferson and Benjamin Franklin during the Revolutionary War. The chest's whereabouts may lie in secret clues embedded in the Constitution and the Declaration of Independence, and Gates is in a race to find the gold before his enemies do.",riddle treasure treasure hunt archaeologist archeology ,Jon Turteltaub,Nicolas Cage Diane Kruger Justin Bartha,2004,6.4,https://image.tmdb.org/t/p/w500/luMoc56LLMWUt60vUNNpwxrbTNt.jpg
Snow White and the Seven Dwarfs,Fantasy Animation Family,"A beautiful girl, Snow White, takes refuge in the forest in the house of seven dwarfs to hide from her stepmother, the wicked Queen. The Queen is jealous because she wants to be known as ""the fairest in the land,"" and Snow White's beauty surpasses her own.",poison witch becoming an adult sadness queen attempted murder dying and death appearance princess candlelight vigil snow white,David Hand,Adriana Caselotti Lucille La Verne Harry Stockwell,1937,6.9,https://image.tmdb.org/t/p/w500/wbVGRBYPRRahIZNGXY9TfHDUSc2.jpg
Predestination,Science Fiction Thriller,"Predestination chronicles the life of a Temporal Agent sent on an intricate series of time-travel journeys designed to prevent future killers from committing their crimes. Now, on his final assignment, the Agent must stop the one criminal that has eluded him throughout time and prevent a devastating attack in which thousands of lives will be lost.",time travel,Michael Spierig,Ethan Hawke Sarah Snook Noah Taylor,2014,7.3,https://image.tmdb.org/t/p/w500/kDdUtDsGMQ3OYwoBtEQyJIGPz4V.jpg
Dredd,Action Science Fiction,"In the future, America is a dystopian wasteland. The latest scourge is Ma-Ma, a prostitute-turned-drug pusher with a dangerous new drug and aims to take over the city. The only possibility of stopping her is an elite group of urban police called Judges, who combine the duties of judge, jury and executioner to deliver a brutal brand of swift justice. But even the top-ranking Judge, Dredd, discovers that taking down Ma-Ma isn’t as easy as it seems in this explosive adaptation of the hugely popular comic series.",usa corruption crime fighter judge metropolis law post-apocalyptic dystopia executive case police futuristic based on comic gore survival gunfight gangster extreme violence psychic violence criminal justice drug lord based on graphic novel dystopic future dark humor expert marksman rookie dredd 2000 ad,Pete Travis,Karl Urban Olivia Thirlby Lena Headey,2012,6.6,https://image.tmdb.org/t/p/w500/71fkYuMVMtdbREh9Mp3gTFmI8Bv.jpg
Megamind,Animation Action Comedy Family Science Fiction,"Bumbling supervillain Megamind finally defeats his nemesis, the superhero Metro Man. But without a hero, he loses all purpose and must find new meaning to his life.",saving the world date prison secret identity fish gun dna mayor anti hero rain museum one-sided love serum talking animal reporter duringcreditsstinger stronger villain,Tom McGrath,Will Ferrell Brad Pitt Tina Fey,2010,6.7,https://image.tmdb.org/t/p/w500/amXAUSAUrnGuLGEyc1ZNhBvgbnF.jpg
The Help,Drama,"Aibileen Clark is a middle-aged African-American maid who has spent her life raising white children and has recently lost her only son; Minny Jackson is an African-American maid who has often offended her employers despite her family's struggles with money and her desperate need for jobs; and Eugenia ""Skeeter"" Phelan is a young white woman who has recently moved back home after graduating college to find out her childhood maid has mysteriously disappeared. These three stories intertwine to explain how life in Jackson, Mississippi revolves around ""the help""; yet they are always kept at a certain distance because of racial lines.",mississippi based on novel exploitation racial segregation racism writer maid moral courage ressentiment southern belle racial issues 1960s newspaper columnist,Tate Taylor,Emma Stone Viola Davis Octavia Spencer,2011,7.9,https://image.tmdb.org/t/p/w500/6u85CuvnbrzWMhKbGk4Bm5RnO3V.jpg
Mission: Impossible II,Adventure Action Thriller,"With computer genius Luther Stickell at his side and a beautiful thief on his mind, agent Ethan Hunt races across Australia and Spain to stop a former IMF agent from unleashing a genetically engineered biological weapon called Chimera. This mission, should Hunt choose to accept it, plunges him into the center of an international crisis of terrifying magnitude.",terror spain cia helicopter secret identity skyscraper undercover island ex-lover secret mission dying and death secret agent computer duel lethal virus violence rescue team agent car research laboratory,John Woo,Tom Cruise Dougray Scott Thandie Newton,2000,5.9,https://image.tmdb.org/t/p/w500/eRaEC0vf5q5TSvaoJPwGTt2wa9T.jpg
Chronicle,Science Fiction Drama Thriller,"Three high school students make an incredible discovery, leading to their developing uncanny powers beyond their understanding. As they learn to control their abilities and use them to their advantage, their lives start to spin out of control, and their darker sides begin to take over.",seattle telekinesis friendship loneliness outcast coming of age student teenager superpower found footage aftercreditsstinger abuse bittersweet,Josh Trank,Dane DeHaan Alex Russell Michael B. Jordan,2012,6.6,https://image.tmdb.org/t/p/w500/zxHCBg0EPFuveyLn8cWQq1s1DGo.jpg
Gangs of New York,Drama History Crime,"It's 1863. America was born in the streets. Amsterdam Vallon returns to the Five Points of America to seek vengeance against the psychotic gangland kingpin, Bill the Butcher, who murdered his father years earlier. With an eager pickpocket by his side and a whole new army, Vallon fights his way to seek vengeance on the Butcher and restore peace in the area.",fire irish-american immigrant gang war pickpocket ship gang of thieves butcher pig army rescue gang,Martin Scorsese,Leonardo DiCaprio Daniel Day-Lewis Cameron Diaz,2002,7.1,https://image.tmdb.org/t/p/w500/ytKo2tLvKUd9Kbs0poXSQh6ft7d.jpg
Creed,Drama,"The former World Heavyweight Champion Rocky Balboa serves as a trainer and mentor to Adonis Johnson, the son of his late friend and former rival Apollo Creed.",underdog sport spin off underground fighting motivational speaker boxing,Ryan Coogler,Michael B. Jordan Sylvester Stallone Graham McTavish,2015,7.3,https://image.tmdb.org/t/p/w500/hKzhV274pkZBSpXfCjUyzbyYKLl.jpg
Life,Horror Science Fiction Thriller,"The six-member crew of the International Space Station is tasked with studying a sample from Mars that may be the first proof of extra-terrestrial life, which proves more intelligent than ever expected.",mars alien life-form space astronaut space station intelligent trapped in space extraterrestrial life,Daniel Espinosa,Jake Gyllenhaal Rebecca Ferguson Ryan Reynolds,2017,6.3,https://image.tmdb.org/t/p/w500/h2mhfbEBGABSHo2vXG1ECMKAJa7.jpg
Corpse Bride,Romance Fantasy Animation Music,"Set in a 19th-century european village, this stop-motion animation feature follows the story of Victor, a young man whisked away to the underworld and wed to a mysterious corpse bride, while his real bride Victoria waits bereft in the land of the living.",shyness england cheating old town grave skeleton musical marriage wedding ring stop motion animation money wedding corpse wedding ceremony parents dark fantasy european ring piano,Tim Burton,Johnny Depp Helena Bonham Carter Emily Watson,2005,7.2,https://image.tmdb.org/t/p/w500/o9GbcdP7rOg2m1NyUnUR3ZwNcTE.jpg
Exodus: Gods and Kings,Adventure Drama Action,"The defiant leader Moses rises up against the Egyptian Pharaoh Ramses, setting 400,000 slaves on a monumental journey of escape from Egypt and its terrifying cycle of deadly plagues.",moses bible ancient egypt 3d ramses,Ridley Scott,Christian Bale Joel Edgerton John Turturro,2014,5.6,https://image.tmdb.org/t/p/w500/ycDcPCpWM7hSdIR6tFkOzQPkve2.jpg
Blade,Horror Action,"When Blade's mother was bitten by a vampire during pregnancy, she did not know that she gave her son a special gift while dying: All the good vampire attributes in combination with the best human skills. Blade and his mentor Whistler battle an evil vampire rebel (Deacon Frost) who plans to take over the outdated vampire council, capture Blade and resurrect voracious blood god La Magra.",suicide hero vampire bite fistfight supernatural vampire hunter superhero rivalry tragic hero good vs evil one man army extreme violence martial arts master scientist violence disarming someone blade machine gun english subtitles in original hypodermic needle microscope secret headquarters bullet dodging bullet time kicked in the groin x rayed skeleton mouth guard escapade imaginary deadly master warrior supernatural ability fang vamp,Stephen Norrington,Wesley Snipes Stephen Dorff Kris Kristofferson,1998,6.5,https://image.tmdb.org/t/p/w500/r0RQ9ZOEZglLOeYDNJTehVTRoR6.jpg
The Italian Job,Action Crime,"Charlie Croker pulled off the crime of a lifetime. The one thing that he didn't plan on was being double-crossed. Along with a drop-dead gorgeous safecracker, Croker and his team take off to re-steal the loot and end up in a pulse-pounding, pedal-to-the-metal chase that careens up, down, above and below the streets of Los Angeles.",venice california train station helicopter austria mountain gold subway hacker chase safe remake caper revenge murder heist double crossed fast cars boat chase los angeles explosion convict father daughter relationship car chase tv news hollywood sign television repair mini cooper,F. Gary Gray,Mark Wahlberg Charlize Theron Edward Norton,2003,6.6,https://image.tmdb.org/t/p/w500/jNRCNX1uDiUf6mteFxOBn30wL8Q.jpg
The Last Samurai,Drama Action War History,"Nathan Algren is an American hired to instruct the Japanese army in the ways of modern warfare, which finds him learning to respect the samurai and the honorable principles that rule them. Pressed to destroy the samurai's way of life in the name of modernization and open trade, Algren decides to become an ultimate warrior himself and to fight for their right to exist.",japan war crimes sense of guilt swordplay general samurai war veteran katana sword arms deal homeland emperor language barrier self-discovery mountain village foreign legion mercenary campaign commercial agreement insurgence leader war strategy gettysburg loss of husband slaughter soldier alcoholic u.s. soldier japanese army 19th century war trauma,Edward Zwick,Tom Cruise Ken Watanabe William Atherton,2003,7.3,https://image.tmdb.org/t/p/w500/sLv5pXysIz7QbtKFJy85d5yxv2W.jpg
Lost in Translation,Drama,"Two lost souls visiting Tokyo -- the young, neglected wife of a photographer and a washed-up movie star shooting a TV commercial -- find an odd solace and pensive freedom to be real in each other's company, away from their lives in America.",upper class hotel room age difference commercial karaoke homesickness culture clash jet lag pop star unsociability aftercreditsstinger woman director,Sofia Coppola,Bill Murray Scarlett Johansson Anna Faris,2003,7.3,https://image.tmdb.org/t/p/w500/5T8VvuFTdaawKLJk34i69Utaw7o.jpg
The Pianist,Drama War,The Pianist is a film adapted from the biography of Wladyslaw Szpilman. A Jewish-Polish pianist who during the second world war lived and hid miraculously in Warsaw after having gone through a terrible tragedy. A film from Roman Polanski.,individual resistance radio station war crimes loss of family child murderer hunger world war ii prisoners of war homeland deportation hiding place ghetto riot jew persecution liberation warsaw ghetto polish resistance nazis biography classical music panzer pianist,Roman Polanski,Adrien Brody Thomas Kretschmann Frank Finlay,2002,8.1,https://image.tmdb.org/t/p/w500/iunmxWkOi7Vk17Ob3G2HwwjgHsr.jpg
The Intern,Comedy,"70-year-old widower Ben Whittaker has discovered that retirement isn't all it's cracked up to be. Seizing an opportunity to get back in the game, he becomes a senior intern at an online fashion site, founded and run by Jules Ostin.",intern woman director,Nancy Meyers,Robert De Niro Anne Hathaway Rene Russo,2015,7.1,https://image.tmdb.org/t/p/w500/vQ7oVX2j7BnMDYyzuFeG1epqvGb.jpg
Les Misérables,Drama Music Romance,"An adaptation of the successful stage musical based on Victor Hugo's classic novel set in 19th-century France, in which a paroled prisoner named Jean Valjean seeks redemption.",france robbery brothel mayor star musical arrest army rebellion wedding falling in love corpse parole convict girl disguised as boy,Tom Hooper,Hugh Jackman Russell Crowe Anne Hathaway,2012,7.2,https://image.tmdb.org/t/p/w500/qEsrAHoxj746FRb7OLGYjrx1AI3.jpg
Kung Fu Panda 2,Animation Family,"Po is now living his dream as The Dragon Warrior, protecting the Valley of Peace alongside his friends and fellow kung fu masters, The Furious Five - Tigress, Crane, Mantis, Viper and Monkey. But Po’s new life of awesomeness is threatened by the emergence of a formidable villain, who plans to use a secret, unstoppable weapon to conquer China and destroy kung fu. It is up to Po and The Furious Five to journey across China to face this threat and vanquish it. But how can Po stop a weapon that can stop kung fu? He must look to his past and uncover the secrets of his mysterious origins; only then will he be able to unlock the strength he needs to succeed.",martial arts hope fleet panda mission woman director,Jennifer Yuh Nelson,Jack Black Angelina Jolie Dustin Hoffman,2011,6.7,https://image.tmdb.org/t/p/w500/Fzyy2dauoKxjUzUPYYo3kJkJAW.jpg
The Little Mermaid,Animation Family,This colorful adventure tells the story of an impetuous mermaid princess named Ariel who falls in love with the very human Prince Eric and puts everything on the line for the chance to be with him. Memorable songs and characters -- including the villainous sea witch Ursula.,sea fireworks prince kingdom daughter mermaid princess animation spell true love bargain,Ron Clements,Jodi Benson Christopher Daniel Barnes Jason Marin,1989,7.2,https://image.tmdb.org/t/p/w500/ujlSe3lhp1OKmF2LNu6wRpWbdiU.jpg
Die Hard 2,Action Thriller,"John McClane is an off-duty cop gripped with a feeling of déjà vu when on a snowy Christmas Eve in the nation's capital, terrorists seize a major international airport, holding thousands of holiday travelers hostage. Renegade military commandos led by a murderous rogue officer plot to rescue a drug lord from justice and are prepared for every contingency except one: McClane's smart-mouthed heroics.",ambush helicopter journalist based on novel airport hand grenade fistfight cop sequel snow dulles international airport shootout officer involved shooting terrorism explosion church violence sabotage walkie talkie swat team air traffic control commando unit snowmobile,Renny Harlin,Bruce Willis Bonnie Bedelia William Atherton,1990,6.6,https://image.tmdb.org/t/p/w500/lmR6vKPYEqAtjq8DJOea5rPnyGl.jpg
Love Actually,Comedy Romance Drama,Follows seemingly unrelated people as their lives begin to intertwine while they fall in – and out – of love. Affections languish and develop as Christmas draws near.,london england male nudity female nudity love at first sight usa president marseille office christmas party marriage proposal bars and restaurants press conference language barrier prime minister rock star tv show metal detector war on terror school performance multiple storylines,Richard Curtis,Keira Knightley Heike Makatsch Emma Thompson,2003,7.0,https://image.tmdb.org/t/p/w500/kfX8Ctin3fSZbdnjh6CXSNZUOVP.jpg
White House Down,Action Drama Thriller,"Capitol Policeman John Cale has just been denied his dream job with the Secret Service of protecting President James Sawyer. Not wanting to let down his little girl with the news, he takes her on a tour of the White House, when the complex is overtaken by a heavily armed paramilitary group. Now, with the nation's government falling into chaos and time running out, it's up to Cale to save the president, his daughter, and the country.",usa president conspiracy secret service the white house,Roland Emmerich,Channing Tatum Jamie Foxx Joey King,2013,6.3,https://image.tmdb.org/t/p/w500/niYdnzkrtBduR5lKtfeLXKXNaTT.jpg
It Follows,Horror Thriller,"For 19-year-old Jay, fall should be about school, boys and weekends out at the lake. But a seemingly innocent physical encounter turns sour and gives her the inescapable sense that someone, or something, is following her. Faced with this burden, Jay and her teenage friends must find a way to escape the horror that seems to be only a few steps behind.",chase supernatural friends vision school young adult followed,David Robert Mitchell,Maika Monroe Keir Gilchrist Daniel Zovatto,2015,6.6,https://image.tmdb.org/t/p/w500/4MrwJZr0R9LbyOgZqwLNmtzzxbu.jpg
Dumb and Dumber,Comedy,"Lloyd and Harry are two men whose stupidity is really indescribable. When Mary, a beautiful woman, loses an important suitcase with money before she leaves for Aspen, the two friends (who have found the suitcase) decide to return it to her. After some ""adventures"" they finally get to Aspen where, using the lost money they live it up and fight for Mary's heart.",gas station motel utah stupidity pill prank cigar smoking violence criminal fired from the job clumsiness stepmother stepdaughter relationship sitting on a toilet aspen colorado parakeet defecation scooter hotel suite endangered species foolish laxative,Peter Farrelly,Jim Carrey Jeff Daniels Lauren Holly,1994,6.5,https://image.tmdb.org/t/p/w500/3PEAkZHa8ehfUkuKbzmQNRTTAAs.jpg
Night at the Museum: Secret of the Tomb,Adventure Comedy Fantasy Family,"When the magic powers of The Tablet of Ahkmenrah begin to die out, Larry Daley (Ben Stiller) spans the globe, uniting favorite and new characters while embarking on an epic quest to save the magic before it is gone forever.",night watchman museum natural history history smithsonian,Shawn Levy,Ben Stiller Rami Malek Rebel Wilson,2014,6.1,https://image.tmdb.org/t/p/w500/tWwASv4CU1Au1IukacdSUewDCV3.jpg
The Babadook,Drama Thriller Horror,"A single mother, plagued by the violent death of her husband, battles with her son's fear of a monster lurking in the house, but soon discovers a sinister presence all around her.",monster nightmare book dysfunctional family single mother psychological horror mother son relationship psychological drama grieving woman director death of spouse self delusion self created problems behavioral disorders sleeplessness,Jennifer Kent,Essie Davis Noah Wiseman Daniel Henshall,2014,6.5,https://image.tmdb.org/t/p/w500/ohg11LlgBhuM2HKDslUpXSXjO6p.jpg
Heat,Action Crime Drama Thriller,"Obsessive master thief, Neil McCauley leads a top-notch crew on various insane heists throughout Los Angeles while a mentally unstable detective, Vincent Hanna pursues him without rest. Each man recognizes and respects the ability and the dedication of the other even though they are aware their cat-and-mouse game may end in violence.",robbery detective bank obsession chase shooting thief honor murder suspense heist betrayal money gang cat and mouse criminal mastermind cult film ex-con heist movie one last job loner bank job neo-noir gun fight crime epic,Michael Mann,Al Pacino Robert De Niro Val Kilmer,1995,7.7,https://image.tmdb.org/t/p/w500/zMyfPUelumio3tiDKPffaUpsQTD.jpg
Underworld: Awakening,Fantasy Action Horror,"After being held in a coma-like state for fifteen years, vampire Selene learns that she has a fourteen-year-old vampire/Lycan hybrid daughter named Nissa, and when she finds her, they must stop BioCom from creating super Lycans that will kill them all.",vampire daughter hybrid child vampire werewolf imax lab experiment werewolf child fang vamp,Måns Mårlind,Kate Beckinsale Stephen Rea Michael Ealy,2012,6.1,https://image.tmdb.org/t/p/w500/ayazc5fQ2YAw7vjaE1WGlJWtGX9.jpg
The Hurt Locker,Drama Thriller War,"Forced to play a dangerous game of cat-and-mouse in the chaos of war, an elite Army bomb squad unit must come together in a city where everyone is a potential enemy and every object could be a deadly bomb.",sniper explosive loyalty u.s. army iraq car bomb suspense tension iraq war desert bomb squad body armor woman director army sergeant,Kathryn Bigelow,Jeremy Renner Anthony Mackie Brian Geraghty,2008,7.2,https://image.tmdb.org/t/p/w500/tOiWc3mUzHH4gMpmUe9vqxIeWMs.jpg
Yes Man,Comedy,Carl Allen has stumbled across a way to shake free of post-divorce blues and a dead-end job: embrace life and say yes to everything.,bungee-jump scooter,Peyton Reed,Jim Carrey Zooey Deschanel Rhys Darby,2008,6.4,https://image.tmdb.org/t/p/w500/zqSqnHb045TN8Lzt2X4IVy8dfAW.jpg
Madagascar: Escape 2 Africa,Family Animation,"Alex, Marty, Melman, Gloria, King Julien, Maurice, the penguins and the chimps are back and still marooned on Madagascar. In the face of this obstacle, the New Yorkers have hatched a plan so crazy it just might work. With military precision, the penguins have repaired an old crashed plane... sort of.",africa jealousy dance hunger lion zoo hippopotamus chimp penguin volcano madagascar airplane zebra sequel shark imax duringcreditsstinger,Eric Darnell,Ben Stiller Jada Pinkett Smith David Schwimmer,2008,6.2,https://image.tmdb.org/t/p/w500/9mohxwknsHcwFBSAAhoQXwFV5zn.jpg
The Giver,Drama Science Fiction,"In a seemingly perfect community, without war, pain, suffering, differences or choice, a young boy is chosen to learn from an elderly man about the true pain and pleasure of the ""real"" world.",dystopia black and white based on young adult novel,Phillip Noyce,Jeff Bridges Meryl Streep Brenton Thwaites,2014,6.4,https://image.tmdb.org/t/p/w500/4g19qQ4pfQz6nlVctA0q3y7Dieg.jpg
The Host,Action Adventure Romance Science Fiction Thriller,"A parasitic alien soul is injected into the body of Melanie Stryder. Instead of carrying out her race's mission of taking over the Earth, ""Wanda"" (as she comes to be called) forms a bond with her host and sets out to aid other free humans.",based on novel mass murder dystopia genocide alien invasion duringcreditsstinger interspecies romance alien parasites,Andrew Niccol,Saoirse Ronan Diane Kruger Jake Abel,2013,6.0,https://image.tmdb.org/t/p/w500/jnPOLAPQLhqMeDLV2BsQfrd6R11.jpg
The Proposal,Comedy Romance Drama,"When she learns she's in danger of losing her visa status and being deported, overbearing book editor Margaret Tate forces her put-upon assistant, Andrew Paxton, to marry her.",fictitious marriage deportation immigration law romantic comedy alaska naked scene co-worker humiliation book editor fake boyfriend duringcreditsstinger woman director pretend relationship,Anne Fletcher,Sandra Bullock Ryan Reynolds Mary Steenburgen,2009,6.7,https://image.tmdb.org/t/p/w500/xippClkb4VCE15uva13SAGf8Vsd.jpg
Madagascar 3: Europe's Most Wanted,Animation Family,"Alex, Marty, Gloria and Melman are still trying to get back to the Big Apple and their beloved Central Park zoo, but first they need to find the penguins. When they travel to Monte Carlo, they attract the attention of Animal Control after gate crashing a party and are joined by the penguins, King Julian and Co., and the monkeys. How do a lion, zebra, hippo, giraffe, four penguins, two monkeys, three lemurs travel through Europe without attracting attention and get back to New York? They join a traveling circus. Their attempts to get back to New York are consistently hampered by the Captain of Animal Control who wants to make Alex part of her collection. Once they make it back to New York Marty, Alex, Gloria and Melman realize that they want to be part of the traveling circus.",madagascar 3d,Conrad Vernon,Ben Stiller Sacha Baron Cohen David Schwimmer,2012,6.4,https://image.tmdb.org/t/p/w500/wd7NcMifnuf66gD2Fm7Tzz3yJ54.jpg
Jumper,Adventure Fantasy Science Fiction,"David Rice is a man who knows no boundaries, a Jumper, born with the uncanny ability to teleport instantly to anywhere on Earth. When he discovers others like himself, David is thrust into a dangerous and bloodthirsty war while being hunted by a sinister and determined group of zealots who have sworn to destroy all Jumpers. Now, David’s extraordinary gift may be his only hope for survival!",adolescence based on novel loss of child fight chase teleportation supernatural powers leap in time enemy motherly love,Doug Liman,Hayden Christensen Jamie Bell Samuel L. Jackson,2008,5.9,https://image.tmdb.org/t/p/w500/mIz6FQabZrrzsOwYFpUpreijpvx.jpg
City of God,Drama Crime,"Cidade de Deus is a shantytown that started during the 1960s and became one of Rio de Janeiro’s most dangerous places in the beginning of the 1980s. To tell the story of this place, the movie describes the life of various characters, all seen by the point of view of the narrator, Buscapé. Buscapé was raised in a very violent environment. Despite the feeling that all odds were against him, he finds out that life can be seen with other eyes: The eyes of an artist. By accident, he becomes a professional photographer, gaining his freedom.",male nudity street gang brazilian photographer 1970s puberty ghetto gang war coming of age woman director 1980s,Fernando Meirelles,Alexandre Rodrigues Leandro Firmino Phellipe Haagensen,2002,8.2,https://image.tmdb.org/t/p/w500/gCqnQaq8T4CfioP9uETLx9iMJF4.jpg
Gattaca,Thriller Science Fiction Mystery Romance,"Science fiction drama about a future society in the era of indefinite eugenics where humans are set on a life course depending on their DNA. The young Vincent Freeman is born with a condition that would prevent him from space travel, yet he is determined to infiltrate the GATTACA space program.",paraplegic suicide attempt cheating dna spaceman new identity heart disease false identity blood sample biotechnology space mission dystopia investigation genetics hostility exercise eugenics dystopic future,Andrew Niccol,Ethan Hawke Jude Law Gore Vidal,1997,7.5,https://image.tmdb.org/t/p/w500/gPYtuvhQvP7v5F1Tqt2iQWR3Y7i.jpg
Rocky,Drama,"When world heavyweight boxing champion, Apollo Creed wants to give an unknown fighter a shot at the title as a publicity stunt, his handlers choose palooka Rocky Balboa, an uneducated collector for a Philadelphia loan shark. Rocky teams up with trainer  Mickey Goldmill to make the most of this once in a lifetime break.",underdog philadelphia transporter italo-american fight love of one's life publicity boxer independence boxing match training lovers surprise world champion amateur victory,John G. Avildsen,Sylvester Stallone Talia Shire Burt Young,1976,7.5,https://image.tmdb.org/t/p/w500/i5xiwdSsrecBvO7mIfAJixeEDSg.jpg
Jack Reacher: Never Go Back,Action,"Jack Reacher must uncover the truth behind a major government conspiracy in order to clear his name. On the run as a fugitive from the law, Reacher uncovers a potential secret from his past that could change his life forever.",based on novel homicide sequel false accusations false accusation of murder,Edward Zwick,Tom Cruise Cobie Smulders Aldis Hodge,2016,5.3,https://image.tmdb.org/t/p/w500/IfB9hy4JH1eH6HEfIgIGORXi5h.jpg
Constantine,Drama Fantasy Horror,"John Constantine has literally been to Hell and back. When he teams up with a policewoman to solve the mysterious suicide of her twin sister, their investigation takes them through the world of demons and angels that exists beneath the landscape of contemporary Los Angeles.",angel confession exorcism archangel gabriel holy water supernatural based on comic lucifer demon occult aftercreditsstinger,Francis Lawrence,Keanu Reeves Rachel Weisz Shia LaBeouf,2005,6.6,https://image.tmdb.org/t/p/w500/qYTerimWp1t1zSEKknn9mByhwbX.jpg
The Girl on the Train,Crime Drama Mystery Romance Thriller,"Rachel Watson, devastated by her recent divorce, spends her daily commute fantasizing about the seemingly perfect couple who live in a house that her train passes every day, until one morning she sees something shocking happen there and becomes entangled in the mystery that unfolds.",based on novel infidelity alcoholism memory loss train divorcee missing person police investigation ex-husband ex-wife relationship homicidio,Tate Taylor,Emily Blunt Haley Bennett Rebecca Ferguson,2016,6.2,https://image.tmdb.org/t/p/w500/n8WNMt7stqHUZEE7bEtzK4FwrWe.jpg
Pearl Harbor,History Romance War,"The lifelong friendship between Rafe McCawley and Danny Walker is put to the ultimate test when the two ace fighter pilots become entangled in a love triangle with beautiful Naval nurse Evelyn Johnson. But the rivalry between the friends-turned-foes is immediately put on hold when they find themselves at the center of Japan's devastating attack on Pearl Harbor on Dec. 7, 1941.",nurse patriotism hawaii world war ii pilot pearl harbor u.s. air force airplane war army love pin-up,Michael Bay,Ben Affleck Josh Hartnett Kate Beckinsale,2001,6.6,https://image.tmdb.org/t/p/w500/gzjMpcyV1RksWonaA87DZ8wQTH0.jpg
Black Hawk Down,Action History War,"When U.S. Rangers and an elite Delta Force team attempt to kidnap two underlings of a Somali warlord, their Black Hawk helicopters are shot down, and the Americans suffer heavy casualties, facing intense fighting from the militia on the ground.",prisoners of war wound somalia warlord famine delta force rescue operation,Ridley Scott,Josh Hartnett Ewan McGregor Jason Isaacs,2001,7.2,https://image.tmdb.org/t/p/w500/yUzQ4r3q1Dy0bUAkMvUIwf0rPpR.jpg
Moon,Science Fiction Drama,"With only three weeks left in his three year contract, Sam Bell is getting anxious to finally return to Earth. He is the only occupant of a Moon-based manufacturing facility along with his computer and assistant, GERTY. When he has an accident however, he wakens to find that he is not alone.",moon artificial intelligence clone isolation future dystopia space cloning moon base,Duncan Jones,Sam Rockwell Kevin Spacey Dominique McElligott,2009,7.6,https://image.tmdb.org/t/p/w500/2tgl9q3ZaVQUfSsbftqhRxXCElB.jpg
Moonlight,Drama,"The tender, heartbreaking story of a young man’s struggle to find himself, told across three defining chapters in his life as he experiences the ecstasy, pain, and beauty of falling in love, while grappling with his own sexuality.",gay drug abuse florida fight drug addiction restaurant drug dealer high school homosexuality coming of age african american mother son relationship lgbt addict black lgbt,Barry Jenkins,Trevante Rhodes André Holland Naomie Harris,2016,7.3,https://image.tmdb.org/t/p/w500/qAwFbszz0kRyTuXmMeKQZCX3Q2O.jpg
Don't Breathe,Crime Horror Thriller,A group of teens break into a blind man's home thinking they'll get away with the perfect crime. They're wrong.,kidnapping thief teenager violence held captive blind break in blind man trapped in a house,Fede Alvarez,Jane Levy Dylan Minnette Daniel Zovatto,2016,6.7,https://image.tmdb.org/t/p/w500/lw0IqOSMsQcy1QnVIEIDppLmNwk.jpg
The Expendables 3,Action Adventure Thriller,"Barney, Christmas and the rest of the team comes face-to-face with Conrad Stonebanks, who years ago co-founded The Expendables with Barney. Stonebanks subsequently became a ruthless arms trader and someone who Barney was forced to kill… or so he thought. Stonebanks, who eluded death once before, now is making it his mission to end The Expendables -- but Barney has other plans. Barney decides that he has to fight old blood with new blood, and brings in a new era of Expendables team members, recruiting individuals who are younger, faster and more tech-savvy. The latest mission becomes a clash of classic old-school style versus high-tech expertise in the Expendables’ most personal battle yet.",cia arms dealer sequel rescue mission hospital battle sledgehammer revolver,Patrick Hughes,Sylvester Stallone Jason Statham Harrison Ford,2014,6.1,https://image.tmdb.org/t/p/w500/xczFwJhcCb2rUMylXam0Ni7Yn5o.jpg
Baywatch,Action Comedy,"Devoted lifeguard Mitch Buchannon butts heads with a brash new recruit. Together, they uncover a local criminal plot that threatens the future of the Bay.",beach drug dealer based on tv series lifeguard rookie vigilantism,Seth Gordon,Dwayne Johnson Zac Efron Alexandra Daddario,2017,6.1,https://image.tmdb.org/t/p/w500/6HE4xd8zloDqmjMZuhUCCw2UcY1.jpg
Paul,Adventure Comedy Science Fiction,"For the past 60 years, a space-traveling smart-ass named Paul has been locked up in a top-secret military base, advising world leaders about his kind. But when he worries he’s outlived his usefulness and the dissection table is drawing uncomfortably close, Paul escapes on the first RV that passes by his compound in Area 51. Fortunately, it contains the two earthlings who are most likely to rescue and harbor an alien on the run.",san diego alien area 51 alien space craft shot in the knee duringcreditsstinger 1980s,Greg Mottola,Seth Rogen Simon Pegg Nick Frost,2011,6.5,https://image.tmdb.org/t/p/w500/297N75COL0NsJJY5k5U8VTJ1DCe.jpg
The World's End,Comedy Action Science Fiction,Five friends who reunite in an attempt to top their epic pub crawl from 20 years earlier unwittingly become humankind's only hope for survival.,end of the world apocalypse trilogy homage,Edgar Wright,Simon Pegg Nick Frost Martin Freeman,2013,6.7,https://image.tmdb.org/t/p/w500/7xZUJMqGBLvhPJqn23UM3yUC5k5.jpg
28 Days Later,Horror Thriller Science Fiction,"Twenty-eight days after a killer virus was accidentally unleashed from a British research facility, a small group of London survivors are caught in a desperate struggle to protect themselves from the infected. Carried by animals and humans, the virus turns those it infects into homicidal maniacs -- and it's absolutely impossible to contain.",london england taxi manchester city submachine gun gas station survivor daughter laboratory hospital zombie brutality church violence rage epidemic military virus waking from coma animal research,Danny Boyle,Cillian Murphy Naomie Harris Noah Huntley,2002,7.1,https://image.tmdb.org/t/p/w500/xaYdxi1PBEAYvqknvAmMPK5Eff3.jpg
Speed,Action Adventure Crime,"Los Angeles SWAT cop Jack Traven is up against bomb expert Howard Payne, who's after major ransom money. First it's a rigged elevator in a very tall building. Then it's a rigged bus--if it slows, it will blow, bad enough any day, but a nightmare in LA traffic. And that's still not the end.",bomb airport bus bus ride highway bomb planting,Jan de Bont,Keanu Reeves Dennis Hopper Sandra Bullock,1994,6.8,https://image.tmdb.org/t/p/w500/bDLiyoxdK8mZHaeYVOxMZj7WGkb.jpg
The Island,Action Thriller Science Fiction Adventure,"In 2019, Lincoln Six-Echo is a resident of a seemingly ""Utopian"" but contained facility. Like all of the inhabitants of this carefully-controlled environment, Lincoln hopes to be chosen to go to The Island — reportedly the last uncontaminated location on the planet. But Lincoln soon discovers that everything about his existence is a lie.",clone transplantation love of one's life dystopia genetics freedom escape cloning plague,Michael Bay,Ewan McGregor Scarlett Johansson Djimon Hounsou,2005,6.5,https://image.tmdb.org/t/p/w500/erprD7GIkvZz2KM4Z35eyTJKZMI.jpg
Pitch Black,Thriller Science Fiction Action,"When their ship crash-lands on a remote planet, the marooned passengers soon learn that escaped convict Riddick isn't the only thing they have to fear. Deadly creatures lurk in the shadows, waiting to attack in the dark, and the planet is rapidly plunging into the utter blackness of a total eclipse. With the body count rising, the doomed survivors are forced to turn to Riddick with his eerie eyes to guide them through the darkness to safety. With time running out, there's only one rule: Stay in the light.",darkness dystopia comet alien life-form survival eclipse flask corps,David Twohy,Vin Diesel Radha Mitchell Cole Hauser,2000,6.7,https://image.tmdb.org/t/p/w500/j4iBVA49KDBX4ypfVcZxl1y7CCT.jpg
Pretty Woman,Romance Comedy,"When millionaire wheeler-dealer Edward Lewis enters a business contract with Hollywood hooker Vivian Ward, he loses his heart in the bargain in this charming romantic comedy. After Edward hires Vivian as his date for a week and gives her a Cinderella makeover, she returns the favor by mellowing the hardnosed tycoon's outlook. Can the poor prostitute and the rich capitalist live happily ever after?",prostitute capitalism cinderella expensive restaurant sports car workaholic fire escape friendship los angeles piano,Garry Marshall,Julia Roberts Richard Gere Ralph Bellamy,1990,7.0,https://image.tmdb.org/t/p/w500/fgmdaCMxXClZm2ePteLzCPySB1n.jpg
Everest,Adventure Drama,"Inspired by the incredible events surrounding a treacherous attempt to reach the summit of the world's highest mountain, ""Everest"" documents the awe-inspiring journey of two different expeditions challenged beyond their limits by one of the fiercest snowstorms ever encountered by mankind. Their mettle tested by the harshest of elements found on the planet, the climbers will face nearly impossible obstacles as a lifelong obsession becomes a breathtaking struggle for survival.",mountain snow storm hiking climbing snow death blizzard mountain climbing based on true events mount everest 3d,Baltasar Kormákur,Jason Clarke Jake Gyllenhaal Josh Brolin,2015,6.7,https://image.tmdb.org/t/p/w500/t3ELL46AnqjS9djz1vEVh4MpKv0.jpg
Gangster Squad,Crime Drama Action Thriller,"Los Angeles, 1949. Ruthless, Brooklyn-born mob king Mickey Cohen runs the show in this town, reaping the ill-gotten gains from the drugs, the guns, the prostitutes and — if he has his way — every wire bet placed west of Chicago. And he does it all with the protection of not only his own paid goons, but also the police and the politicians who are under his control. It’s enough to intimidate even the bravest, street-hardened cop… except, perhaps, for the small, secret crew of LAPD outsiders led by Sgt. John O’Mara and Jerry Wooters who come together to try to tear Cohen’s world apart.",los angeles gangster,Ruben Fleischer,Josh Brolin Ryan Gosling Nick Nolte,2013,6.2,https://image.tmdb.org/t/p/w500/qutxlK5ggpFZ2Cq0a4sOUsUNvKB.jpg
Cloudy with a Chance of Meatballs,Animation Comedy Family,"Inventor Flint Lockwood creates a machine that makes clouds rain food, enabling the down-and-out citizens of Chewandswallow to feed themselves. But when the falling food reaches gargantuan proportions, Flint must scramble to avert disaster. Can he regain control of the machine and put an end to the wild weather before the town is destroyed?",weather food science,Phil Lord,Bill Hader Anna Faris James Caan,2009,6.5,https://image.tmdb.org/t/p/w500/75QV0rNm6QHpMnpIGrZK0ev08rH.jpg
Bolt,Animation Family Adventure Comedy,"Bolt is the star of the biggest show in Hollywood. The only problem is, he thinks it's real. After he's accidentally shipped to New York City and separated from Penny, his beloved co-star and owner, Bolt must harness all his ""super powers"" to find a way home.",hamster kids and family animal cat vs dog duringcreditsstinger dog cat friendship animal lead girl dog relationship,Chris Williams,John Travolta Miley Cyrus Susie Essman,2008,6.3,https://image.tmdb.org/t/p/w500/pGA75RbbIDXlUJtzJogAtS0KyxL.jpg
The Dictator,Comedy,The heroic story of a dictator who risks his life to ensure that democracy would never come to the country he so lovingly oppressed.,kurdish,Larry Charles,Sacha Baron Cohen Sayed Badreya Aasif Mandvi,2012,5.9,https://image.tmdb.org/t/p/w500/uAvG211cGNKSFyPzXFVMZzjkBB8.jpg
The Good Dinosaur,Adventure Animation Family,An epic journey into the world of dinosaurs where an Apatosaurus named Arlo makes an unlikely human friend.,tyrannosaurus rex friends alternate history dinosaur fear storm nature human journey,Peter Sohn,Raymond Ochoa Jack Bright Jeffrey Wright,2015,6.6,https://image.tmdb.org/t/p/w500/2ZckiMTfSkCep2JTtZbr73tnQbN.jpg
Alice Through the Looking Glass,Family Fantasy,"In the sequel to Tim Burton's ""Alice in Wonderland"", Alice Kingsleigh returns to Underland and faces a new adventure in saving the Mad Hatter.",based on novel clock queen sequel alice in wonderland dark fantasy mad hatter 3d,James Bobin,Johnny Depp Mia Wasikowska Anne Hathaway,2016,6.5,https://image.tmdb.org/t/p/w500/7rfucKCjV01OEsGr9grXa34Aywd.jpg
National Treasure: Book of Secrets,Action Adventure Mystery Thriller,"Benjamin Franklin Gates and Dr. Abigail Chase re-team with Riley Poole and, now armed with a stack of long-lost pages from John Wilkes Booth's diary, Ben must follow a clue left there to prove his ancestor's innocence in the assassination of Abraham Lincoln.",paris london england assassination mount rushmore national memorial riddle father son relationship assassin usa president wife husband relationship gold secret treasure family history buckingham palace treasure hunt history archaeologist american civil war archeology  secret formula,Jon Turteltaub,Nicolas Cage Jon Voight Harvey Keitel,2007,6.1,https://image.tmdb.org/t/p/w500/sHr05tz70r7y8A6XrdCBsHPK7tF.jpg
Insidious,Horror Thriller,"A family discovers that dark spirits have invaded their home after their son inexplicably falls into an endless sleep. When they reach out to a professional for help, they learn things are a lot more personal than they thought.",medium evil spirit house warming aftercreditsstinger,James Wan,Patrick Wilson Rose Byrne Ty Simpkins,2010,6.8,https://image.tmdb.org/t/p/w500/6Tjg6DWVo2cpqDLxrOQNw1UvIMB.jpg
Sleepy Hollow,Drama Fantasy Thriller Mystery,New York detective Ichabod Crane is sent to Sleepy Hollow to investigate a series of mysterious deaths in which the victims are found beheaded. But the locals believe the culprit to be none other than the ghost of the legendary Headless Horseman.,cut-off head horseman head,Tim Burton,Johnny Depp Ian McDiarmid Christina Ricci,1999,6.9,https://image.tmdb.org/t/p/w500/mTN4m41lHKaIf0dVcWzVdCJOYik.jpg
Hachi: A Dog's Tale,Drama Family,A drama based on the true story of a college professor's bond with the abandoned dog he takes into his home.,japanese loyalty human animal relationship friendship friends family relationships dog newspaper reporter family dog waiting,Lasse Hallström,Richard Gere Joan Allen Jason Alexander,2009,7.7,https://image.tmdb.org/t/p/w500/3MpVmIg6CgOCUrZ2TZ2P0yitCbM.jpg
10 Things I Hate About You,Comedy Romance Drama,"Bianca, a tenth grader, has never gone on a date, but she isn't allowed to go out with boys until her older sister Kat gets a boyfriend. The problem is, Kat rubs nearly everyone the wrong way. But Bianca and the guy she has her eye on, Joey, are eager, so Joey fixes Kat up with Patrick, a new kid in town just bitter enough for Kat.",shakespeare sister high school cannabis deception teen movie shrew archery feel-good ending opposites attract duringcreditsstinger teenage romance play adaptation overprotective father,Gil Junger,Heath Ledger Julia Stiles Joseph Gordon-Levitt,1999,7.3,https://image.tmdb.org/t/p/w500/paS5plbzKz3PYddxky6svYYz3hS.jpg
Rain Man,Drama,Selfish yuppie Charlie Babbitt's father left a fortune to his savant brother Raymond and a pittance to Charlie; they travel cross-country.,individual mentally disabled autism loss of father yuppie car dealer egocentrism travel convertible psychiatrist duringcreditsstinger savant,Barry Levinson,Dustin Hoffman Tom Cruise Valeria Golino,1988,7.6,https://image.tmdb.org/t/p/w500/A9XB6BmDlxqag4EFG4aM8R08B5t.jpg
Evil Dead,Horror,"Evil Dead, the fourth installment of the Evil Dead franchise, serving as both a reboot and as a loose continuation of the series, features Mia, a young woman struggling with sobriety, heads to a remote cabin with a group of friends where the discovery of a Book of the Dead unwittingly summon up dormant demons which possess the youngsters one by one.",remake demon necronomicon duringcreditsstinger,Fede Alvarez,Jane Levy Shiloh Fernandez Lou Taylor Pucci,2013,6.4,https://image.tmdb.org/t/p/w500/z56CMoFXOhq4zieKMsokLaiB4qE.jpg
Ghost Rider,Thriller Action Fantasy Horror,"In order to save his dying father, young stunt cyclist, Johnny Blaze sells his soul to Mephistopheles and sadly parts from the pure-hearted, Roxanne Simpson, the love of his life. Years later, Johnny's path crosses again with Roxanne, now a go-getting reporter, and also with Mephistopheles, who offers to release Johnny's soul if Johnny becomes the fabled, fiery 'Ghost Rider'.",religion and supernatural dying and death devil's son ghost world stunts flame based on comic demon,Mark Steven Johnson,Nicolas Cage Eva Mendes Wes Bentley,2007,5.2,https://image.tmdb.org/t/p/w500/jnllnSq8u4d1oQPU7PsoAHD6bLU.jpg
The Fast and the Furious: Tokyo Drift,Action Crime Drama Thriller,"In order to avoid a jail sentence, Sean Boswell heads to Tokyo to live with his military father. In a low-rent section of the city, Shaun gets caught up in the underground world of drift racing",car race car journey car mechanic auto car garage auto-tuning drifting car automobile racing,Justin Lin,Lucas Black Nathalie Kelley Sung Kang,2006,6.1,https://image.tmdb.org/t/p/w500/f9V0iTSYwnxW6tPIjSE7jrGC7eP.jpg
Grown Ups,Comedy,"After their high school basketball coach passes away, five good friends and former teammates reunite for a Fourth of July holiday weekend.",overweight swing foot convertible arrow,Dennis Dugan,Adam Sandler Salma Hayek Maria Bello,2010,6.0,https://image.tmdb.org/t/p/w500/t6Yj2UlqsrHHK6kJO1FWepR6mEd.jpg
Sweeney Todd: The Demon Barber of Fleet Street,Drama Horror Music,"The infamous story of Benjamin Barker, a.k.a Sweeney Todd, who sets up a barber shop down in London which is the basis for a sinister partnership with his fellow tenant, Mrs. Lovett. Based on the hit Broadway musical.",confession corset asylum razor villain widow beggar blood splatter based on play or musical sondheim child in peril blood on shirt cane lust violence person on fire incest shaving social injustice oven beadle uxoricide seaman mother figure infatuation folk tale,Tim Burton,Johnny Depp Helena Bonham Carter Alan Rickman,2007,7.0,https://image.tmdb.org/t/p/w500/v2pOGxz1wi3plr9aT0zScH6Em4X.jpg
The Tourist,Action Thriller Romance,"American tourist Frank (Johnny Depp) meets mysterious British woman Elsie (Angelina Jolie) on the train to Venice. Romance seems to bud, but there's more to her than meets the eye. Remake of the 2005 French film ""Anthony Zimmer"", written and directed by Jérôme Salle.",paris hotel false identity undercover agent romance,Florian Henckel von Donnersmarck,Johnny Depp Angelina Jolie Paul Bettany,2010,6.0,https://image.tmdb.org/t/p/w500/jfLFF0Qa9jAoTYQIKaSWmMWcKZd.jpg
Meet the Parents,Comedy Romance,"Greg Focker is ready to marry his girlfriend, Pam, but before he pops the question, he must win over her formidable father, humorless former CIA agent Jack Byrnes, at the wedding of Pam's sister. As Greg bends over backward to make a good impression, his visit to the Byrnes home turns into a hilarious series of disasters, and everything that can go wrong does, all under Jack's critical, hawklike gaze.",cia airport cat jew orderly airplane father-in-law epistaxis daughter lost baggage urn pavilion volleyball hospital wedding,Jay Roach,Ben Stiller Robert De Niro Teri Polo,2000,6.6,https://image.tmdb.org/t/p/w500/wVjtQtzv9IcNRGnOOdcK797Sdxx.jpg
Monty Python and the Holy Grail,Adventure Comedy Fantasy,"King Arthur, accompanied by his squire, recruits his Knights of the Round Table, including Sir Bedevere the Wise, Sir Lancelot the Brave, Sir Robin the Not-Quite-So-Brave-As-Sir-Lancelot and Sir Galahad the Pure. On the way, Arthur battles the Black Knight who, despite having had all his limbs chopped off, insists he can still fight. They reach Camelot, but Arthur decides not  to enter, as ""it is a silly place"".",holy grail monk scotland yard swordplay camelot round table chapter aggression by animal knight king arthur wedding reception midnight movie monty python knights of the round table anarchic comedy,Terry Gilliam,Graham Chapman John Cleese Terry Gilliam,1975,7.8,https://image.tmdb.org/t/p/w500/jRx1nDUA4sb2NEKQaukXKBz6pCf.jpg
Hercules,Animation Family Fantasy Adventure Comedy Romance,"Bestowed with superhuman strength, a young mortal named Hercules sets out to prove himself a hero in the eyes of his father, the great god Zeus. Along with his friends Pegasus, a flying horse, and Phil, a personal trainer, Hercules is tricked by the hilarious, hotheaded villain Hades, who's plotting to take over Mount Olympus!",hades musical peasant animation aftercreditsstinger olympus hercules,Ron Clements,Tate Donovan Josh Keaton Roger Bart,1997,7.3,https://image.tmdb.org/t/p/w500/yds93kIrmH1aNN0YKAcHLyOkNEV.jpg
The A-Team,Thriller Action Adventure Comedy Crime,"A group of Iraq War veterans goes on the run from U.S. military forces while they try to clear their names after being framed for a crime they didn't commit. Along the way, Col. Hannibal Smith, Capt. H.M. ‘Howling Mad’ Murdock , Sgt. Bosco ‘B.A.’ Baracus, and Lt. Templeton ‘Faceman’ Peck help out various people they encounter.",war crimes military court military service double crossed aftercreditsstinger duringcreditsstinger,Joe Carnahan,Liam Neeson Bradley Cooper Jessica Biel,2010,6.2,https://image.tmdb.org/t/p/w500/eMwotYpkcE42lGlaoCpPFaolvst.jpg
Due Date,Comedy Drama,"Peter Highman must scramble across the US in five days to be present for the birth of his first child. He gets off to a bad start when his wallet and luggage are stolen, and put on the 'no-fly' list. Peter embarks on a terrifying journey when he accepts a ride from an actor.",highway slacker hitchhiker wallet sunglasses rest stop vicodin waffle,Todd Phillips,Robert Downey Jr. Zach Galifianakis Michelle Monaghan,2010,6.2,https://image.tmdb.org/t/p/w500/88m6HPueDnDnuCGwDa2BtA9sK8m.jpg
Top Gun,Action Romance War,"For Lieutenant Pete 'Maverick' Mitchell and his friend and Co-Pilot Nick 'Goose' Bradshaw being accepted into an elite training school for fighter pilots is a dream come true.  A tragedy, as well as personal demons, threaten Pete's dreams of becoming an Ace pilot.",lovesickness loss of lover fighter pilot self-discovery pilot ejection seat dying and death officer training camp air force airplane dangerous battle assignment u.s. navy hostility secret love cowardliness pilot school,Tony Scott,Tom Cruise Kelly McGillis Val Kilmer,1986,6.7,https://image.tmdb.org/t/p/w500/orGXnBKfT41LxZhitLkXhqUfJJW.jpg
Sex Tape,Comedy,"When Jay and Annie first got together, their romantic connection was intense – but ten years and two kids later, the flame of their love needs a spark.  To kick things up a notch, they decide – why not? – to make a video of themselves trying out every position in The Joy of Sex in one marathon three-hour session.  It seems like a great idea – until they discover that their most private video is no longer private.  With their reputations on the line, they know they’re just one click away from being laid bare to the world... but as their race to reclaim their video leads to a night they'll never forget, they'll find that their video will expose even more than they bargained for.",marriage internet relationship family sex tape,Jake Kasdan,Cameron Diaz Jason Segel Rob Corddry,2014,5.2,https://image.tmdb.org/t/p/w500/2BMmIPGu5ZbTrwXwomdSUuTB2Ul.jpg
My Neighbor Totoro,Fantasy Animation Family,"Two sisters move to the country with their father in order to be closer to their hospitalized mother, and discover the surrounding trees are inhabited by Totoros, magical spirits of the forest. When the youngest runs away from home, the older sister seeks help from the spirits to find her.",japan mother sister sister relationship supernatural powers leave village hospital new neighbor moving new home magical creature cute anime,Hayao Miyazaki,Noriko Hidaka Hitoshi Takagi Chika Sakamoto,1988,8.0,https://image.tmdb.org/t/p/w500/2i0OOjvi7CqNQA6ZtYJtL65P9oZ.jpg
Bad Boys,Action Comedy Crime Thriller,"Marcus Burnett is a hen-pecked family man. Mike Lowry is a foot-loose and fancy free ladies' man. Both are Miami policemen, and both have 72 hours to reclaim a consignment of drugs stolen from under their station's nose. To complicate matters, in order to get the assistance of the sole witness to a murder, they have to pretend to be each other.",miami detective handcuffs airport mexican standoff strip club witness protection car crash internal affairs gunfight explosion brutality foot chase car chase drug lord hangar loose cannon bust reference to skittles black cop badge action hero corrupt cop,Michael Bay,Will Smith Martin Lawrence Téa Leoni,1995,6.5,https://image.tmdb.org/t/p/w500/1dKsSfpAqWSc5UJT9VIqK5JVFI5.jpg
Little Miss Sunshine,Comedy Drama,"A family loaded with quirky, colorful characters piles into an old van and road trips to California for little Olive to compete in a beauty pageant.",california brother sister relationship wife husband relationship family's daily life oscar award highway professor for literature beauty contest beauty queen contest road trip family relationships family holiday road movie woman director beauty pageant,Jonathan Dayton,Greg Kinnear Toni Collette Steve Carell,2006,7.5,https://image.tmdb.org/t/p/w500/5ZuviyEOkelod8x5j5CWa45jsw2.jpg
The Transporter,Action Crime Thriller,"Former Special Forces officer, Frank Martin will deliver anything to anyone for the right price, and his no-questions-asked policy puts him in high demand. But when he realizes his latest cargo is alive, it sets in motion a dangerous chain of events. The bound and gagged Lai is being smuggled to France by a shady American businessman, and Frank works to save her as his own illegal activities are uncovered by a French detective.",car journey transportation auto human trafficking,Louis Leterrier,Jason Statham Shu Qi François Berléand,2002,6.6,https://image.tmdb.org/t/p/w500/vD5plFV1ec9CSIsdlPe9icCDRTL.jpg
Zero Dark Thirty,Thriller Drama History,"A chronicle of the decade-long hunt for al-Qaeda terrorist leader Osama bin Laden after the September 2001 attacks, and his death at the hands of the Navy S.E.A.L. Team 6 in May, 2011.",assassination cia hotel terrorist prisoner car dealer mossad van iraq pakistan osama bin laden man hunt navy seal f word female protagonist gunfight raid violence text message monkey dog special forces tied up military area 51 terrorist group torturing woman director al qaeda prison camp water torture suicide bombing 21st century ex special forces post 9/11 helicopter crash islamabad,Kathryn Bigelow,Jessica Chastain Jason Clarke Mark Strong,2012,6.7,https://image.tmdb.org/t/p/w500/yg6IDNucLAEj7E5loTyTnUW2pgb.jpg
Hitch,Comedy Drama Romance,"Dating coach Alex 'Hitch' Hitchens mentors a bumbling client, Albert, who hopes to win the heart of the glamorous Allegra Cole. While Albert makes progress, Hitch faces his own romantic setbacks when proven techniques fail to work on Sara Melas, a tabloid reporter digging for dirt on Allegra Cole's love life. When Sara discovers Hitch's connection to Albert – now Allegra's boyfriend – it threatens to destroy both relationships.",speed date romantic comedy dating,Andy Tennant,Will Smith Eva Mendes Kevin James,2005,6.3,https://image.tmdb.org/t/p/w500/wY1AsrhhymgxVruhkPtfBoLnUA3.jpg
The Ring,Horror Mystery,"It sounded like just another urban legend: A videotape filled with nightmarish images, leading to a phone call foretelling the viewer's death in exactly seven days. As a newspaper reporter, Rachel Keller was naturally skeptical of the story, until four teenagers all met with mysterious deaths exactly one week after watching just such a tape. Allowing her investigative curiosity to get the better of her, Rachel tracks down the video... and watches it. Now she has just seven days to unravel the mystery of the Ring.",journalist drowning island television horse videoband investigation telephone remake paranormal curse cabin in the woods ghost well videotape supernatural horror mysterious death remake of asian film,Gore Verbinski,Naomi Watts Martin Henderson David Dorfman,2002,6.5,https://image.tmdb.org/t/p/w500/zHJFdhqEXZJxG653oZvOM3PmNON.jpg
Tarzan,Adventure Animation Drama Family,"Tarzan was a small orphan who was raised by an ape named Kala since he was a child. He believed that this was his family, but on an expedition Jane Porter is rescued by Tarzan. He then finds out that he's human. Now Tarzan must make the decision as to which family he should belong to...",gorilla baby adoption feral child nest animation jungle camp orphan,Kevin Lima,Tony Goldwyn Glenn Close Minnie Driver,1999,7.1,https://image.tmdb.org/t/p/w500/hnTrfKJmnPLMTajHw2RDgv6hVyH.jpg
The Others,Horror Drama Mystery Thriller,"Grace is a religious woman who lives in an old house kept dark because her two children, Anne and Nicholas, have a rare sensitivity to light. When the family begins to suspect the house is haunted, Grace fights to protect her children at any cost in the face of strange events and disturbing visions.",nanny haunted house channel islands parallel world photosensitivity spiritism,Alejandro Amenábar,Nicole Kidman Christopher Eccleston Alakina Mann,2001,7.4,https://image.tmdb.org/t/p/w500/k9GpVK2dyMMzjciQiMdoaL1WUlS.jpg
Don Jon,Romance Comedy Drama,"A New Jersey guy dedicated to his family, friends, and church, develops unrealistic expectations from watching porn and works to find happiness and intimacy with his potential true love.",pornography sex sex addiction male female relationship internet porn male masturbation masturbation,Joseph Gordon-Levitt,Joseph Gordon-Levitt Scarlett Johansson Julianne Moore,2013,5.9,https://image.tmdb.org/t/p/w500/xD93OhEhMPN0v5VXt21D6rx7HGg.jpg
Tropic Thunder,Action Comedy,"Vietnam veteran 'Four Leaf' Tayback's memoir, Tropic Thunder, is being made into a film, but Director Damien Cockburn can’t control the cast of prima donnas. Behind schedule and over budget, Cockburn is ordered by a studio executive to get filming back on track, or risk its cancellation. On Tayback's advice, Cockburn drops the actors into the middle of the jungle to film the remaining scenes but, unbeknownst to the actors and production, the group have been dropped in the middle of the Golden Triangle, the home of heroin-producing gangs.",film making satire jungle movie star southeast asia land mine shackles war filmmaking duringcreditsstinger blackface method acting,Ben Stiller,Ben Stiller Jack Black Robert Downey Jr.,2008,6.5,https://image.tmdb.org/t/p/w500/zoWUdaaWKPDyr9b0il0YcggDWgJ.jpg
Batman Returns,Action Fantasy,"Having defeated the Joker, Batman now faces the Penguin - a warped and deformed individual who is intent on being accepted into Gotham society. Crooked businessman Max Schreck is coerced into helping him become Mayor of Gotham and they both attempt to expose Batman in a different light. Selina Kyle, Max's secretary, is thrown from the top of a building and is transformed into Catwoman - a mysterious figure who has the same personality disorder as Batman. Batman must attempt to clear his name, all the time deciding just what must be done with the Catwoman.",holiday corruption double life dc comics crime fighter hallucination christmas tree gotham city vigilante superhero violence dark hero fictional city super villain super powers deformed bird cage evil circus christmas holiday,Tim Burton,Michael Keaton Danny DeVito Michelle Pfeiffer,1992,6.6,https://image.tmdb.org/t/p/w500/jX5THE1yW3zTdeD9dupcIyQvKiG.jpg
Moonrise Kingdom,Comedy Drama Romance,"Set on an island off the coast of New England in the summer of 1965, Moonrise Kingdom tells the story of two twelve-year-olds who fall in love, make a secret pact, and run away together into the wilderness. As various authorities try to hunt them down, a violent storm is brewing off-shore – and the peaceful island community is turned upside down in more ways than anyone can handle.",new england first love eye patch search party devastation pen pal handkerchief child smoking small town sheriff the color red the color blue boy scouts sand dancing meet cute boy scouts leader pipe smoking duringcreditsstinger,Wes Anderson,Bruce Willis Edward Norton Jared Gilman,2012,7.6,https://image.tmdb.org/t/p/w500/ysTohGF7NY9Z6MYz9vLNYiyzh0r.jpg
True Grit,Drama Adventure Western,"Following the murder of her father by hired hand Tom Chaney, 14-year-old farm girl Mattie Ross sets out to capture the killer. To aid her, she hires the toughest U.S. Marshal she can find, a man with ""true grit,"" Reuben J. ""Rooster"" Cogburn. Mattie insists on accompanying Cogburn, whose drinking, sloth, and generally reprobate character do not augment her faith in him. Against his wishes, she joins him in his trek into the Indian Nations in search of Chaney. They are joined by Texas Ranger LaBoeuf, who wants Chaney for his own purposes. The unlikely trio find danger and adventure on the journey, and each has his or her ""grit"" tested.",loss of father father murder texas ranger alcoholism betrayal,Joel Coen,Jeff Bridges Matt Damon Josh Brolin,2010,7.2,https://image.tmdb.org/t/p/w500/qc7vaF5fIeTllAykdP3wldlMyRh.jpg
Lion,Drama,"A five-year-old Indian boy gets lost on the streets of Calcutta, thousands of kilometers from home. He survives many challenges before being adopted by a couple in Australia; 25 years later, he sets out to find his lost family.",based on novel indian lead adoption australia based on true story india missing child long lost relative tasmania passenger train street child,Garth Davis,Sunny Pawar Dev Patel Rooney Mara,2016,8.0,https://image.tmdb.org/t/p/w500/iBGRbLvg6kVc7wbS8wDdVHq6otm.jpg
Central Intelligence,Action Comedy,"After he reunites with an old pal through Facebook, a mild-mannered accountant is lured into the world of international espionage.",spy cia espionage high school reunion reference to facebook accountant,Rawson Marshall Thurber,Dwayne Johnson Kevin Hart Amy Ryan,2016,6.2,https://image.tmdb.org/t/p/w500/9M5ibpQUjoVFjjnP2AdLcof4hAk.jpg
Bridesmaids,Comedy Romance,"Annie’s life is a mess. But when she finds out her lifetime best friend is engaged, she simply must serve as Lillian’s maid of honor. Though lovelorn and broke, Annie bluffs her way through the expensive and bizarre rituals. With one chance to get it perfect, she’ll show Lillian and her bridesmaids just how far you’ll go for someone you love.",competition jealousy fight materialism bridesmaid female friendship fear of commitment wealth mother daughter relationship wedding party sexual humor best friend maid of honor drunk wedding dress group of friends casual sex vanity girl fight missing woman out of control,Paul Feig,Kristen Wiig Rose Byrne Maya Rudolph,2011,6.5,https://image.tmdb.org/t/p/w500/x5ucaJZ4FP589Gn3I8l3ZFV3Nl8.jpg
The Internship,Comedy,Two recently laid-off men in their 40s try to make it as interns at a successful Internet company where their managers are in their 20s.,job interview loss of job intern reference to google new job laid off transamerica pyramid,Shawn Levy,Owen Wilson Vince Vaughn Rose Byrne,2013,6.1,https://image.tmdb.org/t/p/w500/xxOKDTQbQo7h1h7TyrQIW7u8KcJ.jpg
The Wizard of Oz,Adventure Family Fantasy,"Young Dorothy finds herself in a magical world where she makes friends with a lion, a scarecrow and a tin man as they make their way along the yellow brick road to talk with the Wizard and ask for the things they miss most in their lives. The Wicked Witch of the West is the only thing that could stop them.",witch adolescence based on novel secret identity clock dream lion tornado scarecrow musical crow music kansas classic imaginary land cowardliness sepia color,Victor Fleming,Judy Garland Frank Morgan Ray Bolger,1939,7.4,https://image.tmdb.org/t/p/w500/tKEHoKPZv3af0Pn3poaOLHOJ6NM.jpg
The Danish Girl,Drama,"When Gerda Wegener asks her husband Einar to fill in as a portrait model, Einar discovers the person she's meant to be and begins living her life as Lili Elbe. Having realized her true self and with Gerda's love and support, Lili embarks on a groundbreaking journey as a transgender pioneer.",paris denmark copenhagen artist art transsexual surgery lgbt,Tom Hooper,Eddie Redmayne Alicia Vikander Matthias Schoenaerts,2015,7.4,https://image.tmdb.org/t/p/w500/seWQ6UKCrhGH0eP7dFZvmIBQtKF.jpg
The Place Beyond the Pines,Drama Crime,"A motorcycle stunt rider considers committing a crime in order to provide for his wife and child, an act that puts him on a collision course with a cop-turned-politician.",corruption father son relationship carnival mechanic motorcycle bank robbery,Derek Cianfrance,Ryan Gosling Bradley Cooper Eva Mendes,2013,6.8,https://image.tmdb.org/t/p/w500/cdsRBoAditFXVhSr8SgnJ2WTBkX.jpg
Escape Plan,Action Thriller,"Ray Breslin is the world's foremost authority on structural security. After analyzing every high security prison and learning a vast array of survival skills so he can design escape-proof prisons, his skills are put to the test. He's framed and incarcerated in a master prison he designed himself. He needs to escape and find the person who put him behind bars.",prison muslim ship mystery science fiction escape crime prison escape cia agent,Mikael Håfström,Sylvester Stallone Arnold Schwarzenegger Jim Caviezel,2013,6.7,https://image.tmdb.org/t/p/w500/1jHF5or25uCZr7O5c7CYm9eTrTw.jpg
Into the Woods,Fantasy Comedy Music,"In a woods filled with magic and fairy tale characters, a baker and his wife set out to end the curse put on them by their neighbor, a spiteful witch.",witch cinderella prince fairy tale musical princess based on play or musical sondheim curse beanstalk duringcreditsstinger red riding hood,Rob Marshall,Meryl Streep Emily Blunt James Corden,2014,5.6,https://image.tmdb.org/t/p/w500/5h91odPFNlBuJbRBj5N4MEBfXDE.jpg
Percy Jackson: Sea of Monsters,Adventure Family Fantasy,"In their quest to confront the ultimate evil, Percy and his friends battle swarms of mythical creatures to find the mythical Golden Fleece and to stop an ancient evil from rising.",poison hermes poseidon demigod golden fleece olympus 3d kronos overthrow olympus based on young adult novel,Thor Freudenthal,Logan Lerman Alexandra Daddario Douglas Smith,2013,5.9,https://image.tmdb.org/t/p/w500/k1bhUW7XM5X0yD3iewAEvloFBEo.jpg
Ace Ventura: Pet Detective,Comedy Mystery,"He's Ace Ventura: Pet Detective. Jim Carrey is on the case to find the Miami Dolphins' missing mascot and quarterback Dan Marino. He goes eyeball to eyeball with a man-eating shark, stakes out the Miami Dolphins and woos and wows the ladies. Whether he's undercover, under fire or underwater, he always gets his man . . . or beast!",dolphin mascot private detective pets,Tom Shadyac,Jim Carrey Sean Young Courteney Cox,1994,6.4,https://image.tmdb.org/t/p/w500/nZirljb8XYbKTWsRQTplDGhx39Q.jpg
The Adjustment Bureau,Science Fiction Thriller Romance,"A man glimpses the future Fate has planned for him – and chooses to fight for his own destiny. Battling the powerful Adjustment Bureau across, under and through the streets of New York, he risks his destined greatness to be with the only woman he's ever loved.",hotel dancer hat senator future honesty plan kiss speech marriage politician alone fate foot chase covert agency courthouse political campaign based on short story,George Nolfi,Matt Damon Emily Blunt John Slattery,2011,6.5,https://image.tmdb.org/t/p/w500/g87PqGH9Oo3d3Tbczcfk7ZMAIEk.jpg
8 Mile,Drama,"The setting is Detroit in 1995. The city is divided by 8 Mile, a road that splits the town in half along racial lines. A young white rapper, Jimmy ""B-Rabbit"" Smith Jr. summons strength within himself to cross over these arbitrary boundaries to fulfill his dream of success in hip hop. With his pal Future and the three one third in place, all he has to do is not choke.",individual street gang adolescence rap music hip-hop rhyme battle trailer park ethnic stereotype single detroit eminem,Curtis Hanson,Eminem Mekhi Phifer Brittany Murphy,2002,6.8,https://image.tmdb.org/t/p/w500/dXzTrKwpbLpCqn8O70FUUhNbYQT.jpg
War for the Planet of the Apes,Drama Science Fiction War,"Caesar and his apes are forced into a deadly conflict with an army of humans led by a ruthless Colonel. After the apes suffer unimaginable losses, Caesar wrestles with his darker instincts and begins his own mythic quest to avenge his kind. As the journey finally brings them face to face, Caesar and the Colonel are pitted against each other in an epic battle that will determine the fate of both their species and the future of the planet.",based on novel sequel talking animal ape,Matt Reeves,Andy Serkis Woody Harrelson Steve Zahn,2017,6.7,https://image.tmdb.org/t/p/w500/3vYhLLxrTtZLysXtIWktmd57Snv.jpg
The Karate Kid,Action Adventure Drama Family,"12-year-old Dre Parker could have been the most popular kid in Detroit, but his mother's latest career move has landed him in China. Dre immediately falls for his classmate Mei Ying but the cultural differences make such a friendship impossible. Even worse, Dre's feelings make him an enemy of the class bully, Cheng. With no friends in a strange land, Dre has nowhere to turn but maintenance man Mr. Han, who is a kung fu master. As Han teaches Dre that kung fu is not about punches and parries, but maturity and calm, Dre realizes that facing down the bullies will be the fight of his life.",duringcreditsstinger,Harald Zwart,Jaden Smith Jackie Chan Taraji P. Henson,2010,6.2,https://image.tmdb.org/t/p/w500/l13emtM0cz0HyJeWSxb6ml5RvzT.jpg
Van Helsing,Horror Adventure Action,Famed monster slayer Gabriel Van Helsing is dispatched to Transylvania to assist the last of the Valerious bloodline in defeating Count Dracula. Anna Valerious reveals that Dracula has formed an unholy alliance with Dr. Frankenstein's monster and is hell-bent on exacting a centuries-old curse on her family.,transylvania vatican vampire dracula bite frankenstein werewolf multiple monsters van helsing castles mr. hyde,Stephen Sommers,Hugh Jackman Kate Beckinsale Richard Roxburgh,2004,6.0,https://image.tmdb.org/t/p/w500/s2OPT5CZsZBQYAIlO9Mv4AimHvV.jpg
"Lock, Stock and Two Smoking Barrels",Comedy Crime,A card sharp and his unwillingly-enlisted friends need to make a lot of cash quick after losing a sketchy poker match. To do this they decide to pull a heist on a small-time gang who happen to be operating out of the flat next door.,ambush alcohol shotgun tea joint machismo cocktail rifle marijuana cockney accent pot smoking hatchet antique cardsharp anger carjacking piano strip show high stakes,Guy Ritchie,Jason Flemyng Dexter Fletcher Nick Moran,1998,7.5,https://image.tmdb.org/t/p/w500/qV7QaSf7f7yC2lc985zfyOJIAIN.jpg
Inside Man,Crime Drama Thriller,"Bank robber Dalton Russell enters a Manhattan bank, locks the doors and takes hostages, working methodically and without haste. Detective Frazier is assigned to negotiate, but his mind is occupied with the corruption charges he is facing. With an army of police surrounding the bank, the thief, the cop and a high-profile 'fixer' enter high-stakes negotiations.",bank manager kidnapping nazi background document ultimatum court case heist financial transactions,Spike Lee,Denzel Washington Clive Owen Jodie Foster,2006,7.3,https://image.tmdb.org/t/p/w500/z6wYRuvk1lf60R4SmWETfdUvGsm.jpg
The Chronicles of Narnia: Prince Caspian,Adventure Family Fantasy,"One year after their incredible adventures in the Lion, the Witch and the Wardrobe, Peter, Edmund, Lucy and Susan Pevensie return to Narnia to aid a young prince whose life has been threatened by the evil King Miraz. Now, with the help of a colorful cast of new characters, including Trufflehunter the badger and Nikabrik the dwarf, the Pevensie clan embarks on an incredible quest to ensure that Narnia is returned to its rightful heir.",based on novel fictional place brother sister relationship lion human being wretch leap in time matter of life and death faith uncle narnia fantasy world,Andrew Adamson,Ben Barnes William Moseley Anna Popplewell,2008,6.3,https://image.tmdb.org/t/p/w500/mEHd5n927ifJEODgbtC09Faqwcg.jpg
Identity Thief,Comedy Crime,"When a mild-mannered businessman learns his identity has been stolen, he hits the road in an attempt to foil the thief -- a trip that puts him in the path of a deceptively harmless-looking woman.",,Seth Gordon,Jason Bateman Melissa McCarthy Jon Favreau,2013,5.6,https://image.tmdb.org/t/p/w500/lOF4rI6SxgRsVLW8odsauqnhB9Z.jpg
Training Day,Action Crime Drama Thriller,"On his first day on the job as a narcotics officer, a rookie cop works with a rogue detective who isn't what he appears.",police brutality war on drugs drug traffic drug dealer los angeles gang member mexican american barrio cholo,Antoine Fuqua,Denzel Washington Ethan Hawke Scott Glenn,2001,7.3,https://image.tmdb.org/t/p/w500/sDT2biSB7wzBJdXq9o3ldr7VfvY.jpg
Alien³,Science Fiction Action Horror,"After escaping with Newt and Hicks from the alien planet, Ripley crash lands on Fiorina 161, a prison planet and host to a correctional facility. Unfortunately, although Newt and Hicks do not survive the crash, a more unwelcome visitor does. The prison does not allow weapons of any kind, and with aid being a long time away, the prisoners must simply survive in any way they can.",prison android spacecraft space marine imprisonment space colony space travel rottweiler dystopia sequel alien redemption outer space planet shaved head crash landing impregnation penal colony furnace suspended animation xenomorph,David Fincher,Sigourney Weaver Charles S. Dutton Charles Dance,1992,6.2,https://image.tmdb.org/t/p/w500/p7mUd9GpmCYV5qhkKGmiEerFK3i.jpg
Sucker Punch,Action Fantasy Thriller,"A young girl is institutionalized by her abusive stepfather. Retreating to an alternative reality as a coping strategy, she envisions a plan which will help her escape from the mental facility.",brothel fantasy asylum reality escape robot violence inmate alternative imagination lobotomy,Zack Snyder,Emily Browning Abbie Cornish Jena Malone,2011,5.9,https://image.tmdb.org/t/p/w500/s5SjC5pXsBQG3wx9iVzaIzJzpFl.jpg
"Love, Rosie",Comedy Romance,Rosie and Alex are best friends. They are suddenly separated when Alex and his family move from Dublin to America. Can their friendship survive years and miles? Will they gamble everything for true love?,based on novel male female relationship teenage pregnancy best friends in love missed opportunity,Christian Ditter,Lily Collins Sam Claflin Suki Waterhouse,2014,7.7,https://image.tmdb.org/t/p/w500/qGYr7P3s0gx5YLvrILnbAkpTt1K.jpg
The Illusionist,Fantasy Drama Thriller Romance,"With his eye on a lovely aristocrat, a gifted illusionist named Eisenheim uses his powers to win her away from her betrothed, a crowned prince. But Eisenheim's scheme creates tumult within the monarchy and ignites the suspicion of a dogged inspector.",magic princess love rivalry vienna austria crown prince duchess supernatural power childhood sweetheart vienna,Neil Burger,Edward Norton Jessica Biel Paul Giamatti,2006,7.1,https://image.tmdb.org/t/p/w500/sRYw9oAiporMpq1GWcYHqmpdeAO.jpg
London Has Fallen,Action Crime Thriller,"In London for the Prime Minister's funeral, Mike Banning discovers a plot to assassinate all the attending world leaders.",london england terrorist terrorist attack,Babak Najafi,Gerard Butler Aaron Eckhart Morgan Freeman,2016,5.8,https://image.tmdb.org/t/p/w500/9j2AmDhZvdwMyYKpqe4CtBkN1Tw.jpg
The Mortal Instruments: City of Bones,Action Adventure Drama Mystery Romance Fantasy,"In New York City, Clary Fray, a seemingly ordinary teenager, learns that she is descended from a line of Shadowhunters — half-angel warriors who protect humanity from evil forces. After her mother disappears, Clary joins forces with a group of Shadowhunters and enters Downworld, an alternate realm filled with demons, vampires, and a host of other creatures. Clary and her companions must find and protect an ancient cup that holds the key to her mother's future.",angel vampire werewolf warlock downworlder shadowhunter demon hunter based on young adult novel,Harald Zwart,Lily Collins Jamie Campbell Bower Kevin Zegers,2013,6.2,https://image.tmdb.org/t/p/w500/6tUdKoNdBsu321nMpvQsj81DA8e.jpg
From Dusk Till Dawn,Horror Action Thriller Crime,"Seth Gecko and his younger brother Richard are on the run after a bloody bank robbery in Texas. They escape across the border into Mexico and will be home-free the next morning, when they pay off the local kingpin. They just have to survive 'from dusk till dawn' at the rendezvous point, which turns out to be a Hell of a strip joint.",dancing brother brother relationship sexual obsession showdown sheriff eroticism nudity bank robber vampire holy water siege stripper priest explosion extreme violence bank robbery preacher hostage situation crucifix recreational vehicle blood spurting convenience store female vampire mexican american border nightclub entertainer boa constrictor,Robert Rodriguez,George Clooney Quentin Tarantino Harvey Keitel,1996,6.9,https://image.tmdb.org/t/p/w500/ce0d4kM5KxT4x1Oq8JkSuNYevri.jpg
One Hundred and One Dalmatians,Adventure Animation Comedy Family,"When a litter of dalmatian puppies are abducted by the minions of Cruella De Vil, the parents must find them before she uses them for a diabolical fashion statement.",puppy animation dog dalmatian,Hamilton Luske,Rod Taylor J. Pat O'Malley Betty Lou Gerson,1961,6.8,https://image.tmdb.org/t/p/w500/vo5j5OZIdnfMIZSkVfSvh8cJUU.jpg
American Reunion,Comedy,"The characters we met a little more than a decade ago are returning to East Great Falls for their high-school reunion. In one long-overdue weekend, they will discover what has changed, who hasn’t and that time and distance can’t break the bonds of friendship. It was summer 1999 when four small-town Michigan boys began a quest to lose their virginity. In the years that have passed, Jim and Michelle married while Kevin and Vicky said goodbye. Oz and Heather grew apart, but Finch still longs for Stifler’s mom. Now these lifelong friends have come home as adults to reminisce about – and get inspired by – the hormonal teens who launched a comedy legend.",wife husband relationship sequel family reunion masturbation scat high school reunion quitting a job milf duringcreditsstinger,Jon Hurwitz,Jason Biggs Alyson Hannigan Seann William Scott,2012,6.1,https://image.tmdb.org/t/p/w500/yfOZaUh08d1YtLCtgvfRRAssrR7.jpg
Mrs. Doubtfire,Comedy Drama Family,"Loving but irresponsible dad Daniel Hillard, estranged from his exasperated spouse, is crushed by a court order allowing only weekly visits with his kids. When Daniel learns his ex needs a housekeeper, he gets the job -- disguised as an English nanny. Soon he becomes not only his children's best pal but the kind of parent he should have been from the start.",san francisco parent child relationship restaurant nanny mask custody battle fake identity,Chris Columbus,Robin Williams Sally Field Pierce Brosnan,1993,7.0,https://image.tmdb.org/t/p/w500/jx4NvllNGN7o5bpIhcCMh26Xwaj.jpg
Apollo 13,Drama,"The true story of technical troubles that scuttle the Apollo 13 lunar mission in 1971, risking the lives of astronaut Jim Lovell and his crew, with the failed journey turning into a thrilling saga of heroism. Drifting more than 200,000 miles from Earth, the astronauts work furiously with the ground crew to avert tragedy.",moon florida nasa spaceman race against time houston based on true story space rescue survival disaster explosion astronaut imax saturn v rocket courage hypothermia apollo program cape kennedy lunar mission spacecraft accident,Ron Howard,Tom Hanks Bill Paxton Kevin Bacon,1995,7.3,https://image.tmdb.org/t/p/w500/6JQ9z3V9x4vlU2GSZx2yNO0PvuX.jpg
Bad Teacher,Comedy,"A lazy, incompetent middle school teacher who hates her job and her students is forced to return to her job to make enough money for a boob job after her rich fiancé dumps her.",classroom teacher school workplace humor,Jake Kasdan,Cameron Diaz Jason Segel Justin Timberlake,2011,5.4,https://image.tmdb.org/t/p/w500/zpIY4qUSX91J9XpPgr0hFrk1eKr.jpg
Grease,Romance,"Australian good girl Sandy and greaser Danny fell in love over the summer. But when they unexpectedly discover they're now in the same high school, will they be able to rekindle their romance despite their eccentric friends?",flying car street gang running graduation musical rivalry based on play or musical gossip makeover automobile racing nostalgic greaser wolf whistle school dance animated credits pep rally wrong side of the tracks mooning school principal,Randal Kleiser,John Travolta Olivia Newton-John Stockard Channing,1978,7.2,https://image.tmdb.org/t/p/w500/iMHdFTrCYhue74sBnXkdO39AJ3R.jpg
Kung Fu Panda 3,Action Adventure Animation Comedy Family,"Continuing his ""legendary adventures of awesomeness"", Po must face two hugely epic, but different threats: one supernatural and the other a little closer to his home.",china martial arts kung fu village panda sequel talking animal anthropomorphism dragon ancient china wuxia woman director,Jennifer Yuh Nelson,Jack Black Bryan Cranston Dustin Hoffman,2016,6.7,https://image.tmdb.org/t/p/w500/MZFPacfKzgisnPoJIPEFZUXBBT.jpg
The Thing,Horror Mystery Science Fiction,Scientists in the Antarctic are confronted by a shape-shifting alien that assumes the appearance of the people that it kills.,ice space marine paranoia snow storm norwegian research station alien life-form remake alien antarctica shape shifting alien sled dogs,John Carpenter,Kurt Russell Keith David Wilford Brimley,1982,7.8,https://image.tmdb.org/t/p/w500/s5fH3GqFcHbi2F0NSBSh4KRNTc0.jpg
Gremlins,Fantasy Horror Comedy,"When Billy Peltzer is given a strange but adorable pet named Gizmo for Christmas, he inadvertently breaks the three important rules of caring for a Mogwai, and unleashes a horde of mischievous gremlins on a small town.",holiday monster small town department store bars and restaurants human animal relationship pet sunlight chain saw salesperson midnight fur banking puppet skunk kids and family gremlin ymca,Joe Dante,Zach Galligan Phoebe Cates Hoyt Axton,1984,6.9,https://image.tmdb.org/t/p/w500/gXDHxQ92qyF6LUYwn6xuK2L8TYW.jpg
The Blind Side,Drama,"Oversized African-American, Michael Oher, the teen from across the tracks and a broken home, has nowhere to sleep at age 16. Taken in by an affluent Memphis couple, Michael embarks on a remarkable rise to play for the NFL.",american football adoption education private school sport american football player duringcreditsstinger,John Lee Hancock,Sandra Bullock Quinton Aaron Kathy Bates,2009,7.2,https://image.tmdb.org/t/p/w500/wEGFSgPebLk6g1ngKsJ6a46PYLV.jpg
Project X,Comedy Crime,"Three high school seniors throw a party to make a name for themselves. As the night progresses, things spiral out of control as word of the party spreads.",vandalism high school swimming pool party teen movie teenager dog high school student fake documentary sex doll lime underwater photography bouncy castle flash grenade,Nima Nourizadeh,Oliver Cooper Jonathan Daniel Brown Thomas Mann,2012,6.5,https://image.tmdb.org/t/p/w500/cWXkRLmzKfYutvWeJXaednoGKdF.jpg
Signs,Drama Thriller Science Fiction Mystery,A family living on a farm finds mysterious crop circles in their fields which suggests something more frightening to come.,symbolism water farm faith alien family relationships rural setting alien invasion crop circle alien attack loss of faith alien encounter,M. Night Shyamalan,Mel Gibson Joaquin Phoenix Rory Culkin,2002,6.4,https://image.tmdb.org/t/p/w500/bY9lCUVUajpkKWlfjWF1mtXaSUp.jpg
Joy,Drama Comedy,A story based on the life of a struggling Long Island single mom who became one of the country's most successful entrepreneurs.,factory inventor strong woman biography based on true story stolen patent,David O. Russell,Jennifer Lawrence Bradley Cooper Robert De Niro,2015,6.4,https://image.tmdb.org/t/p/w500/zNjxzdgSwzRXnP8Stu3HGzKQKWp.jpg
The Shallows,Horror Drama Thriller,"An injured surfer stranded on a buoy needs to get back to shore, but the great white shark stalking her might have other ideas.",mexico beach surfer island survival young woman shark great white shark trapped animal attack animal horror prey,Jaume Collet-Serra,Blake Lively Óscar Jaenada Angelo Josue Lozano Corzo,2016,6.2,https://image.tmdb.org/t/p/w500/6vuxwCfBejPfUjMxrPgk0ANmVFq.jpg
Underworld: Blood Wars,Action Fantasy Horror,"Vampire death dealer Selene fends off brutal attacks from both the Lycan clan and the Vampire faction that betrayed her. With her only allies, David and his father Thomas, she must stop the eternal war between Lycans and Vampires, even if it means she has to make the ultimate sacrifice.",martial arts sword vampire ambition war sequel betrayal werewolf gothic uzi woman director urban gothic,Anna Foerster,Kate Beckinsale Theo James Lara Pulver,2016,5.2,https://image.tmdb.org/t/p/w500/nHXiMnWUAUba2LZ0dFkNDVdvJ1o.jpg
Resident Evil: Retribution,Action Horror Science Fiction,"The Umbrella Corporation’s deadly T-virus continues to ravage the Earth, transforming the global population into legions of the flesh eating Undead. The human race’s last and only hope, Alice, awakens in the heart of Umbrella’s most clandestine operations facility and unveils more of her mysterious past as she delves further into the complex. Without a safe haven, Alice continues to hunt those responsible for the outbreak; a chase that takes her from Tokyo to New York, Washington, D.C. and Moscow, culminating in a mind-blowing revelation that will force her to rethink everything that she once thought to be true. Aided by new found allies and familiar friends, Alice must fight to survive long enough to escape a hostile world on the brink of oblivion. The countdown has begun.",mutant dystopia sequel conspiracy tokyo japan zombie based on video game moscow hand to hand combat virus plague pandemic mega corporation,Paul W.S. Anderson,Milla Jovovich Sienna Guillory Michelle Rodriguez,2012,5.6,https://image.tmdb.org/t/p/w500/qRhi9UDgfstP9aIJTCoO9u13Q7t.jpg
Borat: Cultural Learnings of America for Make Benefit Glorious Nation of Kazakhstan,Comedy,"Kazakh journalist Borat Sagdiyev travels to America to make a documentary. As he zigzags across the nation, Borat meets real people in real situations with hysterical consequences. His backwards behavior generates strong reactions around him exposing prejudices and hypocrisies in American culture.",male nudity usa california prostitute journalist rodeo kazakhstan demeanor course chicken driving school anti semitism bear mockumentary reporter aftercreditsstinger duringcreditsstinger,Larry Charles,Sacha Baron Cohen Ken Davitian Luenell,2006,6.5,https://image.tmdb.org/t/p/w500/9yoY43fgCmuCv2tzIr77z9jCx1L.jpg
Mr. Nobody,Science Fiction Drama Romance Fantasy,"Nemo Nobody leads an ordinary existence with his wife and 3 children; one day, he wakes up as a mortal centenarian in the year 2092.",surrealism,Jaco Van Dormael,Jared Leto Diane Kruger Linh Đan Phạm,2009,7.9,https://image.tmdb.org/t/p/w500/jxd2XSsnUHHUbo50nzVnVnHRPVJ.jpg
There's Something About Mary,Romance Comedy,"Having never fully recovered from a prom date that became a total disaster, a man finally gets a chance to reunite with his old prom date, only to run up against other suitors including the sleazy detective he hired to find her.",surgeon stalker romantic comedy dream girl taboo screwball comedy frisbee troubadour gross out comedy intellectual disability,Bobby Farrelly,Cameron Diaz Ben Stiller Matt Dillon,1998,6.5,https://image.tmdb.org/t/p/w500/hFtnobv2d8WrjhMPCoX4i0oMJio.jpg
Face/Off,Action Crime Science Fiction Thriller,"An antiterrorism agent goes under the knife to acquire the likeness of a terrorist and gather details about a bombing plot. When the terrorist escapes custody, he undergoes surgery to look like the agent so he can get close to the agent's family.",undercover mexican standoff biological weapon face transplant rage and hate fistfight hostility revenge deception tragedy shootout hospital boat chase los angeles explosion extreme violence fbi agent prison escape criminal gang flashback golden gun arch villain bullet ballet,John Woo,John Travolta Nicolas Cage Joan Allen,1997,6.8,https://image.tmdb.org/t/p/w500/q1i8QHiHZ1cukG5iOxai8pydmoa.jpg
Shark Tale,Animation Action Comedy Family,"Oscar is a small fish whose big aspirations often get him into trouble. Meanwhile, Lenny is a great white shark with a surprising secret that no sea creature would guess: He's a vegetarian. When a lie turns Oscar into an improbable hero and Lenny becomes an outcast, the two form an unlikely friendship.",fish hero mission of murder threat to death secret love animation shark woman director,Vicky Jenson,Will Smith Robert De Niro Renée Zellweger,2004,5.8,https://image.tmdb.org/t/p/w500/zSHqX4qklYrHMEcv2GiHG5UwVsz.jpg
Sinister,Horror Thriller Mystery,"Found footage helps a true-crime novelist realize how and why a family was murdered in his new home, though his discoveries put his entire family in the path of a supernatural entity.",drowning pennsylvania child murderer car set on fire murder bag over head massacre power outage hanged man held captive hanging death attic no opening credits super-8 ghost child filmed killing crime novelist,Scott Derrickson,Ethan Hawke Juliet Rylance Vincent D'Onofrio,2012,6.8,https://image.tmdb.org/t/p/w500/hrRYY7FcRc46Ue7h9jcKiW1xqJ3.jpg
2 Guns,Action Comedy Crime,A DEA agent and an undercover Naval Intelligence officer who have been tasked with investigating one another find they have been set up by the mob -- the very organization the two men believe they have been stealing money from.,undercover undercover agent based on comic money fugitive bank robbery dea agent,Baltasar Kormákur,Denzel Washington Mark Wahlberg Paula Patton,2013,6.6,https://image.tmdb.org/t/p/w500/30lM3Uvzs6HOG5l4hzhwxYTWgd3.jpg
Steve Jobs,Drama History,"Set backstage at three iconic product launches and ending in 1998 with the unveiling of the iMac, Steve Jobs takes us behind the scenes of the digital revolution to paint an intimate portrait of the brilliant man at its epicenter.",biography computer father daughter relationship apple computer steve jobs based on true events,Danny Boyle,Michael Fassbender Kate Winslet Seth Rogen,2015,6.8,https://image.tmdb.org/t/p/w500/ahUiUaeOE2lvnOy7srxaUJbbvYv.jpg
I Am Number Four,Action Thriller Science Fiction Adventure,"A teenage fugitive with an incredible secret races to stay one step ahead of the mysterious forces seeking destroy him in this sci-fi action thriller. With three dead and one on the run, the race to find the elusive Number Four begins. Outwardly normal teen John Smith never gets too comfortable in the same identity, and along with his guardian, Henri, he is constantly moving from town to town. With each passing day, John gains a stronger grasp on his extraordinary new powers, and his bond to the beings that share his fantastic fate grows stronger.",secret identity alien teenage boy teenage hero alien teenager interspecies romance based on young adult novel superpowers,D.J. Caruso,Alex Pettyfer Timothy Olyphant Teresa Palmer,2011,5.9,https://image.tmdb.org/t/p/w500/36E6t6YgzT4mwgqNt5XbcV4MRNU.jpg
The Heat,Action Comedy Crime,"Uptight and straight-laced, FBI Special Agent Sarah Ashburn is a methodical investigator with a reputation for excellence--and hyper-arrogance. Shannon Mullins, one of Boston P.D.'s ""finest,"" is foul-mouthed and has a very short fuse, and uses her gut instinct and street smarts to catch the most elusive criminals. Neither has ever had a partner, or a friend for that matter. When these two wildly incompatible law officers join forces to bring down a ruthless drug lord, they become the last thing anyone expected: Buddies.",boston fbi buddy comedy,Paul Feig,Sandra Bullock Melissa McCarthy Demián Bichir,2013,6.5,https://image.tmdb.org/t/p/w500/tM3hDt8JcU8Y8i6vzTcbnocM2bx.jpg
Pain & Gain,Thriller Crime Action,"Daniel Lugo, manager of the Sun Gym in 1990s Miami, decides that there is only one way to achieve his version of the American dream: extortion. To achieve his goal, he recruits musclemen Paul and Adrian as accomplices. After several failed attempts, they abduct rich businessman Victor Kershaw and convince him to sign over all his assets to them. But when Kershaw makes it out alive, authorities are reluctant to believe his story.",miami scam crime weight lifting weightlifting duringcreditsstinger,Michael Bay,Mark Wahlberg Dwayne Johnson Anthony Mackie,2013,6.1,https://image.tmdb.org/t/p/w500/mFaT4CfHGlRXAWe8qS7IJHwZgeb.jpg
The Chronicles of Riddick,Action Science Fiction,"After years of outrunning ruthless bounty hunters, escaped convict Riddick suddenly finds himself caught between opposing forces in a fight for the future of the human race. Now, waging incredible battles on fantastic and deadly worlds, this lone, reluctant hero will emerge as humanity's champion - and the last hope for a universe on the edge of annihilation.",prison dystopia matter of life and death outer space intergalactic travel,David Twohy,Vin Diesel Thandie Newton Karl Urban,2004,6.3,https://image.tmdb.org/t/p/w500/hVAfGskQdktDwYTqrT7wY1f2M4y.jpg
The Godfather: Part III,Crime Drama Thriller,"In the midst of trying to legitimize his business dealings in 1979 New York and Italy, aging mafia don, Michael Corleone seeks forgiveness for his sins while taking a young protege under his wing.",italy christianity new york assassination italo-american vatican pope confession helicopter daughter lawyer,Francis Ford Coppola,Al Pacino Diane Keaton Andy García,1990,7.1,https://image.tmdb.org/t/p/w500/1hdm3Axw9LjITbApvAXBbqO58zE.jpg
Bad Boys II,Adventure Action Comedy Thriller Crime,"Out-of-control, trash-talking buddy cops Marcus Burnett and Mike Lowrey of the Miami Narcotics Task Force reunite, and bullets fly, cars crash and laughs explode as they pursue a whacked-out drug lord from the streets of Miami to the barrios of Cuba. But the real fireworks result when Marcus discovers that playboy Mike is secretly romancing Marcus’ sexy sister.",miami ku klux klan cuba undercover mexican standoff ecstasy guantánamo slaughter shootout gunfight bromance gangster violence foot chase interrogation car chase drug lord exploding house narcotics cop illegal drugs dea agent buddy cop criminal underworld action hero haitian gang minefield,Michael Bay,Martin Lawrence Will Smith Jordi Mollà,2003,6.3,https://image.tmdb.org/t/p/w500/680X9apSqmAcebLg8evnnUeQNeI.jpg
Just Go with It,Romance Comedy,"A plastic surgeon, romancing a much younger schoolteacher, enlists his loyal assistant to pretend to be his soon to be ex-wife, in order to cover up a careless lie. When more lies backfire, the assistant's kids become involved, and everyone heads off for a weekend in Hawaii that will change all their lives.",beach fictitious marriage blackmail plastic surgery marriage love beautiful woman kids and family,Dennis Dugan,Adam Sandler Jennifer Aniston Nicole Kidman,2011,6.3,https://image.tmdb.org/t/p/w500/4sJDqzBaqBprkEy0aLjIGl7TrHx.jpg
Annabelle,Horror,"John Form has found the perfect gift for his expectant wife, Mia - a beautiful, rare vintage doll in a pure white wedding dress. But Mia's delight with Annabelle doesn't last long. On one horrific night, their home is invaded by members of a satanic cult, who violently attack the couple. Spilled blood and terror are not all they leave behind. The cultists have conjured an entity so malevolent that nothing they did will compare to the sinister conduit to the damned that is now... Annabelle.",prequel evil doll killer doll spin off doll demonic possession killer toys toy comes to life,John R. Leonetti,Annabelle Wallis Ward Horton Tony Amendola,2014,5.5,https://image.tmdb.org/t/p/w500/yAgxM61Sn0dYML4C9v3MJFp5zPI.jpg
Equilibrium,Action Science Fiction Thriller,"In a dystopian future, a totalitarian regime maintains peace by subduing the populace with a drug, and displays of emotion are punishable by death. A man in charge of enforcing the law rises to overthrow the system.",resistance fascism totalitarian regime destroy phasing dystopia book burning outlaw government agent,Kurt Wimmer,Christian Bale Taye Diggs Emily Watson,2002,6.9,https://image.tmdb.org/t/p/w500/nOPW98NU67VN7g0ms5WD5nBVgEv.jpg
Starship Troopers,Adventure Action Thriller Science Fiction,"Set in the future, the story follows a young soldier named Johnny Rico and his exploits in the Mobile Infantry. Rico's military career progresses from recruit to non-commissioned officer and finally to officer against the backdrop of an interstellar war between mankind and an arachnoid species known as ""the Bugs"".",moon asteroid space marine intelligence buenos aires space battle dystopia army satire spaceship soldier drill instructor military,Paul Verhoeven,Casper Van Dien Dina Meyer Denise Richards,1997,6.7,https://image.tmdb.org/t/p/w500/zeCD9WkhABFJmPq3SlTozXJGEtr.jpg
Man on Fire,Action Drama Thriller Crime,"Jaded ex-CIA operative John Creasy reluctantly accepts a job as the bodyguard for a 10-year-old girl in Mexico City. They clash at first, but eventually bond, and when she's kidnapped he's consumed by fury and will stop at nothing to save her life.",mexico cia kidnapping diary bible bodyguard stuffed animal cell phone alcoholic grenade launcher bloodshed swim meet,Tony Scott,Denzel Washington Dakota Fanning Marc Anthony,2004,7.3,https://image.tmdb.org/t/p/w500/qAbRLPe8T7ehKzr1Tgo78T7ASrS.jpg
Knight and Day,Action Comedy,"A fugitive couple goes on a glamorous and sometimes deadly adventure where nothing and no one – even themselves – are what they seem. Amid shifting alliances and unexpected betrayals, they race across the globe, with their survival ultimately hinging on the battle of truth vs. trust.",spy airport gas station garage pilot chase secret agent rope exploding building car chase police car boy genius duringcreditsstinger,James Mangold,Tom Cruise Cameron Diaz Peter Sarsgaard,2010,5.9,https://image.tmdb.org/t/p/w500/aHEpzwXvMtIEMBE13tWXS5oHZ7d.jpg
There Will Be Blood,Drama,"When ruthless oil prospector, Daniel Plainview learns of oil-rich land in California that can be bought cheaply, he moves his operation there and begins manipulating and exploiting the local landowners into selling him their property. Using his young adopted son to project the image of a caring family man, Plainview gains the cooperation of almost all the locals with lofty promises to build schools and cultivate the land to make their community flourish. Over time, Plainview's gradual accumulation of wealth and power causes his true self to surface, and he begins to slowly alienate himself from everyone in his life.",brother brother relationship deaf-mute american dream fanatic pipeline petrol father step father oil money killer alcoholic,Paul Thomas Anderson,Daniel Day-Lewis Paul Dano Dillon Freasier,2007,7.9,https://image.tmdb.org/t/p/w500/gULACAZnPnyauix3mgMKG63UkXt.jpg
Jackie Brown,Comedy Crime Romance,"Jackie Brown is a flight attendant who gets caught in the middle of smuggling cash into the country for her gunrunner boss. When the cops try to use Jackie to get to her boss, she hatches a plan—with help from a bail bondsman—to keep the money for herself. Based on Elmore Leonard's novel “Rum Punch”.",airport underworld arms deal weapon police drug,Quentin Tarantino,Pam Grier Samuel L. Jackson Robert Forster,1997,7.3,https://image.tmdb.org/t/p/w500/4XVPYOdMAizdNMSwS0SK3fPJcvR.jpg
Spring Breakers,Drama Crime,"After four college girls rob a restaurant to fund their spring break in Florida, they get entangled with a weird dude with his own criminal agenda.",female nudity sex florida drug dealer nudity female friendship party art house drug spring break young adult,Harmony Korine,James Franco Selena Gomez Vanessa Hudgens,2013,5.0,https://image.tmdb.org/t/p/w500/nDs6gn1VH5MmF7l8G8UABBBX0G1.jpg
Horrible Bosses 2,Comedy,"Dale, Kurt and Nick decide to start their own business but things don't go as planned because of a slick investor, prompting the trio to pull off a harebrained and misguided kidnapping scheme.",prison kidnapping sequel car chase sex addict sex tape,Sean Anders,Jason Bateman Jason Sudeikis Charlie Day,2014,6.1,https://image.tmdb.org/t/p/w500/zRkLCOx7o9tjPYb9s7u6mpw8VOs.jpg
The Huntsman: Winter's War,Action Adventure Drama,"As two evil sisters prepare to conquer the land, two renegades—Eric the Huntsman, who aided Snow White in defeating Ravenna in Snowwhite and the Huntsman, and his forbidden lover, Sara—set out to stop them.",witch magic fairy tale snow white huntsman,Cedric Nicolas-Troyan,Chris Hemsworth Charlize Theron Emily Blunt,2016,6.0,https://image.tmdb.org/t/p/w500/b77l5vmp6PYsc98LE6Uf1mXtmHh.jpg
Hulk,Drama Action Science Fiction,"Bruce Banner, a genetics researcher with a tragic past, suffers massive radiation exposure in his laboratory that causes him to transform into a raging green monster when he gets angry.",california san francisco monster general gun dna mutation psychology berkeley transformation frog president marvel comic superhero golden gate bridge doctor fear scientist dog desert anger mirror phone military cell hulk superhuman strength repressed memory repression,Ang Lee,Eric Bana Jennifer Connelly Sam Elliott,2003,5.3,https://image.tmdb.org/t/p/w500/ogCQV6mnLtCJuiiHtMB83jvSRfY.jpg
Captain Fantastic,Adventure Comedy Drama Romance,A father living in the forests of the Pacific Northwest with his six young kids tries to assimilate back into society.,suicide socialism food survivalist off the grid non-registered home schooled noam chomsky,Matt Ross,Viggo Mortensen George MacKay Samantha Isler,2016,7.9,https://image.tmdb.org/t/p/w500/fnaGmGCWgGOQjCpM0TqKPZJ5x85.jpg
Stand by Me,Crime Drama,"After the death of a friend, a writer recounts a boyhood journey to find the body of a missing boy.",based on novel friendship coming of age railroad track story within the story  flipping coin campfire story reference to superman normandy beach child 1950s boys,Rob Reiner,Wil Wheaton River Phoenix Corey Feldman,1986,7.8,https://image.tmdb.org/t/p/w500/kedC0y75jdzByjuZNLOWIOtduNw.jpg
The Goonies,Adventure Comedy Family,"A young teenager named Mikey Walsh finds an old treasure map in his father's attic. Hoping to save their homes from demolition, Mikey and his friends Data Wang, Chunk Cohen, and Mouth Devereaux run off on a big quest to find the secret stash of Pirate One-Eyed Willie.",gunfight urination hidden reference to liberace group vomit exercise machine water slide housing foreclosure walking the plank lost treasure lifting male in air,Richard Donner,Sean Astin Josh Brolin Jeff Cohen,1985,7.4,https://image.tmdb.org/t/p/w500/bZUbpjwnarSHJK40W9sGpyedWhx.jpg
Hook,Adventure Fantasy Comedy Family,"The boy who wasn't supposed to grow up—Peter Pan—did just that, becoming a soulless corporate lawyer whose workaholism could cost him his wife and kids. But a trip to see Granny Wendy in London, where the vengeful Capt. Hook kidnaps Peter's kids and forces Peter to return to Neverland, could lead to a chance at redemption, in this family-oriented fantasy from director Steven Spielberg.",flying swordplay sword fantasy peter pan daughter fairy-tale figure rescue,Steven Spielberg,Robin Williams Dustin Hoffman Julia Roberts,1991,6.7,https://image.tmdb.org/t/p/w500/6plGuz8L3fvkuENB0G2ZpBz6kej.jpg
Need for Speed,Action Crime Drama Thriller,"The film revolves around a local street-racer who partners with a rich and arrogant business associate, only to find himself framed by his colleague and sent to prison. After he gets out, he joins a New York-to-Los Angeles race to get revenge. But when the ex-partner learns of the scheme, he puts a massive bounty on the racer's head, forcing him to run a cross-country gauntlet of illegal racers in all manner of supercharged vehicles.",street race super cars super speed car based on video game duringcreditsstinger 3d,Scott Waugh,Aaron Paul Dominic Cooper Imogen Poots,2014,6.1,https://image.tmdb.org/t/p/w500/lN0mP3BNaKirkKl6FJ0yL0wmjSJ.jpg
Interview with the Vampire,Horror Romance,"A vampire relates his epic life story of love, betrayal, loneliness, and dark hunger to an over-curious reporter.",paris san francisco vampire plantation pity bite fang vamp,Neil Jordan,Brad Pitt Tom Cruise Kirsten Dunst,1994,7.2,https://image.tmdb.org/t/p/w500/hldXwwViSfHJS0kIJr07KBGmHJI.jpg
The Game,Drama Thriller Mystery,"In honor of his birthday, San Francisco banker Nicholas Van Orton, a financial genius and a coldhearted loner, receives an unusual present from his younger brother, Conrad -- a gift certificate to play a unique kind of game. In nearly a nanosecond, Nicholas finds himself consumed by a dangerous set of ever-changing rules, unable to distinguish where the charade ends and reality begins.",brother brother relationship birthday danger of life birthday party surprising,David Fincher,Michael Douglas Sean Penn Deborah Kara Unger,1997,7.5,https://image.tmdb.org/t/p/w500/4b7QXyDJsDFXrwVHUNlrmezCZJC.jpg
Blade II,Fantasy Horror Action Thriller,"A rare mutation has occurred within the vampire community - The Reaper. A vampire so consumed with an insatiable bloodlust that they prey on vampires as well as humans, transforming victims who are unlucky enough to survive into Reapers themselves. Blade is asked by the Vampire Nation for his help in preventing a nightmare plague that would wipe out both humans and vampires.",katana mutation vampire silver superhero tragic villain broken neck lasersight violence exploding body blade subjective camera torso cut in half reaper broken wrist razor blade shot through a door sword duel burnt face,Guillermo del Toro,Wesley Snipes Kris Kristofferson Ron Perlman,2002,6.3,https://image.tmdb.org/t/p/w500/jlURNpXCMK830CsGRd939PJLh8c.jpg
Hellboy II: The Golden Army,Adventure Fantasy Science Fiction,"In this continuation to the adventure of the demon superhero, an evil elf breaks an ancient pact between humans and creatures, as he declares war against humanity. He is on a mission to release The Golden Army, a deadly group of fighting machines that can destroy the human race. As Hell on Earth is ready to erupt, Hellboy and his crew set out to defeat the evil prince.",auction northern ireland resignation superhero rebellion violence spear cut arm split screen superhero team arm ripped off super villain remorse self exile vanishing figure father son conflict,Guillermo del Toro,Ron Perlman Selma Blair Jeffrey Tambor,2008,6.5,https://image.tmdb.org/t/p/w500/fFcZqnWDeQsImDAAIyAimc3SGEl.jpg
The Chronicles of Narnia: The Voyage of the Dawn Treader,Adventure Family Fantasy,"This time around Edmund and Lucy Pevensie, along with their pesky cousin Eustace Scrubb find themselves swallowed into a painting and on to a fantastic Narnian ship headed for the very edges of the world.",based on novel magic good vs evil king narnia fantasy world knife held to throat snowing quest,Michael Apted,Skandar Keynes Georgie Henley Simon Pegg,2010,6.2,https://image.tmdb.org/t/p/w500/pRzEyrMSyvpHf92EhsVSg9Yr81t.jpg
Manchester by the Sea,Drama,"After his older brother passes away, Lee Chandler is forced to return home to care for his 16-year-old nephew. There he is compelled to deal with a tragic past that separated him from his family and the community where he was born and raised.",sadness boston massachusetts funeral loss grief dysfunctional family hospital death nephew mental health family tragedy legal guardian dysfunctional life,Kenneth Lonergan,Casey Affleck Michelle Williams Kyle Chandler,2016,7.5,https://image.tmdb.org/t/p/w500/e8daDzP0vFOnGyKmve95Yv0D0io.jpg
Collateral Beauty,Drama Romance,"Retreating from life after a tragedy, a man questions the universe by writing to Love, Time and Death. Receiving unexpected answers, he begins to see how these things interlock and how even loss can reveal moments of meaning and beauty.",despair loss grief death ensemble cast grieving father anguish,David Frankel,Will Smith Edward Norton Kate Winslet,2016,6.9,https://image.tmdb.org/t/p/w500/9tFRalU3JmZHddgYVL0BypWRpbb.jpg
Daredevil,Fantasy Action Crime Science Fiction Thriller,"He dwells in a world of eternal night, but the blackness is filled with sounds and scents, tastes and textures that most cannot perceive. Although attorney Matt Murdock is blind, his other four senses function with superhuman sharpness. By day, Murdock represents the downtrodden. At night he is Daredevil, a masked vigilante stalking the dark streets of the city, a relentless avenger of justice.",blindness and impaired vision narration marvel comic superhero daredevil hazardous waste mob hit duringcreditsstinger,Mark Steven Johnson,Ben Affleck Jennifer Garner Colin Farrell,2003,5.0,https://image.tmdb.org/t/p/w500/dNVEqwgIdrwWQL3zXI5mQG60oM5.jpg
Lone Survivor,Action Drama Thriller War,"Based on the failed June 28, 2005 mission ""Operation Red Wing."" Four members of SEAL Team 10, were tasked with the mission to capture or kill notorious Taliban leader, Ahmad Shah. Only one member of the team survived.",war survival navy seal military dangerous mission,Peter Berg,Mark Wahlberg Taylor Kitsch Emile Hirsch,2013,7.4,https://image.tmdb.org/t/p/w500/c7Sqof18FgkoNcA0r5BFUcPLER1.jpg
Underworld: Evolution,Fantasy Action Science Fiction Thriller,"As the war between the vampires and the Lycans rages on, Selene, a former member of the Death Dealers (an elite vampire special forces unit that hunts werewolves), and Michael, the werewolf hybrid, work together in an effort to unlock the secrets of their respective bloodlines.",budapest key vampire light werewolf evolution fang vamp,Len Wiseman,Kate Beckinsale Scott Speedman Tony Curran,2006,6.4,https://image.tmdb.org/t/p/w500/fogihlu39MuYgL6pKObI4SQWPOY.jpg
RED 2,Action Comedy Crime Thriller,Retired C.I.A. agent Frank Moses reunites his unlikely team of elite operatives for a global quest to track down a missing portable nuclear device.,paris london england cia russia mi6 hired killer exploding airplane,Dean Parisot,Bruce Willis Catherine Zeta-Jones Anthony Hopkins,2013,6.4,https://image.tmdb.org/t/p/w500/dvWITvEzlq8IaUbxUuBVKvXqfo6.jpg
The Monuments Men,War Drama History Action,"Based on the true story of the greatest treasure hunt in history, The Monuments Men is an action drama focusing on seven over-the-hill, out-of-shape museum directors, artists, architects, curators, and art historians who went to the front lines of WWII to rescue the world’s artistic masterpieces from Nazi thieves and return them to their rightful owners.  With the art hidden behind enemy lines, how could these guys hope to succeed?",world war ii nazis art theft post world war ii,George Clooney,Matt Damon Cate Blanchett George Clooney,2014,5.8,https://image.tmdb.org/t/p/w500/buKyrMjMaK78uFdZAbp5Wg3Eveq.jpg
The Emperor's New Groove,Adventure Animation Comedy Family Fantasy,"Kuzco is a self-centered emperor who summons Pacha from a village and to tell him that his home will be destroyed to make room for Kuzco's new summer home. Kuzco's advisor, Yzma, tries to poison Kuzco and accidentally turns him into a llama, who accidentally ends up in Pacha's village. Pacha offers to help Kuzco if he doesn't destroy his house, and so they form an unlikely partnership.",central and south america birthday emperor palace kingdom berater llama,Mark Dindal,David Spade John Goodman Eartha Kitt,2000,7.2,https://image.tmdb.org/t/p/w500/klhsrqyhvFaoM6Rwjo9dFPYJQSK.jpg
Mars Attacks!,Comedy Fantasy Science Fiction,"'We come in peace' is not what those green men from Mars mean when they invade our planet, armed with irresistible weapons and a cruel sense of humor.  This star studded cast must play victim to the alien’s fun and games in this comedy homage to science fiction films of the '50s and '60s.",saving the world total destruction white house mars usa president cataclysm lasergun ambassador congress pest flying saucer,Tim Burton,Jack Nicholson Glenn Close Annette Bening,1996,6.1,https://image.tmdb.org/t/p/w500/gaTuHICwavPUmqQzPZFEXKSRwsC.jpg
Home,Fantasy Comedy Animation Science Fiction Family,"When Earth is taken over by the overly-confident Boov, an alien race in search of a new place to call home, all humans are promptly relocated, while all Boov get busy reorganizing the planet. But when one resourceful girl, Tip, manages to avoid capture, she finds herself the accidental accomplice of a banished Boov named Oh. The two fugitives realize there’s a lot more at stake than intergalactic relations as they embark on the road trip of a lifetime.",friendship spaceship space alien alien invasion alien friendship awful leader taking resposibility,Tim Johnson,Jim Parsons Rihanna Steve Martin,2015,6.8,https://image.tmdb.org/t/p/w500/nIvfqZkq4nQmmIwOowRgBLhWoDd.jpg
Rear Window,Drama Mystery Thriller,"Professional photographer L.B. ""Jeff"" Jeffries breaks his leg while getting an action shot at an auto race. Confined to his New York apartment, he spends his time looking out of the rear window observing the neighbors. He begins to suspect that a man across the courtyard may have murdered his wife. Jeff enlists the help of his high society fashion-consultant girlfriend Lisa Freemont and his visiting nurse Stella to investigate.",nurse photographer suspicion of murder girlfriend neighbor salesman apartment convalescence voyeurism homebound,Alfred Hitchcock,James Stewart Grace Kelly Wendell Corey,1954,8.2,https://image.tmdb.org/t/p/w500/oXbT7vlLmZ76kWoHe5XJYuyJUgp.jpg
Brokeback Mountain,Drama Romance,Brokeback Mountain is an Ang Lee film about two modern day cowboys who meet on a shepherding job in the summer of ’63. The two share a raw and powerful summer together that turns into a life long relationship conflicting with the lives they are supposed to live.,gay countryside homophobia loss of lover wyoming rodeo father murder horseback riding intolerance daughter marriage crisis secret love cowboy star crossed lovers,Ang Lee,Heath Ledger Jake Gyllenhaal Randy Quaid,2005,7.5,https://image.tmdb.org/t/p/w500/z2DqVxj17aW6xpimRlCLfhKSfUm.jpg
Batman Forever,Action Crime Fantasy,"The Dark Knight of Gotham City confronts a dastardly duo: Two-Face and the Riddler. Formerly District Attorney Harvey Dent, Two-Face believes Batman caused the courtroom accident which left him disfigured on one side. And Edward Nygma, computer-genius and former employee of millionaire Bruce Wayne, is out to get the philanthropist; as The Riddler. Former circus acrobat Dick Grayson, his family killed by Two-Face, becomes Wayne's ward and Batman's new partner Robin.",riddle dc comics rose gotham city partner superhero robin broken neck psychologist violence criminal district attorney millionaire falling down stairs tied up tommy gun beretta knocked out super powers disfigurement father figure,Joel Schumacher,Val Kilmer Tommy Lee Jones Jim Carrey,1995,5.2,https://image.tmdb.org/t/p/w500/eTMrHEhlFPHNxpqGwpGGTdAa0xV.jpg
The Book Thief,Drama,"While subjected to the horrors of WWII Germany, young Liesel finds solace by stealing books and sharing them with others. Under the stairs in her home, a Jewish refuge is being sheltered by her adoptive parents.",world war ii book nazi germany jewish,Brian Percival,Geoffrey Rush Sophie Nélisse Emily Watson,2013,7.4,https://image.tmdb.org/t/p/w500/rUJbwJkJNjwEcFYzEktOrgm5YUd.jpg
Hotel Transylvania 2,Animation Comedy Family,"When the old-old-old-fashioned vampire Vlad arrives at the hotel for an impromptu family get-together, Hotel Transylvania is in for a collision of supernatural old-school and modern day cool.",transylvania hotel witch technology magic mummy dracula skeleton only child backpacker marriage frankenstein wolfman zombie moving out invisible man new life,Genndy Tartakovsky,Adam Sandler Andy Samberg Selena Gomez,2015,6.7,https://image.tmdb.org/t/p/w500/cFQHMUmxaO3PEDo5lxuQC8MCRIH.jpg
Knowing,Action Adventure Drama Mystery Science Fiction Thriller,A teacher opens a time capsule that has been dug up at his son's elementary school; in it are some chilling predictions -- some that have already occurred and others that are about to -- that lead him to believe his family plays a role in the events that are about to unfold.,cataclysm code suspense end of the world time capsule astrophysicist grieving widower lexington massachusetts westford massachusetts prediction researcher numbers news,Alex Proyas,Nicolas Cage Rose Byrne Chandler Canterbury,2009,5.9,https://image.tmdb.org/t/p/w500/5XnNteYoOQ727JoZqyVcENT28Dv.jpg
American Gangster,Drama Crime,"Following the death of his employer and mentor, Bumpy Johnson, Frank Lucas establishes himself as the number one importer of heroin in the Harlem district of Manhattan. He does so by buying heroin directly from the source in South East Asia and he comes up with a unique way of importing the drugs into the United States. Based on a true story.",underdog black people drug traffic drug smuggle society ambition rise and fall cop drug dealing police corruption gangster crime police detective family law enforcement aftercreditsstinger dishonesty criminal heroes,Ridley Scott,Denzel Washington Russell Crowe Chiwetel Ejiofor,2007,7.4,https://image.tmdb.org/t/p/w500/uDSP5H5akJ85xMGSHRtaqHGBRLD.jpg
The Aviator,Drama,"A biopic depicting the life of filmmaker and aviation pioneer Howard Hughes from 1927 to 1947, during which time he became a successful film producer and an aviation magnate, while simultaneously growing more unstable due to severe obsessive-compulsive disorder.",ladykiller pilot biography womanizer aviation phobia u.s. congress flying boat test flight,Martin Scorsese,Leonardo DiCaprio Cate Blanchett Kate Beckinsale,2004,7.0,https://image.tmdb.org/t/p/w500/3MKBQgIHI5DPVNvryiTesskS5mf.jpg
The Sorcerer's Apprentice,Fantasy Adventure Action Comedy Drama,"Balthazar Blake is a master sorcerer in modern-day Manhattan trying to defend the city from his arch-nemesis, Maxim Horvath. Balthazar can't do it alone, so he recruits Dave Stutler, a seemingly average guy who demonstrates hidden potential, as his reluctant protégé. The sorcerer gives his unwilling accomplice a crash course in the art and science of magic, and together, these unlikely partners work to stop the forces of darkness.",witch fire wolf fountain magic book castle water apprentice training merlin love mission sorcerer dragon aftercreditsstinger apprendista morgana,Jon Turteltaub,Nicolas Cage Jay Baruchel Monica Bellucci,2010,5.9,https://image.tmdb.org/t/p/w500/ZNSrRpdJ6FjMy4Iu6JpRTJ5Q87.jpg
The Polar Express,Adventure Animation Family Fantasy,"When a doubting young boy takes an extraordinary train ride to the North Pole, he embarks on a journey of self-discovery that shows him that the wonder of life never fades for those who believe.",santa claus nerd faith gift bell beard north pole chute trestle ticket christmas,Robert Zemeckis,Tom Hanks Michael Jeter Nona Gaye,2004,6.4,https://image.tmdb.org/t/p/w500/2NETsNUxcfBdKtq3W5YbT9O03Ak.jpg
First Blood,Action Adventure Thriller War,"When former Green Beret John Rambo is harassed by local law enforcement and arrested for vagrancy, the Vietnam vet snaps, runs for the hills and rat-a-tat-tats his way into the action-movie hall of fame. Hounded by a relentless sheriff, Rambo employs heavy-handed guerilla tactics to shake the cops off his tail.",prison vietnam veteran falsely accused police brutality sheriff guerrilla submachine gun gun destroy self-defense vietnam vietnam war prosecution dying and death police operation attempt to escape matter of life and death survivor tramp national guard weapon firearm police escape rural setting,Ted Kotcheff,Sylvester Stallone Richard Crenna Brian Dennehy,1982,7.2,https://image.tmdb.org/t/p/w500/bbYNNEGLXrV3lJpHDg7CKaPscCb.jpg
Anchorman: The Legend of Ron Burgundy,Comedy,"It's the 1970s, and San Diego super-sexist anchorman Ron Burgundy is the top dog in local TV, but that's all about to change when ambitious reporter Veronica Corningstone arrives as a new employee at his station.",journalism sexism ladder panda tv show in film mustache misogynist newsroom teleprompter gang warfare aftercreditsstinger duringcreditsstinger news spoof,Adam McKay,Will Ferrell Christina Applegate Paul Rudd,2004,6.7,https://image.tmdb.org/t/p/w500/hafNeozn8Q4K6enP2ux5MTMCHjH.jpg
Law Abiding Citizen,Drama Crime Thriller,A frustrated man decides to take justice into his own hands after a plea bargain sets one of his family's killers free. He targets not only the killer but also the district attorney and others involved in the deal.,tattoo secret passage baseball bat deal explosion justice district attorney courtroom vigilantism,F. Gary Gray,Jamie Foxx Gerard Butler Colm Meaney,2009,7.2,https://image.tmdb.org/t/p/w500/p7zwLp8gCKyrNLCHP3RhmN5izHo.jpg
Lemony Snicket's A Series of Unfortunate Events,Adventure Comedy Family,"Three wealthy children's parents are killed in a fire. When they are sent to a distant relative, they find out that he is plotting to kill them and seize their fortune.  This movie is extremely alarming, an expression which here means ""a thrilling misadventure involving three ingenious orphans and a villainous actor named Count Olaf (Jim Carrey) who wants their enormous fortune.""  It includes a suspicious fire, delicious pasta, Jim Carrey, poorly behaved looches, Billy Connolly, an incredibly deadly viper, Meryl Streep, and the voice of an imposter named Jude Law.",library baby orphan orphan siblings,Brad Silberling,Jim Carrey Meryl Streep Jude Law,2004,6.7,https://image.tmdb.org/t/p/w500/dHQMAj9E2G2ewjN1aCOPubsZaj1.jpg
Scream,Crime Horror Mystery,"A killer known as Ghostface begins killing off teenagers, and as the body count begins rising, one girl and her friends find themselves contemplating the 'rules' of horror films as they find themselves living in a real-life one.",halloween gore serial killer slasher tabloid news reporter self-referential meta film,Wes Craven,David Arquette Neve Campbell Courteney Cox,1996,7.0,https://image.tmdb.org/t/p/w500/ewi7gYW22t8T3piRvrXO73GlzuL.jpg
Déjà Vu,Action Thriller Science Fiction,"Called in to recover evidence in the aftermath of a horrific explosion on a New Orleans ferry, Federal agent Doug Carlin gets pulled away from the scene and taken to a top-secret government lab that uses a time-shifting surveillance device to help prevent crime.",deja vu new orleans time travel investigator fbi agent,Tony Scott,Denzel Washington Paula Patton Val Kilmer,2006,6.6,https://image.tmdb.org/t/p/w500/abqvTL8xYQLgAtQGmyN7UxvCRGN.jpg
The Princess Bride,Adventure Family Fantasy Comedy Romance,"In this enchantingly cracked fairy tale, the beautiful Princess Buttercup and the dashing Westley must overcome staggering odds to find happiness amid six-fingered swordsmen, murderous princes, Sicilians and rodents of unusual size. But even death can't stop these true lovebirds from triumphing.",swashbuckler evil prince reference to socrates reference to plato screwball impersonation,Rob Reiner,Cary Elwes Robin Wright Mandy Patinkin,1987,7.6,https://image.tmdb.org/t/p/w500/gpxjoE0yvRwIhFEJgNArtKtaN7S.jpg
Mulholland Drive,Thriller Drama Mystery,"After a car wreck on the winding Mulholland Drive renders a woman amnesic, she and a perky Hollywood-hopeful search for clues and answers across Los Angeles in a twisting venture beyond dreams and reality.",schizophrenia identity amnesia loss of sense of reality suppressed past trauma key bisexuality hallucination surreal job interview casting suspense independent film lesbian los angeles,David Lynch,Naomi Watts Laura Harring Ann Miller,2001,7.7,https://image.tmdb.org/t/p/w500/oKyY4TFaLjQTgyX8oRde82GinOw.jpg
The Town,Crime Drama Thriller,"Doug MacRay is a longtime thief, who, smarter than the rest of his crew, is looking for his chance to exit the game. When a bank job leads to the group kidnapping an attractive branch manager, he takes on the role of monitoring her – but their burgeoning relationship threatens to unveil the identities of Doug and his crew to the FBI Agent who is on their case.",based on novel money laundering ambulance boston massachusetts bank manager drug dealer florist flower shop hold-up robbery volunteer stolen money friends car set on fire boston garden police chase best friend fenway park,Ben Affleck,Ben Affleck Rebecca Hall Jeremy Renner,2010,7.0,https://image.tmdb.org/t/p/w500/zX4fKmDXKGt4hlzhAJirdlRKFgO.jpg
The Fighter,Drama,"The Fighter, is a drama about boxer ""Irish"" Micky Ward's unlikely road to the world light welterweight title. His Rocky-like rise was shepherded by half-brother Dicky, a boxer-turned-trainer who rebounded in life after nearly being KO'd by drugs and crime.",sport irish american documentary crew lowell massachusetts blue collar worker church bells documentary filmmaking boxer shorts jumping rope shadow boxing duringcreditsstinger,David O. Russell,Mark Wahlberg Christian Bale Amy Adams,2010,7.2,https://image.tmdb.org/t/p/w500/ytGIpdxYyvXwch5QILfquSTMA9f.jpg
Enchanted,Comedy Family Fantasy Romance,"The beautiful princess Giselle is banished by an evil queen from her magical, musical animated land and finds herself in the gritty reality of the streets of modern-day Manhattan. Shocked by this strange new environment that doesn't operate on a ""happily ever after"" basis, Giselle is now adrift in a chaotic world badly in need of enchantment. But when Giselle begins to fall in love with a charmingly flawed divorce lawyer who has come to her aid - even though she is already promised to a perfect fairy tale prince back home - she has to wonder: Can a storybook view of romance survive in the real world?",poison queen fairy tale musical princess portal animation fantasy world evil witch part animation,Kevin Lima,Amy Adams Patrick Dempsey James Marsden,2007,6.6,https://image.tmdb.org/t/p/w500/8KCNzCArLlvLdQoHx6npua2VSVc.jpg
Gone in Sixty Seconds,Action Crime Thriller,"Upon learning that he has to come out of retirement to steal 50 cars in one night to save his brother Kip's life, former car thief Randall ""Memphis"" Raines enlists help from a few ""boost happy"" pals to accomplish a seemingly impossible feat. From countless car chases to relentless cops, the high-octane excitement builds as Randall swerves around more than a few roadblocks to keep Kip alive.",brother brother relationship detective car race car thief blackmail brother remake heist betrayal organized crime shootout police chase explosion violence lock pick car chase stakeout illegal drugs car movie stolen cars ford mustang blacklight,Dominic Sena,Nicolas Cage Angelina Jolie Giovanni Ribisi,2000,6.1,https://image.tmdb.org/t/p/w500/nb2TRrlSdgi8wZAxTHdhsN0yMJw.jpg
Pocahontas,Adventure Animation Drama Family,"History comes gloriously to life in Disney's epic animated tale about love and adventure in the New World. Pocahontas is a Native American woman whose father has arranged for her to marry her village's best warrior. But a vision tells her change is coming, and soon she comes face to face with it in the form of Capt. John Smith.",culture clash settler forbidden love colony musical gold rush princess romance native american animation virginia star crossed lovers reference to pizarro jamestown virginia pug dog cross cultural relationship musket animate tree indian chief based on myths or folklore 17th century shamanism songs indians vs. settlers animal sidekick powhatan land claim,Mike Gabriel,Irene Bedard Mel Gibson David Ogden Stiers,1995,6.7,https://image.tmdb.org/t/p/w500/qk95miOV8wDABbO5gyCpCrvbVFu.jpg
King Arthur: Legend of the Sword,Action Drama Fantasy,"When the child Arthur’s father is murdered, Vortigern, Arthur’s uncle, seizes the crown. Robbed of his birthright and with no idea who he truly is, Arthur comes up the hard way in the back alleys of the city. But once he pulls the sword Excalibur from the stone, his life is turned upside down and he is forced to acknowledge his true legacy... whether he likes it or not.",sword king arthur period drama 3d,Guy Ritchie,Charlie Hunnam Astrid Bergès-Frisbey Jude Law,2017,6.5,https://image.tmdb.org/t/p/w500/qyXPqzlCWf3T9VEpBtquUQZwsgi.jpg
Carrie,Drama Horror,"A reimagining of the classic horror tale about Carrie White, a shy girl outcast by her peers and sheltered by her deeply religious mother, who unleashes telekinetic terror on her small town after being pushed too far at her senior prom.",terror based on novel power telekinesis high school remake revenge murder prank prom teenager explosion violence religious humiliation woman director,Kimberly Peirce,Chloë Grace Moretz Julianne Moore Judy Greer,2013,5.8,https://image.tmdb.org/t/p/w500/j0999NYddCGcishJlxluDRQIn6k.jpg
xXx: Return of Xander Cage,Action Adventure Crime,"Extreme athlete turned government operative Xander Cage comes out of self-imposed exile, thought to be long dead, and is set on a collision course with deadly alpha warrior Xiang and his team in a race to recover a sinister and seemingly unstoppable weapon known as Pandora's Box. Recruiting an all-new group of thrill-seeking cohorts, Xander finds himself enmeshed in a deadly conspiracy that points to collusion at the highest levels of world governments.",tattoo spy airplane secret agent parachute swimming pool sequel extreme sports back from the dead free fall,D.J. Caruso,Vin Diesel Ice Cube Samuel L. Jackson,2017,5.5,https://image.tmdb.org/t/p/w500/yNsdyNbQqaKN0TQxkHMws2KLTJ6.jpg
Shooter,Action Drama Mystery Thriller Crime,"A marksman living in exile is coaxed back into action after learning of a plot to kill the president. Ultimately double-crossed and framed for the attempt, he goes on the run to track the real killer and find out who exactly set him up, and why.",corruption sniper senator conspiracy of murder childlessness rifle sniper rifle fbi agent,Antoine Fuqua,Mark Wahlberg Michael Peña Danny Glover,2007,6.9,https://image.tmdb.org/t/p/w500/wCZv0lNx58sfuLT698RYYJVEeTr.jpg
Crimson Peak,Mystery Thriller Fantasy Horror Drama,"In the aftermath of a family tragedy, an aspiring author is torn between love for her childhood friend and the temptation of a mysterious outsider. Trying to escape the ghosts of her past, she is swept away to a house that breathes, bleeds… and remembers.",haunted house mining murder spitting blood gothic ghost,Guillermo del Toro,Mia Wasikowska Jessica Chastain Tom Hiddleston,2015,6.4,https://image.tmdb.org/t/p/w500/pCj8zem1NDAODdtvha9WFEB6iWR.jpg
A Million Ways to Die in the West,Comedy Western,"As a cowardly farmer begins to fall for the mysterious new woman in town, he must put his new-found courage to the test when her husband, a notorious gun-slinger, announces his arrival.",gunslinger farmer wild west laxative,Seth MacFarlane,Seth MacFarlane Charlize Theron Liam Neeson,2014,5.8,https://image.tmdb.org/t/p/w500/12fqfvUmBOPg2pA0RsEhc31P28O.jpg
The Boy in the Striped Pyjamas,War Drama,"When his family moves from their home in Berlin to a strange new house in Poland, young Bruno befriends Shmuel, a boy who lives on the other side of the fence where everyone seems to be wearing striped pajamas. Unaware of Shmuel's fate as a Jewish prisoner or the role his own Nazi father plays in his imprisonment, Bruno embarks on a dangerous journey inside the camp's walls.",nationalism concentration camp world war ii gas chamber nazis concentration camp prisoner,Mark Herman,Asa Butterfield Jack Scanlon Vera Farmiga,2008,7.7,https://image.tmdb.org/t/p/w500/f40R9to84FGF7T5bp3KGB84Lklb.jpg
Neighbors 2: Sorority Rising,Comedy,A sorority moves in next door to the home of Mac and Kelly Radner who have a young child. The Radner's enlist their former nemeses from the fraternity to help battle the raucous sisters.,alcohol college party sequel sorority neighbor family fraternity bathroom humor,Nicholas Stoller,Seth Rogen Rose Byrne Zac Efron,2016,5.6,https://image.tmdb.org/t/p/w500/bWUeJHbKIyT306WtJFRHoSzX9nk.jpg
Anastasia,Animation Family,"This animated adventure retells the story of the lost daughter of Russia's last czar. The evil Rasputin places a curse on the Romanov family, and Anastasia and her grandmother, Empress Maria, get separated. After growing up in an orphanage, Anastasia encounters two Russian men seeking a reward offered by Empress Maria for the return of her granddaughter. The trio travels to Paris, where they find that the empress has grown skeptical of imposters.",tzar musical russian revolution train explosion foreign language adaptation exploding train,Gary Goldman,Meg Ryan John Cusack Christopher Lloyd,1997,7.4,https://image.tmdb.org/t/p/w500/dKJ6OOYlHGPARKidvP1kYJjXW29.jpg
Deepwater Horizon,Drama Action,"A story set on the offshore drilling rig Deepwater Horizon, which exploded during April 2010 and created the worst oil spill in U.S. history.",post traumatic stress  disorder sea based on true story rescue disaster explosion oil spill trapped oil rig  gulf of mexico disaster movie bp,Peter Berg,Mark Wahlberg Kurt Russell John Malkovich,2016,6.5,https://image.tmdb.org/t/p/w500/7D6hM7IR0TbQmNvSZVtEiPM3H5h.jpg
Collateral,Drama Crime Thriller,Cab driver Max picks up a man who offers him $600 to drive him around. But the promise of easy money sours when Max realizes his fare is an assassin.,california taxi assassin hostage taxi driver fbi hitman police los angeles murderer crime criminal gun violence,Michael Mann,Tom Cruise Jamie Foxx Jada Pinkett Smith,2004,7.0,https://image.tmdb.org/t/p/w500/fmkv2eRuYCTq7A5jzMBNgoNe1vA.jpg
The Grey,Action Drama Thriller,An oil drilling team struggles to survive after a plane crash strands them in the wilds of Alaska. Hunting them is a pack of wolves that sees them as intruders.,alcohol isolation wolf wilderness forest stranded alaska survival airplane crash fear howling death animal killing freezing animal attack campfire male camaraderie gun in mouth aftercreditsstinger bar fight eaten alive eaten by animal,Joe Carnahan,Liam Neeson Dermot Mulroney Frank Grillo,2012,6.4,https://image.tmdb.org/t/p/w500/bwN4x9RTLtDUDvaOWg4yvOBU38I.jpg
Beetlejuice,Fantasy Comedy,"Thanks to an untimely demise via drowning, a young couple end up as poltergeists in their New England farmhouse, where they fail to meet the challenge of scaring away the insufferable new owners, who want to make drastic changes. In desperation, the undead newlyweds turn to an expert frightmeister, but he's got a diabolical agenda of his own.",minister giant snake skeleton calypso arts afterlife child bride possession surrealism teenage girl ghost,Tim Burton,Geena Davis Alec Baldwin Winona Ryder,1988,7.1,https://image.tmdb.org/t/p/w500/gWnW7vxm8yr01TVLQhL4aI02orp.jpg
The Rock,Action Adventure Thriller,"A group of renegade marine commandos seizes a stockpile of chemical weapons and takes over Alcatraz, with 81 tourists as hostages. Their leader demands $100 million to be paid, as restitution to families of Marines who died in covert ops – or he will launch 15 rockets carrying deadly VX gas into the San Francisco Bay area.",san francisco fbi gas attack alcatraz hostage situation fbi agent,Michael Bay,Sean Connery Nicolas Cage Ed Harris,1996,6.9,https://image.tmdb.org/t/p/w500/pAVaLJQBRM4JlZEGXvezwbxOd15.jpg
Mystic River,Thriller Crime Drama Mystery,"A story about friendship and loyalty, guilt and vengeance, and the fateful affect the past has on the present.",child abuse sexual abuse loss of child repayment suppressed past arbitrary law boston workers' quarter reference to sprite child,Clint Eastwood,Sean Penn Tim Robbins Kevin Bacon,2003,7.6,https://image.tmdb.org/t/p/w500/qeHasONCKH5sR9HcTWquXI5ZN5y.jpg
The Lego Batman Movie,Action Animation Comedy Family Fantasy,"In the irreverent spirit of fun that made “The Lego Movie” a worldwide phenomenon, the self-described leading man of that ensemble—Lego Batman—stars in his own big-screen adventure. But there are big changes brewing in Gotham, and if he wants to save the city from The Joker’s hostile takeover, Batman may have to drop the lone vigilante thing, try to work with others and maybe, just maybe, learn to lighten up.",superhero based on comic based on toy spin off super powers dead parents lego batman,Chris McKay,Will Arnett Zach Galifianakis Michael Cera,2017,7.2,https://image.tmdb.org/t/p/w500/snGwr2gag4Fcgx2OGmH9otl6ofW.jpg
Dr. Strangelove or: How I Learned to Stop Worrying and Love the Bomb,Drama Comedy War,"Insane General Jack D. Ripper initiates a nuclear strike on the Soviet Union. As soon as the actions of General ""Buck"" Turgidson are discovered, a war room full of politicians, generals and a Russian diplomat all frantically try to stop the nuclear strike. Near the end is a scene that is probably the most uniquely unforgettable performance of Slim Pickens in his movie career. Peter Sellers plays multiple roles in this film.",usa president general cold war strategic air command nuclear missile war room bomber pilot nuclear weapons ex nazi doomsday device absurdism,Stanley Kubrick,Peter Sellers George C. Scott Sterling Hayden,1964,8.0,https://image.tmdb.org/t/p/w500/tviJ68Wj4glQk3CPMvdvExYHxX.jpg
The Witch,Mystery Horror,"New England in the 1630s: William and Katherine lead a devout Christian life with five children, homesteading on the edge of an impassable wilderness. When their newborn son vanishes and crops fail, the family turns on one another. Beyond their worst fears, a supernatural evil lurks in the nearby wood.",witch new england 17th century,Robert Eggers,Anya Taylor-Joy Ralph Ineson Kate Dickie,2016,6.3,https://image.tmdb.org/t/p/w500/jfGsfzq5JrMAKbAOV2TmhsOs3tf.jpg
The Iron Giant,Adventure Animation Family Fantasy Science Fiction,"In the small town of Rockwell, Maine in October 1957, a giant metal machine befriends a nine-year-old boy and ultimately finds its humanity by unselfishly saving people from their own fears and prejudices.",cold war friendship giant robot sitting on a toilet fear of unknown 1950s laxative,Brad Bird,Eli Marienthal Jennifer Aniston Vin Diesel,1999,7.6,https://image.tmdb.org/t/p/w500/rdN6IjV4xlDDhrT8ewkkJfPvp2e.jpg
Scary Movie,Comedy,"Following on the heels of popular teen-scream horror movies, with uproarious comedy and biting satire. Marlon and Shawn Wayans, Shannon Elizabeth and Carmen Electra pitch in to skewer some of Hollywood's biggest blockbusters, including Scream, I Know What You Did Last Summer, The Matrix, American Pie and The Blair Witch Project.",sex garage psychopath crude humor drug,Keenen Ivory Wayans,Carmen Electra Dave Sheridan Anna Faris,2000,6.0,https://image.tmdb.org/t/p/w500/bvVmVFBVQLytK1H4TJTFdnhvf4T.jpg
The Other Woman,Comedy Romance,"After discovering her boyfriend is married, Carly soon meets the wife he's been cheating on. And when yet another affair is discovered, all three women team up to plot mutual revenge on the three-timing SOB.",infidelity revenge unfaithful boyfriend woman sitting on a toilet public toilet marital infidelity laxative unfaithful husband,Nick Cassavetes,Cameron Diaz Leslie Mann Kate Upton,2014,6.2,https://image.tmdb.org/t/p/w500/fu7K3rPwJcScizlXbxWAR7ZoUxt.jpg
Parker,Action Crime,"A thief with a unique code of professional ethics is double-crossed by his crew and left for dead. Assuming a new disguise and forming an unlikely alliance with a woman on the inside, he looks to hijack the score of the crew's latest heist.",professional thief jewel robbery,Taylor Hackford,Jason Statham Jennifer Lopez Nick Nolte,2013,5.7,https://image.tmdb.org/t/p/w500/f5KkE5sOdcNF7eb15cCTIzDVlys.jpg
Who Framed Roger Rabbit,Fantasy Animation Comedy Crime Family,"'Toon star Roger is worried that his wife Jessica is playing pattycake with someone else, so the studio hires detective Eddie Valiant to snoop on her. But the stakes are quickly raised when Marvin Acme is found dead and Roger is the prime suspect.",falsely accused film business hiding place suspicion of murder mental breakdown innocence cartoon cartoon sex love sickness private detective movie star live action and animation,Robert Zemeckis,Bob Hoskins Christopher Lloyd Joanna Cassidy,1988,7.2,https://image.tmdb.org/t/p/w500/lYfRc57Kx9VgLZ48iulu0HKnM15.jpg
The Great Wall,Action Adventure Fantasy,European mercenaries searching for black powder become embroiled in the defense of the Great Wall of China against a horde of monstrous creatures.,china monster archer female soldier explosion period drama british soldier great wall of china 3d 15th century female general,Zhang Yimou,Matt Damon Jing Tian Willem Dafoe,2016,5.8,https://image.tmdb.org/t/p/w500/hm0Z5tpRlSzPO97U5e2Q32Y0Xrb.jpg
Monsters vs Aliens,Animation Family Adventure Science Fiction,"When Susan Murphy is unwittingly clobbered by a meteor full of outer space gunk on her wedding day, she mysteriously grows to 49-feet-11-inches. The military jumps into action and captures Susan, secreting her away to a covert government compound. She is renamed Ginormica and placed in confinement with a ragtag group of Monsters...",alien giant robot duringcreditsstinger,Conrad Vernon,Seth Rogen Reese Witherspoon Hugh Laurie,2009,6.0,https://image.tmdb.org/t/p/w500/8x0WrDcFQDC2eoXJe6iC34wXZE8.jpg
Casablanca,Drama Romance,"In Casablanca, Morocco in December 1941, a cynical American expatriate meets a former lover, with unforeseen complications.",love triangle corruption spy resistance casablanca emigration visa patriotism nationalism concentration camp nazis war melodrama film noir,Michael Curtiz,Humphrey Bogart Ingrid Bergman Paul Henreid,1942,7.9,https://image.tmdb.org/t/p/w500/wOBKAoUJZb5qTsWv5XXvVV2vUzz.jpg
Battle: Los Angeles,Action Science Fiction,"The Earth is attacked by unknown forces. As people everywhere watch the world's great cities fall, Los Angeles becomes the last stand for mankind in a battle no one expected. It's up to a Marine staff sergeant and his new platoon to draw a line in the sand as they take on an enemy unlike any they've ever encountered before.",saving the world hero marine corps chaos retirement survivor meteor space invasion alien battlefield survival sergeant los angeles battle danger escapade u.s. marine heroic mission evil alien chaos and mayham,Jonathan Liebesman,Aaron Eckhart Ramón Rodríguez Will Rothhaar,2011,5.5,https://image.tmdb.org/t/p/w500/eduBDZvRNGxvqsBgfzxyBgWMKlE.jpg
Wrath of the Titans,Adventure,"A decade after his heroic defeat of the monstrous Kraken, Perseus-the demigod son of Zeus-is attempting to live a quieter life as a village fisherman and the sole parent to his 10-year old son, Helius. Meanwhile, a struggle for supremacy rages between the gods and the Titans. Dangerously weakened by humanity's lack of devotion, the gods are losing control of the imprisoned Titans and their ferocious leader, Kronos, father of the long-ruling brothers Zeus, Hades and Poseidon.",underworld hades mythology greek mythology zeus perseus gods ancient greece ares based on myths or folklore 3d,Jonathan Liebesman,Sam Worthington Liam Neeson Ralph Fiennes,2012,5.5,https://image.tmdb.org/t/p/w500/Albfq3ziSCQVyh5PzMSsFmmgHmy.jpg
Happy Feet,Animation Comedy,"Into the world of the Emperor Penguins, who find their soul mates through song, a penguin is born who cannot sing. But he can tap dance something fierce!",ocean fish zoo penguin tap dancing love crush snow anthropomorphism singing antarctica family duringcreditsstinger,George Miller,Elijah Wood Robin Williams Brittany Murphy,2006,5.9,https://image.tmdb.org/t/p/w500/8RLEzftZK87S2usLsQoYtyNYzoV.jpg
Lincoln,History Drama,"A revealing drama that focuses on the 16th President's tumultuous final months in office. In a nation divided by war and the strong winds of change, Lincoln pursues a course of action designed to end the war, unite the country and abolish slavery. With the moral courage and fierce determination to succeed, his choices during this critical moment will change the fate of generations to come.",usa president speech battlefield family conflict mourning american civil war cultural conflict based on true events battle of gettysburg secession presidential cabinet gettysburg address conflagration ethical dilemma emancipation abraham lincoln,Steven Spielberg,Daniel Day-Lewis Sally Field David Strathairn,2012,6.7,https://image.tmdb.org/t/p/w500/gkkiDu9srCCbCMxGKwNwKCxK7KF.jpg
Liar Liar,Comedy,"Fletcher Reede is a fast-talking attorney and habitual liar. When his son Max blows out the candles on his fifth birthday he has just one wish - that his dad will stop lying for 24 hours. When Max's wish comes true, Fletcher discovers that his mouth has suddenly become his biggest liability.",california workaholic birthday lie pregnancy and birth wish 1990s,Tom Shadyac,Jim Carrey Maura Tierney Cary Elwes,1997,6.4,https://image.tmdb.org/t/p/w500/qd8VcWKrE4cNfInl9Osb8o8h9KP.jpg
School of Rock,Comedy Music,"Fired from his band and hard up for cash, guitarist and vocalist Dewey Finn finagles his way into a job as a fourth-grade substitute teacher at a private school, where he secretly begins teaching his students the finer points of rock 'n' roll. The school's hard-nosed principal is rightly suspicious of Finn's activities. But Finn's roommate remains in the dark about what he's doing.",rock and roll rock high school music band,Richard Linklater,Jack Black Joan Cusack Mike White,2003,6.8,https://image.tmdb.org/t/p/w500/cREN222Yw78zvSQ9bg17Y9QZS0c.jpg
xXx,Action Adventure Thriller,"Xander Cage is your standard adrenaline junkie with no fear and a lousy attitude. When the US Government ""recruits"" him to go on a mission, he's not exactly thrilled. His mission: to gather information on an organization that may just be planning the destruction of the world, led by the nihilistic Yorgi.",sports car biological weapon cold war russian prague mission athlete nsa agent adrenaline junkie thrill seeker,Rob Cohen,Vin Diesel Asia Argento Samuel L. Jackson,2002,5.8,https://image.tmdb.org/t/p/w500/fPHNTG1OXFBQ6aEVO7Lv8tSgfrY.jpg
Mama,Horror,"Guillermo del Toro presents Mama, a supernatural thriller that tells the haunting tale of two little girls who disappeared into the woods the day that their parents were killed. When they are rescued years later and begin a new life, they find that someone or something still wants to come tuck them in at night.",supernatural horror,Andy Muschietti,Jessica Chastain Nikolaj Coster-Waldau Megan Charpentier,2013,6.0,https://image.tmdb.org/t/p/w500/lPcwVnhg3T3MQBtTU31Rx4xwEQH.jpg
Bambi,Animation Drama Family,"Bambi's tale unfolds from season to season as the young prince of the forest learns about life, love, and friends.",forest coming of age best friend loss of loved one,David Hand,Donnie Dunagan Peter Behn Stan Alexander,1942,6.8,https://image.tmdb.org/t/p/w500/laABfcpEKweQsaZwCWzmGNUpij9.jpg
Underworld: Rise of the Lycans,Fantasy Action Adventure Science Fiction Thriller,"A prequel to the first two Underworld films, this fantasy explains the origins of the feud between the Vampires and the Lycans. Aided by his secret love, Sonja, courageous Lucian leads the Lycans in battle against brutal Vampire king Viktor. Determined to break the king's enslavement of his people, Lucian faces off against the Death Dealer army in a bid for Lycan independence.",prison underworld slavery castle vampire war werewolf battle slave dungeon fang vamp,Patrick Tatopoulos,Bill Nighy Michael Sheen Rhona Mitra,2009,6.2,https://image.tmdb.org/t/p/w500/hZtK6fkusSKzGc0f7yQ2syo14Ze.jpg
Lara Croft Tomb Raider: The Cradle of Life,Action Adventure Fantasy Thriller,"Lara Croft ventures to an underwater temple in search of the mythological Pandora's Box but, after securing it, it is promptly stolen by the villainous leader of a Chinese crime syndicate. Lara must recover the box before the syndicate's evil mastermind uses it to construct a weapon of catastrophic capabilities.",riddle treasure medallion kenia alexander the great pandora's box chinese mafia treasure hunt hong kong archaeologist based on video game archeology ,Jan de Bont,Angelina Jolie Gerard Butler Noah Taylor,2003,5.5,https://image.tmdb.org/t/p/w500/pkSnQzjjQ3Z9B2CJVSZCfL0Ea3s.jpg
How the Grinch Stole Christmas,Family Comedy Fantasy,"Inside a snowflake exists the magical land of Whoville. In Whoville, live the Whos, an almost mutated sort of Munchkin-like people. All the Whos love Christmas, yet just outside of their beloved Whoville lives the Grinch. The Grinch is a nasty creature that hates Christmas, and plots to steal it away from the Whos, whom he equally abhors. Yet a small child, Cindy Lou Who, decides to try befriending the Grinch.",holiday christmas party new love santa claus village kids and family,Ron Howard,Jim Carrey Taylor Momsen Jeffrey Tambor,2000,6.2,https://image.tmdb.org/t/p/w500/uOWOw8ZTkGQqx6qkNPhG9AovFJW.jpg
Transformers: The Last Knight,Action Science Fiction Thriller Adventure,"Autobots and Decepticons are at war, with humans on the sidelines. Optimus Prime is gone. The key to saving our future lies buried in the secrets of the past, in the hidden history of Transformers on Earth.",knight transformers,Michael Bay,Mark Wahlberg Josh Duhamel Laura Haddock,2017,6.2,https://image.tmdb.org/t/p/w500/s5HQf2Gb3lIO2cRcFwNL9sn1o1o.jpg
The Mist,Science Fiction Horror Thriller,"After a violent storm, a dense cloud of mist envelops a small Maine town, trapping artist David Drayton and his five-year-old son in a local grocery store with other people. They soon discover that the mist conceals deadly horrors that threaten their lives, and worse, their sanity.",father son relationship monster supermarket fight artist fog bible spider survivor faith prayer blood splatter gore giant monster blood anger thunderstorm,Frank Darabont,Thomas Jane Marcia Gay Harden Laurie Holden,2007,6.7,https://image.tmdb.org/t/p/w500/uYVheUBf8ITaocUP4Og9GXxOMIH.jpg
Unbroken,Drama War,"A chronicle of the life of Louis Zamperini, an Olympic runner who was taken prisoner by Japanese forces during World War II.",world war ii prisoners of war biography sport war athlete woman director olympic athlete,Angelina Jolie,Jack O'Connell Domhnall Gleeson Garrett Hedlund,2014,7.3,https://image.tmdb.org/t/p/w500/1un8i8UtCjSCnY3OfdxtB5kDRvF.jpg
Mamma Mia!,Comedy Romance,"Set on an idyllic Greek island, the plot serves as a background for a wealth of ABBA hit songs. Donna, an independent, single mother who owns a small hotel on the island is about to let go of Sophie, the spirited young daughter she's raised alone. But Sophie has secretly invited three of her mother's ex-lovers in the hopes of finding her father.",single parent greece musical daughter single mother daughter relationship duringcreditsstinger woman director,Phyllida Lloyd,Meryl Streep Pierce Brosnan Amanda Seyfried,2008,6.4,https://image.tmdb.org/t/p/w500/husdvXT5x3TDrYBx9nTWGAMZKVY.jpg
Robin Hood,Action Adventure,"When soldier Robin happens upon the dying Robert of Loxley, he promises to return the man's sword to his family in Nottingham. There, he assumes Robert's identity; romances his widow, Marion; and draws the ire of the town's sheriff and King John's henchman, Godfrey.",robin hood archer knight sherwood forest bow and arrow middle ages medieval king of england,Ridley Scott,Russell Crowe Cate Blanchett Max von Sydow,2010,6.2,https://image.tmdb.org/t/p/w500/4gH0vhyOcl7QV3t81653CpWjEB6.jpg
The Judge,Drama,"A successful lawyer returns to his hometown for his mother's funeral only to discover that his estranged father, the town's judge, is suspected of murder.",father son relationship judge lawyer,David Dobkin,Robert Duvall Robert Downey Jr. Vera Farmiga,2014,7.2,https://image.tmdb.org/t/p/w500/v6s65U6qisvxWgO3cNnreaaaite.jpg
Coraline,Animation Family,"When Coraline moves to an old house, she feels bored and neglected by her parents. She finds a hidden door with a bricked up passage. During the night, she crosses the passage and finds a parallel world where everybody has buttons instead of eyes, with caring parents and all her dreams coming true. When the Other Mother invites Coraline to stay in her world forever, the girl refuses and finds that the alternate reality where she is trapped is only a trick to lure her.",dream eye stuffed animal parallel world button new home secret door aftercreditsstinger duringcreditsstinger,Henry Selick,Dakota Fanning Teri Hatcher Jennifer Saunders,2009,7.3,https://image.tmdb.org/t/p/w500/ybOmHUVVXcwBQErjw7tmeE97fpO.jpg
Dirty Grandpa,Comedy,"Jason Kelly is one week away from marrying his boss's uber-controlling daughter, putting him on the fast track for a partnership at the law firm. However, when the straight-laced Jason is tricked into driving his foul-mouthed grandfather, Dick, to Daytona for spring break, his pending nuptials are suddenly in jeopardy. Between riotous frat parties, bar fights, and an epic night of karaoke, Dick is on a quest to live his life to the fullest and bring Jason along for the ride.",grandfather grandson relationship grandfather road trip wedding retired pervert army general sex comedy,Dan Mazer,Zac Efron Robert De Niro Julianne Hough,2016,5.7,https://image.tmdb.org/t/p/w500/cZEx6mB5Ftnt7LvlDjTKXcrTvyg.jpg
Superman Returns,Adventure Fantasy Action Science Fiction,"Superman returns to discover his 5-year absence has allowed Lex Luthor to walk free, and that those he was closest too felt abandoned and have moved on. Luthor plots his ultimate revenge that could see millions killed and change the face of the planet forever, as well as ridding himself of the Man of Steel.",saving the world dc comics invulnerability sequel superhero based on comic kryptonite super powers superhuman strength lex luthor,Bryan Singer,Brandon Routh Kevin Spacey Kate Bosworth,2006,5.4,https://image.tmdb.org/t/p/w500/e3aLTaD5ppxo3en0GAGceekEPAe.jpg
The Untouchables,Crime Drama History Thriller,"Young Treasury Agent Elliot Ness arrives in Chicago and is determined to take down Al Capone, but it's not going to be easy because Capone has the police in his pocket. Ness meets Jimmy Malone, a veteran patrolman and probably the most honorable one on the force. He asks Malone to help him get Capone, but Malone warns him that if he goes after Capone, he is going to war.",white suit al capone tough cop treasury agent untouchable tax evasion jury tampering rule of law rooftop chase cutting face while shaving 1930s,Brian De Palma,Kevin Costner Sean Connery Charles Martin Smith,1987,7.6,https://image.tmdb.org/t/p/w500/qx4CDBhJDX5LQoVZ8UXPxQy5pt7.jpg
The Mummy: Tomb of the Dragon Emperor,Adventure Action Fantasy,"Archaeologist Rick O'Connell travels to China, pitting him against an emperor from the 2,000-year-old Han dynasty who's returned from the dead to pursue a quest for world domination. This time, O'Connell enlists the help of his wife and son to quash the so-called 'Dragon Emperor' and his abuse of supernatural power.",,Rob Cohen,Brendan Fraser Jet Li John Hannah,2008,5.2,https://image.tmdb.org/t/p/w500/53hrZvxiV3HgG6pdhuMeErIc7Hg.jpg
Final Destination,Horror,"After a teenager has a terrifying vision of him and his friends dying in a plane crash, he prevents the accident only to have Death hunt them down, one by one.",omen airplane accident corpse death near-death experience,James Wong,Devon Sawa Ali Larter Kerr Smith,2000,6.4,https://image.tmdb.org/t/p/w500/nW6JfCIWqUpIESlras0nrVy4pCl.jpg
If I Stay,Drama,"Based on Gayle Forman's novel of the same name. ""If I Stay"" is the story of the gifted classical musician Mia and her boyfriend, Adam, an up and coming indie-rock star. Torn between two paths in life, her art or her relationship, Mia is forced to make an even starker choice between life and death when she is caught in a fatal car accident with her family one snowy morning in Oregon.",coma musician teenage girl car accident teenager out of body experience teen drama based on young adult novel,R.J. Cutler,Chloë Grace Moretz Jamie Blackley Liana Liberato,2014,7.3,https://image.tmdb.org/t/p/w500/isUQKy3cdfN62DfIp0dhl4hD5oc.jpg
Allied,Action Drama War Romance Thriller,"In 1942, an intelligence officer in North Africa encounters a female French Resistance fighter on a deadly mission behind enemy lines. When they reunite in London, their relationship is tested by the pressures of war.",spy world war ii nazis french love north africa 1940s french woman,Robert Zemeckis,Brad Pitt Marion Cotillard Jared Harris,2016,6.6,https://image.tmdb.org/t/p/w500/nzXzLFTnd0Zb3ExfhOxlQgizgSu.jpg
In Bruges,Comedy Drama Crime,"Ray and Ken, two hit men, are in Bruges, Belgium, waiting for their next mission. While they are there they have time to think and discuss their previous assignment. When the mission is revealed to Ken, it is not what he expected.",bruges belgium town square vietnamese canadian stereotype skinned alive gruuthuse museum bruges,Martin McDonagh,Colin Farrell Brendan Gleeson Ralph Fiennes,2008,7.4,https://image.tmdb.org/t/p/w500/kBABboeLU2HsKWSG7DwiF9saHl5.jpg
The Devil's Advocate,Drama Horror Mystery Thriller,A hotshot lawyer gets more than he bargained for when he learns his new boss is Lucifer himself.,"child abuse southern usa obsession subway nudity bible seduction hallucination ambition devil's son marriage crisis pact with the devil crooked lawyer evil spirit satan religion lust courtroom temptation law firm manhattan, new york city seven deadly sins ethics gainesville florida",Taylor Hackford,Keanu Reeves Al Pacino Charlize Theron,1997,7.2,https://image.tmdb.org/t/p/w500/eSivb4EyOAyEum70mOSHtAWiUe3.jpg
Pinocchio,Animation Family,"Lonely toymaker Geppetto has his wishes answered when the Blue Fairy arrives to bring his wooden puppet Pinocchio to life. Before becoming a real boy, however, Pinocchio must prove he's worthy as he sets off on an adventure with his whistling sidekick and conscience, Jiminy Cricket. From Stromboli's circus to Pleasure Island, Pinocchio is tested by many temptations, but slowly learns how to navigate right from wrong. With a few mishaps along the way, Geppetto's ""little woodenhead"" finally gets it right, proving that when you wish upon a star dreams really can come true!",italy lie magic fairy pinocchio carnival wish boy nose puppet animation pool conscience jackass figaro sneezing toy comes to life,Hamilton Luske,Mel Blanc Don Brodie Walter Catlett,1940,6.9,https://image.tmdb.org/t/p/w500/7HI8FD4glaWdYqCF0kReT1N56Bi.jpg
Meet the Fockers,Comedy Romance,"Hard-to-crack ex-CIA man, Jack Byrnes and his wife, Dina head for the warmer climes of Florida to meet son-in-law-to-be, Greg Focker's parents. Unlike their happily matched offspring, the future in-laws find themselves in a situation of opposites that definitely do not attract.",cia parent child relationship florida anti-authoritarian upbringing jew parents-in-law orderly just married sex therapy bad father-in-law family illegitimate son,Jay Roach,Ben Stiller Teri Polo Robert De Niro,2004,6.1,https://image.tmdb.org/t/p/w500/xHAqB06iL5D6HyOS6QpgyKkRQHD.jpg
This Means War,Action Comedy Romance,Two top CIA operatives wage an epic battle against one another after they discover they are dating the same woman.,love triangle friendship dating sushi bar exploding airplane online dating stable karate class dog shelter,McG,Reese Witherspoon Chris Pine Tom Hardy,2012,5.9,https://image.tmdb.org/t/p/w500/8eqEw3NGdqAfGtHyCTiuoMb4RrM.jpg
Brother Bear,Adventure Animation Family,"When an impulsive boy named Kenai is magically transformed into a bear, he must literally walk in another's footsteps until he learns some valuable life lessons. His courageous and often zany journey introduces him to a forest full of wildlife, including the lovable bear cub Koda, hilarious moose Rutt and Tuke, woolly mammoths and rambunctious rams.",brother brother relationship grizzly bear inuit transformation friendship sibling rivalry unlikely friendship aftercreditsstinger duringcreditsstinger animal lead,Aaron Blaise,Joaquin Phoenix Jeremy Suarez Jason Raize,2003,6.9,https://image.tmdb.org/t/p/w500/otptPbEY0vBostmo95xwiiumMJm.jpg
Moneyball,Drama,"The story of Oakland Athletics general manager Billy Beane's successful attempt to put together a baseball team on a budget, by employing computer-generated analysis to draft his players.",underdog based on novel baseball teamwork sport partner meeting oakland california strategy voice over statistics,Bennett Miller,Brad Pitt Jonah Hill Philip Seymour Hoffman,2011,7.0,https://image.tmdb.org/t/p/w500/3oAa8mJJ97CH9AeGEY6vjAxqcvZ.jpg
Pride & Prejudice,Drama Romance,"Pride & Prejudice is a humorous story of love and life among English gentility during the Georgian era. Mr. Bennet is an English gentleman living in Hertfordshire with his overbearing wife and five daughters. If Mr. Bennet dies their house will be inherited by a distant cousin whom they have never met, so the family's future happiness and security is dependent on the daughters making good marriages.",bachelor beautiful prejudice suitor period drama georgian pride 18th century opposites attract,Joe Wright,Keira Knightley Matthew Macfadyen Rosamund Pike,2005,7.8,https://image.tmdb.org/t/p/w500/lAb9l4kgc6QWnHamBzTnskt71A7.jpg
Romeo + Juliet,Drama Romance,"In director Baz Luhrmann's contemporary take on William Shakespeare's classic tragedy, the Montagues and Capulets have moved their ongoing feud to the sweltering suburb of Verona Beach, where Romeo and Juliet fall in love and secretly wed. Though the film is visually modern, the bard's dialogue remains.",shakespeare forbidden love gun violence star crossed lovers shakespeare in modern dress teenage romance masquerade shakespeare's romeo and juliet gangster grip,Baz Luhrmann,Leonardo DiCaprio Claire Danes John Leguizamo,1996,6.7,https://image.tmdb.org/t/p/w500/6VsRWzhx9i3FNcggVrNwYLMUdxa.jpg
21,Drama Crime,"Ben Campbell is a young, highly intelligent, student at M.I.T. in Boston who strives to succeed. Wanting a scholarship to transfer to Harvard School of Medicine with the desire to become a doctor, Ben learns that he cannot afford the $300,000 for the four to five years of schooling as he comes from a poor, working-class background. But one evening, Ben is introduced by his unorthodox math professor Micky Rosa into a small but secretive club of five. Students Jill, Choi, Kianna, and Fisher, who are being trained by Professor Rosa of the skill of card counting at blackjack.",gambling card game professor harvard university cohabitant college girlfriend studies dormitory friendship blackjack,Robert Luketic,Jim Sturgess Kevin Spacey Kate Bosworth,2008,6.5,https://image.tmdb.org/t/p/w500/4zKAgycQDJD2zIkmPYV3aMR8tEy.jpg
Wedding Crashers,Comedy Romance,"John and his buddy, Jeremy are emotional criminals who know how to use a woman's hopes and dreams for their own carnal gain. Their modus operandi: crashing weddings. Normally, they meet guests who want to toast the romantic day with a random hook-up. But when John meets Claire, he discovers what true love – and heartache – feels like.",sailing wedding fake identity lying,David Dobkin,Owen Wilson Vince Vaughn Christopher Walken,2005,6.4,https://image.tmdb.org/t/p/w500/5vMEXtz1DXgxFsv8pgFFGuOlI8V.jpg
The Other Guys,Action Comedy Crime,"NYPD detectives Christopher Danson (Johnson) and P.K. Highsmith (Jackson) are the baddest and most beloved cops in New York City. They don't get tattoos, other men get tattoos of them. Two desks over and one back, sit detectives Allen Gamble (Ferrell) and Terry Hoitz (Wahlberg). You've seen them in the background of photos of Danson and Highsmith, out of focus and eyes closed. They're not heroes, they're ""the other guys."" But every cop has his or her day and soon Gamble and Hoitz stumble into a seemingly innocuous case no other detective wants to touch that could turn into NYC's biggest crime. It's the opportunity of their lives, but do these guys have the right stuff?",narration ceo fire truck shot in the shoulder zip line buddy comedy carjacking aftercreditsstinger duringcreditsstinger,Adam McKay,Will Ferrell Mark Wahlberg Eva Mendes,2010,6.1,https://image.tmdb.org/t/p/w500/b4mYjC8kKx32BnCNBQeDCA76WBd.jpg
The Visit,Horror Thriller,"The terrifying story of a brother and sister who are sent to their grandparents' remote Pennsylvania farm for a weeklong trip. Once the children discover that the elderly couple is involved in something deeply disturbing, they see their chances of getting back home are growing smaller every day.",rap music pennsylvania brother sister relationship farm grandparents murder children independent film farmhouse single mother violence oven found footage hide and seek diaper,M. Night Shyamalan,Olivia DeJonge Ed Oxenbould Kathryn Hahn,2015,6.0,https://image.tmdb.org/t/p/w500/32tNtTEQ1vIOLm1hEOSFkVwJT5D.jpg
Bridget Jones's Diary,Comedy Romance Drama,"A chaotic Bridget Jones meets a snobbish lawyer, and he soon enters her world of imperfections.",holiday london england england alcohol sex lovesickness telecaster birthday christmas party news broadcast sexual frustration diary cigarette daughter mother daughter relationship lawyer reporter extramarital affair duringcreditsstinger woman director christmas,Sharon Maguire,Renée Zellweger Colin Firth Hugh Grant,2001,6.6,https://image.tmdb.org/t/p/w500/f6z20eozbI7IvvFQfhQzuXoyo7Y.jpg
Marley & Me,Comedy Family,"A newly married couple who, in the process of starting a family, learn many of life's important lessons from their trouble-loving retriever, Marley. Packed with plenty of laughs to lighten the load, the film explores the highs and lows of marriage, maturity and confronting one's own mortality, as seen through the lens of family life with a dog.",journalist based on novel puppy dog duringcreditsstinger columnist animal lead,David Frankel,Owen Wilson Jennifer Aniston Eric Dane,2008,6.9,https://image.tmdb.org/t/p/w500/nbfwgfNGxl3WiqvUCnSYrS8Qwhp.jpg
War Dogs,Comedy Crime Drama,"Based on the true story of two young men, David Packouz and Efraim Diveroli, who won a $300 million contract from the Pentagon to arm America's allies in Afghanistan.",corruption humor iraq weapon smuggling rise and fall drug american exceptionalism,Todd Phillips,Miles Teller Jonah Hill Ana de Armas,2016,6.8,https://image.tmdb.org/t/p/w500/wJXku1YhMKeuzYNEHux7XtaYPsE.jpg
17 Again,Comedy,"On the brink of a midlife crisis, 30-something Mike O'Donnell wishes he could have a ""do-over."" And that's exactly what he gets when he wakes up one morning to find he's 17 years old again. With his adult mind stuck inside the body of a teenager, Mike actually has the chance to reverse some decisions he wishes he'd never made. But maybe they weren't so bad after all.",high school bullying high school sports fake identity adult as a child do over,Burr Steers,Zac Efron Leslie Mann Matthew Perry,2009,6.1,https://image.tmdb.org/t/p/w500/ldOya8hGmN1Hi439K3qIQsfFnM9.jpg
Alien: Resurrection,Science Fiction Horror Action,"Two hundred years after Lt. Ripley died, a group of scientists clone her, hoping to breed the ultimate weapon. But the new Ripley is full of surprises … as are the new aliens. Ripley must team with a band of smugglers to keep the creatures from reaching Earth.",android mercenary dystopia sequel alien betrayal impalement cloning scientist flamethrower disembowelment smuggler gene manipulation man in wheelchair breeding genetic engineering regeneration xenomorph alien queen explosive decompression swimming underwater,Jean-Pierre Jeunet,Sigourney Weaver Winona Ryder Brad Dourif,1997,5.9,https://image.tmdb.org/t/p/w500/ve2P64a9kzd7M78kfeaEzBEIEOR.jpg
Robots,Animation Comedy Family Science Fiction,"Rodney Copperbottom is a young robot inventor who dreams of making the world a better place, until the evil Ratchet takes over Big Weld Industries. Now, Rodney's dreams – and those of his friends – are in danger of becoming obsolete.",inventor business man robot dishonesty,Chris Wedge,Robin Williams Ewan McGregor Halle Berry,2005,6.0,https://image.tmdb.org/t/p/w500/12n6dEayPtv7CqgbeSkznFQSKzh.jpg
Resident Evil: Afterlife,Action Adventure Horror Science Fiction,"In a world ravaged by a virus infection, turning its victims into the Undead, Alice continues on her journey to find survivors and lead them to safety. Her deadly battle with the Umbrella Corporation reaches new heights, but Alice gets some unexpected help from an old friend. A new lead that promises a safe haven from the Undead takes them to Los Angeles, but when they arrive the city is overrun by thousands of Undead - and Alice and her comrades are about to step into a deadly trap.",post-apocalyptic dystopia undead biohazard evil corporation resident evil zombie based on video game duringcreditsstinger 3d,Paul W.S. Anderson,Milla Jovovich Wentworth Miller Ali Larter,2010,5.8,https://image.tmdb.org/t/p/w500/wEgqGu01JtIyxXhYrr4hsgds1uZ.jpg
